gender,age,total_spent,support_tickets,satisfaction_score,churn
Male,52.0,559.524958294943,0,3.0,0
Male,35.0,356.491344361111,5,3.0,0
Female,27.0,689.332195709597,1,5.0,0
Female,36.0,445.429636084867,0,4.0,0
Male,29.0,686.286022488453,2,3.0,0
Male,29.0,423.243550640172,2,3.0,0
Male,39.0,519.510337135069,0,5.0,0
Female,21.0,78.6246471156209,3,4.0,1
Female,35.0,43.2979089331155,0,3.0,1
Male,35.0,247.084464063945,0,4.0,0
Male,38.0,501.092881352023,7,2.0,1
Female,54.0,575.817816232783,2,4.0,0
Male,36.0,173.408947736035,3,5.0,1
Male,41.0,911.236916608061,2,1.0,1
Male,25.0,299.56465349321,0,5.0,0
Male,43.0,617.270867511097,1,4.0,0
Male,36.0,667.764068946264,1,5.0,0
Male,34.0,178.121544501536,5,1.0,1
Female,45.0,666.438163933891,1,3.0,0
Male,22.0,396.458836389844,3,3.0,0
Male,12.0,738.700198807894,2,3.0,0
Male,33.0,452.191385505154,2,2.0,0
Female,40.0,724.844630815973,0,3.0,0
Female,37.0,169.463044129049,4,4.0,0
Male,47.0,65.901326251174,1,3.0,0
Female,39.0,462.122535157333,2,2.0,1
Female,29.0,893.998058731077,1,4.0,0
Male,12.0,316.916649617665,3,2.0,0
Female,33.0,469.230284448055,1,3.0,0
Male,45.0,197.443139312273,5,3.0,0
Male,31.0,706.643291725302,4,4.0,0
Male,35.0,611.838380884917,5,4.0,0
Male,39.0,1041.57339204352,1,4.0,0
Female,25.0,235.388141251733,0,1.0,0
Male,41.0,501.092881352023,4,4.0,0
Male,51.0,868.904352033418,1,4.0,0
Female,33.0,490.76336619637,3,3.0,0
Male,24.0,746.263419770238,1,4.0,0
Male,34.0,121.242500388584,0,4.0,0
Female,13.0,52.3216851883951,3,3.0,0
Male,38.0,501.092881352023,1,4.0,0
Male,40.0,304.287221875689,0,4.0,0
Female,33.0,563.075018017443,2,3.0,0
Male,39.0,1227.65905320681,1,2.0,0
Female,26.0,294.48362108758,3,4.0,0
Female,31.0,870.016597227228,4,4.0,0
Male,33.0,472.200879504077,0,3.0,0
Female,32.0,501.092881352023,3,3.0,0
Male,38.0,1147.63311695534,1,4.0,0
Female,29.0,950.09496213198,2,5.0,0
Female,36.0,867.329728587336,2,5.0,0
Male,32.0,677.675506815746,0,3.0,0
Male,32.0,132.133272588391,2,4.0,0
Male,36.0,748.425461269926,4,4.0,0
Male,35.0,492.730416991764,1,5.0,0
Male,43.0,704.216527601613,5,3.0,0
Male,34.0,501.092881352023,3,5.0,0
Male,32.0,812.823760511297,0,2.0,1
Female,33.0,662.517508455226,3,5.0,0
Male,28.0,501.092881352023,1,3.0,0
Male,31.0,440.160335838599,4,5.0,0
Female,55.0,234.285571467988,2,2.0,1
Male,26.0,462.721401395654,1,3.0,0
Female,32.0,81.1767352598175,1,3.0,1
Male,31.0,159.611056675596,1,5.0,0
Male,33.0,461.820089614982,2,3.0,0
Female,32.0,224.69529001606,2,2.0,0
Male,38.0,72.4922549119171,2,5.0,0
Male,18.0,99.0284755814463,3,4.0,1
Female,45.0,439.513932776422,4,2.0,0
Female,41.0,678.222823489149,1,2.0,0
Female,23.0,455.296889932764,1,4.0,0
Female,12.0,119.193095404267,3,1.0,1
Male,25.0,681.080665721165,1,4.0,0
Male,33.0,501.092881352023,3,2.0,0
Male,61.0,97.4830859924556,1,4.0,1
Female,40.0,112.428006049715,1,4.0,1
Male,28.0,1208.7233510633,4,3.0,0
Male,34.0,445.382747276258,3,3.0,0
Male,38.0,725.004680616102,1,3.0,0
Male,22.0,103.683162050107,1,1.0,0
Female,34.0,777.403871294041,2,3.0,0
Female,28.0,848.264323219788,2,4.0,0
Female,24.0,295.108330119564,2,4.0,0
Female,38.0,20.5445259083155,2,3.0,0
Male,43.0,1019.73280948845,1,4.0,0
Female,43.0,345.117011931536,0,3.0,0
Female,41.0,491.091646857035,5,5.0,1
Female,30.0,450.421459170246,1,4.0,0
Female,42.0,470.203518285841,0,4.0,0
Female,38.0,501.092881352023,1,5.0,0
Female,36.0,515.211400630356,1,4.0,0
Male,29.0,289.904834498528,0,3.0,0
Male,30.0,412.172333738361,1,2.0,0
Male,36.0,664.14855231555,3,1.0,0
Male,59.0,481.917705825598,0,4.0,0
Female,38.0,642.845717172079,4,3.0,0
Male,30.0,501.092881352023,5,4.0,0
Male,57.0,92.0099031776628,2,5.0,0
Male,31.0,312.277456908137,1,5.0,0
Female,44.0,708.390007731194,3,3.0,0
Male,31.0,1008.02228177999,4,3.0,0
Male,38.0,501.092881352023,3,5.0,0
Male,43.0,587.224075985718,1,2.0,0
Male,29.0,222.224727249716,2,3.0,0
Female,52.0,594.803770820088,1,3.0,0
Female,45.0,62.6302426800265,3,4.0,0
Female,43.0,1024.83730742822,2,4.0,0
Male,40.0,680.229820955304,1,3.0,0
Female,55.0,670.430865688229,1,5.0,0
Female,35.0,1132.63700943905,5,4.0,0
Female,41.0,937.595550002146,3,4.0,0
Female,20.0,549.844749839906,3,4.0,0
Male,27.0,588.047822668626,2,5.0,0
Male,23.0,814.838454034318,2,4.0,0
Male,48.0,740.315025057556,1,5.0,0
Male,9.0,554.848825203782,3,4.0,0
Female,31.0,1101.69940469808,2,3.0,0
Female,5.0,64.198596080604,2,3.0,1
Female,30.0,797.010261194554,1,4.0,0
Male,49.0,44.2183075253189,2,4.0,1
Male,39.0,367.64621111068,1,5.0,0
Male,27.0,427.049185252571,2,3.0,0
Male,46.0,283.967406003376,4,3.0,0
Male,35.0,1139.91294329208,0,4.0,0
Male,35.0,449.839285026344,1,5.0,0
Female,23.0,652.764107223535,3,3.0,0
Female,25.0,1038.10877250164,2,5.0,0
Male,27.0,390.074097477187,1,3.0,0
Male,35.0,534.769521884236,1,2.0,0
Male,36.0,66.2627379223721,4,4.0,0
Male,50.0,12.6732822524855,4,3.0,1
Female,39.0,108.080218688553,2,3.0,0
Male,8.0,662.335469727471,4,1.0,1
Male,38.0,501.092881352023,3,4.0,0
Male,20.0,501.092881352023,1,4.0,0
Female,25.0,501.092881352023,2,5.0,0
Female,27.0,15.8029716343863,0,3.0,0
Male,28.0,262.450519366425,1,4.0,0
Male,21.0,8.03809943543337,4,5.0,1
Male,37.0,811.862562387792,2,3.0,0
Male,21.0,252.419750109565,4,3.0,0
Male,39.0,853.724803703431,0,4.0,0
Female,57.0,661.183035063218,1,4.0,0
Male,22.0,729.646764331207,1,5.0,0
Male,32.0,476.226196481065,1,2.0,1
Female,10.0,675.056216379909,3,5.0,0
Female,32.0,250.695424697303,2,5.0,0
Male,95.0,2882.3013979562,1,4.0,0
Male,36.0,575.61846674515,2,3.0,0
Female,44.0,510.004356351256,1,2.0,1
Female,60.0,261.95044025378,0,4.0,0
Female,52.0,502.454638892183,5,3.0,0
Male,30.0,846.306584089627,2,2.0,1
Female,20.0,334.464813734503,5,4.0,1
Male,26.0,882.680456693651,3,4.0,0
Male,40.0,705.914771137687,2,3.0,0
Female,23.0,4.67120446064774,2,1.0,0
Female,34.0,360.162891570522,4,4.0,0
Male,43.0,742.410327243906,1,4.0,0
Female,34.0,949.347584460701,3,3.0,0
Male,26.0,168.973397403167,2,2.0,0
Female,47.0,276.427308146878,2,5.0,0
Male,16.0,321.069850919112,2,2.0,1
Female,32.0,139.877856743386,1,3.0,1
Male,35.0,947.129256446271,3,3.0,0
Male,35.0,262.217312727214,1,5.0,0
Male,37.0,186.604840932525,3,4.0,0
Male,41.0,860.881555519959,6,3.0,1
Male,35.0,464.256541913361,4,4.0,0
Male,31.0,251.706102011978,1,4.0,0
Female,31.0,576.300920821547,3,3.0,0
Male,29.0,582.516553842524,2,4.0,0
Female,29.0,338.883348229308,4,3.0,0
Female,43.0,596.312101840556,1,3.0,0
Female,35.0,487.624463360342,2,4.0,0
Male,30.0,501.092881352023,3,5.0,0
Male,41.0,652.037113926659,1,4.0,0
Female,28.0,501.092881352023,1,4.0,0
Male,41.0,287.162161566693,2,4.0,0
Female,37.0,675.076839563596,4,1.0,1
Male,29.0,897.550942147891,3,4.0,0
Female,40.0,798.174514790275,1,2.0,0
Female,47.0,233.098243649583,1,5.0,0
Female,45.0,424.380620601541,2,2.0,1
Female,40.0,501.092881352023,1,4.0,0
Female,24.0,366.009923928841,3,3.0,0
Male,59.0,1035.2865487629,0,4.0,0
Male,21.0,290.253625776109,2,3.0,0
Female,44.0,331.460308522971,1,5.0,0
Female,39.0,501.092881352023,0,5.0,0
Male,23.0,818.231757897443,3,4.0,0
Male,34.0,493.216045476906,2,3.0,0
Female,34.0,245.318841878846,4,4.0,0
Male,48.0,456.792723218062,2,4.0,0
Male,28.0,460.347966807871,1,3.0,0
Female,32.0,45.3766012623675,2,4.0,0
Female,12.0,534.310772416011,0,3.0,0
Female,52.0,574.825180541849,1,3.0,0
Male,24.0,35.5983235290762,1,5.0,1
Female,38.0,544.164722671792,4,4.0,0
Male,34.0,803.302198389034,4,3.0,0
Male,34.0,501.092881352023,2,1.0,1
Female,43.0,592.863204755398,3,4.0,0
Female,52.0,969.496598556455,1,3.0,0
Female,38.0,1004.16652047399,3,3.0,0
Female,42.0,501.092881352023,3,3.0,0
Female,38.0,952.284501784364,3,3.0,0
Male,45.0,790.987156941533,1,3.0,0
Male,30.0,38.9641779691035,2,1.0,0
Male,46.0,511.03671529964,2,3.0,0
Male,46.0,565.987394308878,1,2.0,1
Male,46.0,684.137066191387,0,5.0,0
Male,28.0,95.5583841153937,7,5.0,0
Female,33.0,571.074823481278,3,5.0,0
Female,37.0,46.7929438884835,3,4.0,0
Female,21.0,701.927398676672,1,5.0,0
Female,51.0,110.447538725767,3,4.0,0
Female,35.0,50.3552189215218,1,4.0,1
Male,29.0,222.89938273522,1,3.0,0
Female,22.0,149.990320365155,1,3.0,0
Male,29.0,619.621488429689,2,5.0,0
Male,37.0,424.752113837949,4,4.0,0
Male,38.0,8.15036984278197,0,2.0,1
Male,32.0,529.134316648541,3,5.0,0
Male,40.0,590.746029310526,6,5.0,1
Male,50.0,559.086486503494,3,4.0,0
Male,42.0,386.383617657787,3,4.0,0
Male,43.0,875.054177835753,0,3.0,0
Male,38.0,330.61848229992,3,5.0,0
Male,25.0,579.742945948021,2,1.0,1
Female,40.0,501.092881352023,1,5.0,0
Male,35.0,609.517107368693,4,4.0,0
Male,39.0,227.449291923337,4,4.0,0
Female,52.0,648.672065943372,1,3.0,0
Male,42.0,425.222320319149,3,2.0,1
Male,48.0,353.077001030274,2,4.0,0
Female,36.0,786.22598826414,0,4.0,0
Male,27.0,383.467701416208,2,4.0,0
Female,34.0,810.847074991886,3,3.0,0
Female,27.0,519.235859922766,1,4.0,0
Male,51.0,1329.51136059283,0,4.0,0
Female,43.0,131.75070097877,1,4.0,1
Male,40.0,789.827622156885,2,5.0,0
Female,15.0,221.592263869988,1,3.0,0
Female,22.0,859.73148902106,4,4.0,0
Female,35.0,52.1390935972789,0,4.0,0
Female,32.0,702.30476885722,0,5.0,0
Male,42.0,817.848934194489,3,4.0,0
Male,37.0,729.443531567981,3,4.0,0
Female,48.0,501.092881352023,5,4.0,1
Female,29.0,284.659863207156,1,5.0,0
Female,42.0,171.532999544806,1,2.0,0
Male,37.0,800.295980702909,5,3.0,0
Female,19.0,708.783737630829,1,4.0,0
Female,26.0,284.657181857312,0,2.0,1
Female,34.0,212.885308441118,1,3.0,0
Female,46.0,876.834728973774,2,3.0,0
Female,40.0,591.113440432187,3,3.0,0
Female,23.0,956.674864630752,3,4.0,0
Female,34.0,330.966327885575,6,3.0,0
Male,55.0,363.294590549551,1,5.0,0
Male,36.0,445.823438166645,4,1.0,0
Male,32.0,727.871397400014,3,4.0,0
Female,40.0,793.888527673743,1,3.0,0
Male,43.0,666.160478568013,3,4.0,0
Female,30.0,548.899330179185,3,4.0,0
Female,40.0,501.092881352023,1,5.0,0
Male,32.0,525.941035836218,2,3.0,0
Female,42.0,416.96966863154,4,3.0,0
Male,37.0,1128.24966763252,0,3.0,0
Male,40.0,501.092881352023,1,5.0,0
Female,27.0,696.739933999486,1,4.0,0
Male,27.0,450.884293720437,5,3.0,1
Female,34.0,503.135859163199,5,5.0,0
Female,38.0,162.746536586421,2,5.0,0
Male,32.0,671.112851355904,3,4.0,0
Female,44.0,616.772056003599,4,3.0,0
Male,34.0,689.707076791653,1,4.0,0
Female,43.0,150.262882360772,3,4.0,0
Female,47.0,625.962437609683,2,2.0,0
Female,30.0,764.536369485953,0,4.0,0
Female,55.0,625.745432286385,2,4.0,0
Male,38.0,463.26760096154,2,2.0,1
Female,25.0,210.970654339431,5,3.0,0
Male,39.0,94.3588788973369,1,4.0,0
Female,31.0,90.896561719498,3,4.0,1
Male,39.0,501.092881352023,3,4.0,0
Male,35.0,244.143905745538,3,4.0,0
Male,36.0,762.141981933321,1,3.0,0
Male,26.0,606.737508843722,3,5.0,0
Male,45.0,191.586037707728,1,2.0,0
Female,23.0,314.762751227264,1,4.0,0
Female,24.0,163.655877452233,1,5.0,1
Male,39.0,581.705294937508,1,5.0,0
Male,51.0,404.704191061717,4,4.0,0
Male,31.0,472.031247951318,5,4.0,1
Female,46.0,1221.16954765291,2,4.0,0
Female,43.0,129.987627768512,1,3.0,0
Female,32.0,542.06767608214,4,3.0,0
Male,24.0,249.830478438925,6,5.0,1
Male,13.0,765.948139653316,5,5.0,0
Female,32.0,745.962977548934,3,5.0,0
Female,24.0,245.149298829015,2,4.0,0
Male,25.0,501.092881352023,1,3.0,0
Male,36.0,472.722608086457,1,2.0,0
Female,42.0,432.278792585238,2,1.0,0
Male,28.0,32.9842972525393,1,4.0,0
Male,42.0,463.760324501609,3,5.0,0
Female,37.0,145.176359968113,2,5.0,1
Female,36.0,99.9040345906141,2,3.0,1
Female,51.0,318.97355654778,2,3.0,0
Male,42.0,49.1834770203631,1,5.0,0
Female,28.0,191.839045106402,3,3.0,1
Male,34.0,685.361312183622,1,5.0,0
Male,36.0,278.94291337809,3,5.0,0
Male,60.0,468.413956648764,0,2.0,0
Female,39.0,112.55582055485,1,5.0,0
Female,15.0,501.05951475698,1,3.0,0
Male,30.0,650.095064188662,2,3.0,0
Female,32.0,50.922215327143,3,5.0,0
Female,15.0,1029.32806480837,1,2.0,0
Female,26.0,665.114755406385,3,4.0,0
Female,20.0,501.092881352023,0,3.0,0
Male,39.0,886.28073113565,3,5.0,0
Male,35.0,341.306125882486,0,2.0,1
Female,38.0,70.5879300691646,0,4.0,1
Male,34.0,42.5376178541177,3,4.0,1
Female,21.0,949.839630327959,2,5.0,0
Male,40.0,353.996148436995,2,3.0,0
Female,54.0,676.553563105915,1,5.0,0
Male,39.0,375.554096126418,2,3.0,0
Female,31.0,927.440922281576,4,4.0,0
Female,21.0,490.169556808398,0,4.0,0
Female,26.0,95.3953412750509,1,5.0,1
Male,40.0,131.146558047809,0,3.0,0
Male,46.0,366.707213375631,2,4.0,0
Male,38.0,188.618057143922,2,5.0,0
Male,43.0,87.4188562710603,2,5.0,0
Male,42.0,578.095718429713,2,4.0,0
Male,40.0,200.439761477788,3,5.0,0
Male,28.0,186.191012603806,1,4.0,1
Male,37.0,835.505222932012,3,4.0,0
Male,27.0,602.310486799876,1,3.0,0
Female,35.0,501.092881352023,0,3.0,0
Male,38.0,501.092881352023,1,3.0,0
Male,52.0,570.020618159977,1,4.0,0
Female,22.0,366.202065337158,2,5.0,0
Male,40.0,349.446675684181,2,2.0,1
Female,50.0,1050.53516827749,2,3.0,0
Male,43.0,437.429689281616,1,4.0,0
Male,43.0,884.097795689341,1,4.0,0
Female,41.0,501.092881352023,0,5.0,0
Female,24.0,311.817042797024,2,3.0,0
Female,21.0,501.092881352023,3,4.0,0
Female,35.0,576.880944647374,2,4.0,0
Male,13.0,501.092881352023,2,4.0,0
Female,47.0,501.092881352023,2,4.0,0
Female,31.0,70.4503029417959,1,1.0,1
Male,31.0,501.092881352023,4,4.0,0
Male,34.0,99.5105027744673,1,4.0,0
Male,36.0,922.971621230354,1,3.0,0
Female,36.0,291.431309921257,5,4.0,1
Male,41.0,463.844676669199,0,5.0,0
Male,33.0,385.891763636392,1,5.0,0
Female,44.0,46.6893839212177,2,5.0,1
Male,39.0,621.821375322013,0,4.0,0
Female,48.0,102.954531028709,1,4.0,0
Male,21.0,792.950161746261,0,5.0,0
Male,34.0,764.150380142823,3,4.0,0
Female,45.0,365.73806779626,0,4.0,0
Female,28.0,259.998317846222,0,5.0,0
Male,38.0,504.668321194333,1,4.0,0
Female,40.0,501.092881352023,1,5.0,0
Male,26.0,745.783718337322,2,5.0,0
Male,34.0,501.092881352023,0,2.0,1
Male,33.0,179.500220937035,1,3.0,0
Male,29.0,837.769520650767,3,5.0,0
Male,58.0,811.932714962122,2,2.0,1
Male,27.0,479.179371240256,3,3.0,0
Male,45.0,191.278663816201,2,4.0,0
Female,31.0,98.8966343649881,2,2.0,1
Female,24.0,458.243385640228,6,5.0,1
Male,36.0,199.789090523289,3,5.0,1
Male,44.0,501.092881352023,4,2.0,1
Female,51.0,709.880119892913,1,5.0,0
Female,38.0,889.770417854153,3,4.0,0
Female,28.0,473.769012913186,2,3.0,0
Male,40.0,501.092881352023,1,4.0,0
Male,44.0,428.7688811116,0,3.0,0
Female,22.0,490.924031292593,0,2.0,0
Male,59.0,401.03710224289,4,5.0,0
Female,44.0,662.974538063518,2,4.0,0
Male,18.0,607.657186011154,3,3.0,0
Male,28.0,491.555920541312,3,3.0,0
Male,43.0,487.34466036769,1,5.0,0
Female,47.0,507.940583140437,3,1.0,1
Female,22.0,859.632092858108,2,4.0,0
Male,42.0,735.78973187459,4,2.0,0
Male,16.0,885.242893069661,3,5.0,0
Female,34.0,406.732776474728,2,4.0,0
Male,46.0,279.866616050491,2,3.0,0
Female,29.0,183.045650161696,2,4.0,1
Male,36.0,532.935315109619,2,4.0,0
Male,29.0,557.841035715912,1,3.0,0
Male,41.0,391.280979350373,2,5.0,0
Male,26.0,428.317285576098,3,5.0,0
Male,27.0,370.515839474356,1,5.0,0
Female,15.0,1009.98499622794,3,2.0,1
Male,37.0,572.648401494034,2,5.0,0
Male,33.0,156.231419240853,6,4.0,0
Female,23.0,15.6362070854552,2,3.0,0
Male,37.0,292.989606764852,3,2.0,1
Male,45.0,580.793679479789,1,4.0,0
Female,33.0,342.425970080055,2,1.0,0
Female,38.0,271.167904359304,1,5.0,0
Male,38.0,444.188732716616,3,1.0,0
Male,23.0,694.698221237498,2,2.0,0
Male,56.0,804.6162656244,3,4.0,0
Female,30.0,490.394914346042,0,4.0,0
Male,42.0,820.869803077759,3,4.0,0
Female,43.0,310.645469047918,3,5.0,0
Male,34.0,562.837745499405,1,5.0,0
Male,41.0,384.185519737462,1,2.0,1
Male,37.0,501.092881352023,2,4.0,0
Female,21.0,315.059376278506,7,4.0,0
Female,32.0,548.580059649066,2,5.0,0
Female,29.0,814.991330699747,4,2.0,1
Male,30.0,239.006556483038,3,4.0,0
Male,22.0,550.01392935642,0,3.0,0
Male,46.0,501.092881352023,0,4.0,0
Female,51.0,347.63249864389,3,5.0,0
Male,45.0,1002.32533939725,1,5.0,0
Male,48.0,501.092881352023,3,2.0,0
Male,32.0,685.438231357617,2,1.0,1
Male,29.0,356.477861133927,3,5.0,0
Male,27.0,394.630076936076,7,1.0,0
Female,41.0,34.2080697207044,0,4.0,1
Female,37.0,440.866159082944,1,2.0,0
Male,34.0,812.60217839659,0,1.0,1
Male,48.0,519.375957091659,1,4.0,0
Female,39.0,351.136142479546,1,4.0,0
Male,27.0,762.983532251318,1,3.0,0
Female,28.0,148.820675172068,2,5.0,1
Female,42.0,798.413263270483,1,3.0,0
Female,45.0,182.68584993939,2,3.0,1
Female,41.0,220.162184525216,2,4.0,0
Female,54.0,519.693648925208,1,2.0,1
Female,51.0,717.131745537287,2,4.0,0
Male,39.0,326.608406692339,1,2.0,1
Male,27.0,804.232538201893,3,5.0,0
Male,22.0,1296.8505883889,6,3.0,0
Male,31.0,581.855652387764,2,5.0,0
Female,43.0,280.064459207411,0,3.0,0
Female,53.0,844.714730576029,2,4.0,0
Female,39.0,690.470400325615,1,2.0,1
Male,47.0,881.338590610137,4,3.0,0
Male,33.0,395.775766863336,2,3.0,0
Female,41.0,1104.0033155558,0,5.0,0
Male,43.0,526.701592904112,3,5.0,0
Female,15.0,389.423377161712,5,4.0,1
Male,31.0,435.391634708494,1,3.0,0
Male,44.0,173.939030975504,3,4.0,1
Male,38.0,567.046667147436,3,5.0,0
Female,23.0,524.950278325551,3,4.0,0
Female,11.0,329.648634162026,1,4.0,0
Male,31.0,376.021514905757,2,4.0,0
Female,34.0,1097.61147739713,2,4.0,0
Female,26.0,505.371888316879,2,5.0,0
Male,36.0,3.89606554773889,3,4.0,1
Male,40.0,26.7083552694523,2,4.0,1
Female,42.0,764.419667418467,2,5.0,0
Female,22.0,464.812678440084,5,4.0,1
Female,32.0,395.07777850537,4,4.0,0
Male,41.0,733.091018588613,1,3.0,0
Male,40.0,324.15237290678,5,5.0,1
Female,40.0,301.461244681565,1,2.0,0
Male,31.0,219.673266479088,3,3.0,0
Male,32.0,803.362342206684,2,4.0,0
Male,28.0,785.622767020623,1,3.0,0
Female,43.0,821.783729732853,1,2.0,0
Male,26.0,1026.0622225651,0,5.0,0
Male,44.0,914.966420096594,0,4.0,0
Female,37.0,501.092881352023,1,1.0,1
Male,35.0,501.092881352023,1,4.0,0
Male,28.0,33.6547709854086,2,4.0,0
Female,21.0,383.199867711507,4,5.0,0
Female,29.0,501.092881352023,2,4.0,0
Male,11.0,777.778034449201,3,4.0,0
Male,33.0,463.000139917622,3,3.0,0
Male,44.0,168.768254991272,2,4.0,0
Female,41.0,461.992911595824,1,5.0,0
Female,30.0,373.308056538406,2,4.0,0
Male,35.0,527.960754336592,2,5.0,0
Male,29.0,411.982045885321,2,2.0,1
Female,36.0,549.505581230839,0,4.0,0
Female,50.0,682.672401893537,1,4.0,0
Male,45.0,713.35604170789,1,3.0,0
Female,40.0,462.135736093091,3,5.0,0
Male,30.0,324.444651435647,3,4.0,0
Female,42.0,900.049777952261,1,5.0,0
Male,18.0,223.850658953183,4,4.0,0
Male,32.0,731.83210580428,0,4.0,0
Female,41.0,115.972295879211,1,4.0,0
Male,42.0,108.824819294792,3,4.0,0
Female,38.0,430.684185796942,1,3.0,0
Male,33.0,624.382400951615,0,4.0,0
Male,40.0,528.593655571947,0,5.0,0
Female,25.0,529.891454730252,5,1.0,0
Female,27.0,706.403373059849,3,3.0,0
Female,36.0,1084.77502292651,0,1.0,1
Female,37.0,1201.5606628022,1,3.0,0
Female,17.0,212.960928649139,2,2.0,1
Female,40.0,384.660498326222,2,4.0,0
Female,43.0,90.3206179660897,2,3.0,1
Female,34.0,818.308175154814,1,4.0,0
Male,28.0,824.51535630457,2,2.0,1
Male,31.0,562.191701420197,0,3.0,0
Female,31.0,695.60612244304,3,1.0,0
Male,21.0,133.390564514447,2,4.0,0
Male,30.0,240.485206895764,1,5.0,0
Male,47.0,615.098373478683,7,3.0,1
Female,57.0,733.520722350935,2,4.0,0
Male,48.0,462.563131930863,1,3.0,0
Male,28.0,1019.30266912817,2,5.0,0
Male,33.0,685.251757303566,0,4.0,0
Female,53.0,530.758793574872,2,3.0,0
Female,33.0,435.340688853003,5,4.0,0
Male,22.0,473.256565083951,3,4.0,0
Female,30.0,504.263812504648,2,5.0,0
Female,43.0,741.644355712727,1,5.0,0
Male,42.0,599.375785240385,2,5.0,0
Male,33.0,501.092881352023,2,3.0,0
Male,42.0,746.280287155031,1,4.0,0
Female,12.0,264.083438007978,1,5.0,0
Male,36.0,177.877121128327,1,5.0,1
Female,44.0,511.407748490869,0,2.0,0
Male,27.0,1062.67516492129,2,4.0,0
Female,27.0,960.355937374709,2,4.0,0
Male,16.0,851.993243010464,6,5.0,0
Female,51.0,60.0408510120601,3,5.0,1
Male,28.0,726.392079851274,4,3.0,0
Male,37.0,392.929691568718,1,4.0,0
Male,41.0,337.942007856215,3,3.0,0
Male,50.0,175.601578914003,1,1.0,0
Male,33.0,189.294841811863,2,4.0,1
Female,37.0,488.906336978698,5,4.0,0
Male,48.0,511.43977489666,1,4.0,0
Male,33.0,447.224308211108,2,3.0,0
Female,25.0,467.044556165202,5,5.0,0
Female,20.0,508.313289045174,0,4.0,0
Female,23.0,520.833185779016,4,5.0,0
Male,44.0,1082.14107803518,1,5.0,0
Male,32.0,501.092881352023,3,4.0,0
Male,29.0,577.6797733236,1,5.0,0
Male,28.0,236.090047151935,1,4.0,0
Male,36.0,713.02458851651,0,4.0,0
Male,33.0,139.406468952305,1,4.0,1
Male,32.0,603.797037094353,5,2.0,0
Male,48.0,899.054490060731,1,4.0,0
Female,50.0,762.872298855565,4,3.0,0
Male,19.0,360.648894874514,1,4.0,0
Male,38.0,328.829125125852,2,4.0,0
Female,27.0,915.224280574997,3,4.0,0
Female,33.0,459.257789942363,2,3.0,0
Male,38.0,638.783192002502,1,4.0,0
Female,33.0,706.920798171292,0,3.0,0
Female,38.0,630.002678856302,3,3.0,0
Male,29.0,402.627383154648,1,3.0,0
Male,29.0,640.962021901233,5,2.0,0
Male,21.0,564.728314685943,1,5.0,0
Female,26.0,561.873722628377,2,4.0,0
Female,55.0,930.583117162433,3,4.0,0
Male,27.0,306.478200102935,2,4.0,0
Male,38.0,335.020406893588,3,4.0,0
Female,34.0,546.727297226235,4,5.0,0
Male,49.0,512.276094769161,3,4.0,0
Female,40.0,471.665810841753,1,5.0,0
Female,30.0,34.4725172494493,3,4.0,1
Male,31.0,434.089391665938,1,1.0,1
Male,30.0,365.13366263207,1,4.0,0
Female,44.0,83.8003767456643,1,5.0,1
Female,32.0,371.768298981149,0,2.0,0
Female,17.0,569.710169491244,0,5.0,0
Female,35.0,677.669952891573,3,4.0,0
Male,20.0,988.981506154607,2,3.0,0
Female,25.0,1255.66111183758,2,3.0,0
Male,33.0,363.285970260096,2,4.0,0
Male,38.0,358.384282982759,4,2.0,0
Male,32.0,1052.63219091107,1,3.0,0
Male,39.0,439.043242180795,1,3.0,0
Male,50.0,493.191106389408,2,4.0,0
Male,43.0,541.40899364833,1,4.0,0
Male,50.0,256.750348844679,0,4.0,0
Female,25.0,563.212826269504,1,5.0,0
Female,38.0,934.808512066334,0,1.0,0
Female,37.0,501.092881352023,2,1.0,0
Female,39.0,662.735351333263,3,5.0,0
Female,49.0,609.199620484345,2,4.0,0
Male,33.0,25.5395608749001,2,3.0,0
Female,31.0,164.424984718146,0,4.0,0
Female,40.0,933.158432886345,2,4.0,0
Female,17.0,475.921934659942,5,4.0,0
Male,33.0,714.186701424604,2,4.0,0
Male,34.0,533.823433391812,2,5.0,0
Male,26.0,105.175541527607,4,5.0,1
Male,95.0,8182.49068377515,2,4.0,0
Female,24.0,540.045413193648,1,4.0,0
Female,34.0,715.769565683623,0,2.0,0
Male,38.0,1071.14865041078,2,4.0,0
Male,49.0,967.062300095627,5,5.0,1
Male,44.0,472.918995682831,3,5.0,0
Male,42.0,438.973329977195,4,2.0,1
Male,36.0,324.210023646149,1,1.0,1
Male,24.0,1005.64335548168,2,5.0,0
Male,21.0,1239.1446045374,1,3.0,0
Male,36.0,880.42107524602,4,4.0,0
Male,30.0,569.64716061551,3,4.0,0
Male,44.0,140.171409919998,1,4.0,1
Female,42.0,382.06676781043,0,4.0,0
Male,33.0,977.483981855534,2,5.0,0
Female,95.0,4433.80484097895,2,4.0,0
Male,40.0,202.7332733319,4,3.0,0
Male,27.0,204.23433390588,4,4.0,0
Male,25.0,408.945360538251,1,1.0,0
Male,34.0,499.652737894035,0,2.0,1
Female,47.0,578.133876324163,2,4.0,0
Female,35.0,556.847705529048,2,2.0,0
Male,20.0,527.460947657271,6,2.0,0
Female,41.0,539.202678735144,1,4.0,0
Male,27.0,462.785889051701,2,3.0,0
Female,36.0,350.585857188391,0,4.0,0
Female,31.0,1297.83463755722,0,3.0,0
Male,43.0,414.193838120468,0,3.0,0
Female,33.0,508.653889836863,1,4.0,0
Male,34.0,494.798562633238,2,4.0,0
Male,40.0,1029.89407285506,4,4.0,0
Male,56.0,542.826014455494,1,5.0,0
Female,44.0,914.808620809511,0,5.0,0
Male,34.0,475.382012144723,2,1.0,1
Male,35.0,209.89611347268,5,3.0,1
Female,30.0,812.276614246293,2,4.0,0
Male,26.0,246.527720727489,1,1.0,0
Female,29.0,955.287036458914,0,3.0,0
Male,27.0,379.966879006611,2,3.0,0
Female,42.0,491.875410762406,2,4.0,0
Female,24.0,481.599886160308,1,5.0,0
Male,48.0,276.721211979714,2,5.0,0
Male,43.0,1107.07776803153,3,4.0,0
Male,35.0,449.367253804961,1,5.0,0
Male,35.0,43.3775651835884,1,3.0,1
Male,29.0,721.119929519211,1,3.0,0
Male,38.0,25.9175469097297,2,4.0,0
Female,46.0,427.068689106831,5,2.0,0
Male,28.0,219.083992701928,1,4.0,0
Female,20.0,507.815223697691,5,4.0,1
Female,42.0,1018.0418954639,3,4.0,0
Male,28.0,103.074982506618,1,3.0,0
Male,28.0,771.418636189732,0,4.0,0
Female,32.0,319.788795584996,0,3.0,0
Male,32.0,736.691669344107,1,4.0,0
Male,28.0,108.575307133406,3,4.0,0
Female,27.0,692.499444763494,1,1.0,1
Male,33.0,501.092881352023,3,5.0,0
Male,37.0,806.405673157453,1,3.0,0
Male,32.0,702.96960667752,1,3.0,0
Female,47.0,55.1724584101746,2,3.0,1
Female,40.0,350.012658921271,3,4.0,0
Female,19.0,408.564327509748,1,4.0,0
Male,40.0,397.703876149149,2,3.0,0
Female,41.0,154.282945605362,1,4.0,1
Male,31.0,1241.52400697036,2,4.0,0
Male,20.0,201.742455478258,2,4.0,0
Male,35.0,143.860558808403,1,2.0,0
Female,35.0,309.186448912434,6,4.0,1
Female,24.0,878.112028418235,0,4.0,0
Female,20.0,446.322414823547,3,4.0,0
Male,34.0,948.429750711158,0,4.0,0
Female,33.0,331.486420836369,1,4.0,0
Male,31.0,497.808783725963,5,5.0,1
Female,34.0,641.970252414921,1,4.0,0
Female,40.0,864.862260023431,3,2.0,0
Male,32.0,14.9533632416946,7,2.0,0
Female,18.0,272.928904451172,1,3.0,0
Female,30.0,728.680526623323,2,5.0,0
Male,24.0,764.143393185854,3,4.0,0
Female,38.0,557.980418327133,2,3.0,0
Male,38.0,413.208061862572,2,5.0,0
Female,18.0,1194.16452940845,0,3.0,0
Male,43.0,661.802082127761,4,4.0,0
Female,24.0,968.35132681174,3,5.0,0
Male,51.0,626.576051110788,0,4.0,0
Male,35.0,370.164627471373,2,3.0,0
Female,23.0,949.395008273835,6,3.0,1
Male,24.0,119.518997064067,4,4.0,1
Male,38.0,345.371327393074,3,3.0,0
Female,31.0,639.164444912687,2,3.0,0
Female,34.0,746.065996952056,1,2.0,0
Female,51.0,159.786330214083,1,3.0,0
Female,36.0,310.424222802927,0,4.0,0
Male,49.0,498.051169391847,2,5.0,0
Male,38.0,59.3411871806497,0,4.0,0
Male,19.0,254.588450692877,1,3.0,0
Female,40.0,69.7379695040769,2,3.0,0
Male,23.0,226.347889655409,2,5.0,0
Female,49.0,499.230549125186,3,3.0,0
Female,27.0,393.464779224382,3,5.0,0
Female,65.0,1060.00406436209,3,4.0,0
Male,50.0,532.549155384853,1,4.0,0
Female,27.0,601.793234677995,1,3.0,0
Male,35.0,639.491087930515,2,4.0,0
Female,43.0,352.714818675284,1,3.0,0
Male,43.0,844.284585337302,1,5.0,0
Male,39.0,387.181321449016,3,4.0,0
Female,48.0,1331.66644587747,2,3.0,0
Male,34.0,338.199950382301,1,4.0,0
Male,31.0,701.651885933263,4,4.0,0
Female,32.0,530.189424797259,4,3.0,0
Female,44.0,215.369274440086,2,4.0,0
Female,39.0,23.2986689334039,1,3.0,0
Female,38.0,558.773823845788,2,5.0,0
Female,43.0,971.15980953154,2,3.0,0
Male,14.0,759.056290626395,0,3.0,0
Male,38.0,866.267734450903,1,5.0,0
Male,37.0,462.184761973767,0,2.0,0
Male,52.0,491.620828379629,5,3.0,1
Female,20.0,682.198124208569,1,3.0,0
Male,51.0,717.351864127247,2,4.0,0
Female,36.0,232.4834375106,0,4.0,0
Male,52.0,235.998330737437,2,4.0,0
Female,41.0,3.59392627786576,1,2.0,0
Female,39.0,488.011511158431,3,4.0,0
Female,37.0,566.984120391693,3,5.0,0
Male,30.0,390.393613322829,3,4.0,0
Female,35.0,880.504686231343,1,4.0,0
Male,28.0,431.117279219003,3,2.0,0
Female,35.0,23.2200722013462,2,1.0,1
Female,12.0,448.084486814716,0,3.0,0
Male,39.0,62.7375966140465,2,4.0,1
Female,34.0,352.673971034104,5,3.0,1
Male,32.0,600.176770703981,3,1.0,1
Female,37.0,610.008522663035,2,2.0,1
Female,21.0,386.446348027193,1,2.0,1
Male,54.0,446.890350093262,2,2.0,0
Female,34.0,270.090417739455,2,3.0,0
Male,34.0,450.296596823968,2,3.0,0
Male,25.0,666.540090830051,4,3.0,0
Female,35.0,639.909160916656,0,5.0,0
Male,49.0,320.163320436989,6,4.0,1
Male,45.0,482.693617471862,1,4.0,0
Male,40.0,731.846835523923,1,4.0,0
Male,31.0,438.705780127169,1,3.0,0
Female,20.0,470.115326240093,3,3.0,0
Female,33.0,608.827439452282,2,3.0,0
Female,33.0,578.876732400824,2,3.0,0
Male,45.0,723.174526144626,3,4.0,0
Male,38.0,818.932352728659,3,2.0,0
Female,47.0,959.030696225723,2,4.0,0
Male,30.0,581.163209842582,2,3.0,0
Male,17.0,159.820246398511,1,5.0,0
Male,49.0,598.624178546945,1,2.0,0
Female,49.0,604.355365480715,1,2.0,0
Male,21.0,519.082810632624,5,4.0,1
Male,50.0,501.092881352023,2,4.0,0
Male,39.0,210.922779722848,1,5.0,0
Female,37.0,391.619545807623,2,3.0,0
Female,51.0,286.529307745548,3,5.0,0
Male,48.0,774.137597507133,1,5.0,0
Male,40.0,564.335472152943,0,2.0,1
Male,41.0,437.070095597147,5,3.0,1
Female,31.0,362.250842902884,2,2.0,0
Male,34.0,900.343206065888,0,1.0,0
Male,26.0,1205.33151679926,1,5.0,0
Male,32.0,501.092881352023,0,2.0,0
Female,31.0,212.097062151256,0,4.0,0
Female,29.0,501.092881352023,3,4.0,0
Male,36.0,84.2889731949648,2,3.0,0
Female,32.0,680.488808547193,1,3.0,0
Male,40.0,1094.01322203603,3,1.0,1
Male,19.0,553.684693932218,5,4.0,1
Male,34.0,785.824284361373,2,4.0,0
Male,36.0,1106.35717117302,5,3.0,1
Male,32.0,630.171398311525,1,3.0,0
Male,33.0,494.582905395266,2,3.0,0
Female,39.0,340.413686030631,4,3.0,0
Male,41.0,267.234864908708,2,4.0,0
Female,40.0,292.849226968551,5,4.0,0
Male,45.0,382.641235898213,1,5.0,0
Female,37.0,532.774144238736,4,3.0,0
Male,40.0,310.491604276057,1,2.0,0
Male,37.0,501.092881352023,0,4.0,0
Male,42.0,218.374043042876,1,4.0,0
Female,19.0,801.822839892173,0,4.0,0
Female,26.0,252.512345476151,3,5.0,0
Male,51.0,523.153909380872,1,3.0,0
Female,34.0,1004.80077757925,2,2.0,0
Male,34.0,573.3926383592,2,4.0,0
Male,31.0,729.342464445645,1,3.0,0
Female,36.0,1129.90015717077,5,4.0,0
Male,35.0,75.9094203978651,3,3.0,0
Female,28.0,262.542488268303,2,5.0,0
Male,46.0,335.825105731684,1,4.0,0
Male,49.0,253.104989845323,3,2.0,0
Male,34.0,218.920716873957,2,4.0,0
Female,21.0,779.883472859854,0,4.0,0
Male,30.0,749.681129095659,5,4.0,0
Male,33.0,778.993649384243,1,3.0,0
Male,40.0,143.516625146154,1,3.0,0
Female,27.0,501.092881352023,2,5.0,0
Male,40.0,256.252178967959,1,3.0,0
Male,44.0,373.159906425575,3,1.0,1
Male,29.0,260.391181553685,2,2.0,0
Female,22.0,262.634623577501,4,1.0,1
Male,68.0,64.5278374319923,3,2.0,0
Male,43.0,40.2603626809122,0,3.0,0
Female,32.0,524.732537080991,2,2.0,1
Male,44.0,501.092881352023,3,4.0,0
Female,34.0,1021.01138735115,2,3.0,0
Male,37.0,838.649849302864,1,3.0,0
Male,36.0,1083.69929111829,1,3.0,0
Female,34.0,681.258221916601,3,4.0,0
Female,21.0,144.707919043208,3,5.0,1
Female,54.0,368.447328032278,5,5.0,1
Male,26.0,718.393625956382,1,3.0,0
Female,21.0,711.135519221065,1,4.0,0
Male,33.0,452.038229045437,2,5.0,0
Male,25.0,817.216368072011,0,3.0,0
Female,34.0,51.5256771605293,1,4.0,0
Male,42.0,481.028026933363,3,3.0,0
Male,45.0,501.092881352023,3,3.0,0
Male,43.0,577.153511915849,2,4.0,0
Male,32.0,271.495141399048,0,3.0,0
Male,35.0,406.349005373674,4,4.0,0
Female,39.0,815.345897120125,2,2.0,0
Male,17.0,465.049946497509,2,4.0,0
Female,41.0,501.092881352023,0,4.0,0
Female,20.0,161.833599724324,1,5.0,0
Male,55.0,501.092881352023,2,4.0,0
Male,31.0,1167.18587953773,2,3.0,0
Male,33.0,554.260400313305,2,3.0,0
Female,27.0,290.051854933415,3,3.0,0
Male,29.0,312.936239583808,2,4.0,0
Female,58.0,334.931238886868,1,4.0,0
Male,44.0,758.526729105256,0,3.0,0
Female,20.0,204.815307705805,2,2.0,0
Male,50.0,341.58577412237,3,3.0,0
Male,47.0,611.619096289397,0,5.0,0
Male,32.0,799.755473961968,2,2.0,1
Female,38.0,577.513960173747,1,5.0,0
Male,35.0,449.397596189194,4,1.0,0
Female,55.0,118.821423248772,2,4.0,0
Female,27.0,102.539437499833,3,4.0,1
Female,36.0,841.051657477727,1,5.0,0
Female,31.0,328.276436097735,2,4.0,0
Male,21.0,983.872500634439,3,4.0,0
Male,57.0,458.99313041135,1,4.0,0
Male,23.0,798.93420578474,3,4.0,0
Female,37.0,13.4132873469081,1,4.0,0
Female,18.0,329.708035192323,5,3.0,1
Male,31.0,241.30405774631,0,4.0,0
Male,39.0,914.667281802989,4,4.0,0
Female,27.0,779.247633225959,0,4.0,0
Male,41.0,125.964806259784,3,4.0,0
Female,32.0,571.781861241534,1,5.0,0
Male,47.0,148.778024010246,4,5.0,1
Male,49.0,596.173467065449,0,2.0,0
Male,29.0,1148.37182464816,3,5.0,0
Male,36.0,1037.16355621208,3,3.0,0
Male,37.0,162.389912626461,3,3.0,0
Female,41.0,198.874004659567,1,4.0,0
Male,35.0,377.672482187448,4,2.0,1
Female,37.0,1363.13248879294,3,2.0,0
Female,33.0,524.420624035303,1,4.0,0
Female,36.0,233.54795970249,1,3.0,0
Male,48.0,501.092881352023,0,4.0,0
Male,41.0,738.233110844796,1,5.0,0
Male,42.0,711.64535112809,3,5.0,0
Male,42.0,151.866621102854,2,5.0,1
Female,33.0,458.031781252369,1,4.0,0
Female,24.0,356.380233313396,1,3.0,0
Female,48.0,21.4026886081264,2,5.0,0
Male,7.0,309.357779239084,4,4.0,0
Male,34.0,600.32882120441,1,4.0,0
Male,46.0,834.787667403248,3,3.0,0
Male,21.0,727.22087234246,2,4.0,0
Female,39.0,619.177146056747,2,4.0,0
Male,28.0,972.427208842156,4,3.0,0
Male,31.0,409.40439972609,3,4.0,0
Female,44.0,714.061668868654,0,1.0,0
Male,37.0,686.077568116542,4,5.0,0
Female,15.0,792.595858364977,0,4.0,0
Male,25.0,179.359677369893,3,4.0,1
Male,45.0,317.041367755877,1,4.0,0
Male,39.0,500.465781558213,1,4.0,0
Male,52.0,780.001272962753,2,2.0,0
Male,32.0,32.9792319490838,2,5.0,0
Female,60.0,501.092881352023,2,3.0,0
Female,35.0,293.849126866681,2,3.0,0
Female,25.0,563.894267212097,2,4.0,0
Male,29.0,691.667097805157,3,1.0,0
Female,12.0,20.1872767001048,1,4.0,1
Male,51.0,189.023565810529,4,4.0,0
Male,51.0,444.7417761439,2,2.0,1
Male,25.0,770.960827964576,1,3.0,0
Female,33.0,515.702348647387,3,3.0,0
Male,36.0,407.983631972491,3,5.0,0
Female,25.0,712.546909611827,1,2.0,0
Male,33.0,577.211056113386,3,4.0,0
Female,32.0,971.29667037596,2,3.0,0
Male,37.0,105.24967294632,4,5.0,0
Female,49.0,501.092881352023,0,5.0,0
Female,32.0,726.723774144488,3,2.0,0
Female,37.0,272.879293752199,3,5.0,0
Male,42.0,581.384299982343,2,3.0,0
Male,41.0,487.753755763916,3,4.0,0
Female,29.0,591.793087297683,1,4.0,0
Female,36.0,847.114088327325,1,2.0,0
Female,40.0,453.33768497079,1,4.0,0
Male,24.0,885.152784380737,1,3.0,0
Male,49.0,546.468235007055,0,2.0,1
Male,28.0,1128.97880623647,1,5.0,0
Male,37.0,845.782237280578,1,5.0,0
Male,41.0,712.86284703076,1,1.0,0
Male,30.0,409.919756964821,0,4.0,0
Male,40.0,661.034315531163,1,5.0,0
Male,37.0,805.950541981058,3,3.0,0
Female,20.0,501.092881352023,2,5.0,0
Female,40.0,501.092881352023,0,4.0,0
Female,24.0,505.490999152806,1,4.0,0
Female,44.0,732.746338668288,0,1.0,1
Female,28.0,891.854264827334,3,4.0,0
Female,33.0,179.522615702325,3,4.0,1
Female,49.0,1000.04414766775,4,4.0,0
Female,24.0,46.9204685177697,3,1.0,0
Male,25.0,795.627189910798,1,5.0,0
Male,29.0,109.267224350212,1,2.0,0
Male,39.0,952.183811660525,1,3.0,0
Male,39.0,501.092881352023,1,2.0,0
Female,27.0,14.2815058494345,5,4.0,1
Male,23.0,188.293653140942,2,4.0,1
Male,38.0,252.759998616757,4,3.0,0
Female,33.0,469.452654742567,2,2.0,0
Male,57.0,501.092881352023,3,3.0,0
Male,35.0,558.170199982045,0,4.0,0
Female,53.0,349.406159712452,1,3.0,0
Male,23.0,128.550860071892,3,4.0,0
Male,19.0,545.790403695769,2,3.0,0
Male,47.0,501.092881352023,1,2.0,0
Female,53.0,598.719812068662,3,2.0,1
Female,27.0,380.21552391233,1,4.0,0
Female,30.0,108.573703425805,2,3.0,0
Male,23.0,148.98519213683,1,4.0,1
Female,17.0,968.380550830785,1,4.0,0
Male,42.0,627.390300075325,4,4.0,0
Female,37.0,479.20221889233,4,4.0,0
Male,35.0,585.262560291633,2,3.0,0
Male,21.0,94.1928735034641,3,2.0,1
Male,51.0,631.528199957281,3,4.0,0
Female,30.0,365.383335151606,2,1.0,0
Male,40.0,123.118817637715,2,1.0,1
Female,20.0,382.394570322109,4,1.0,1
Male,33.0,566.532922695399,0,3.0,0
Male,38.0,493.145569863897,5,4.0,1
Female,37.0,236.521623361827,4,3.0,0
Male,40.0,572.198288442064,0,5.0,0
Female,24.0,341.316093574173,1,5.0,0
Female,37.0,434.056017704793,0,2.0,0
Female,36.0,904.32538078872,1,4.0,0
Male,37.0,701.690612730308,0,4.0,0
Male,36.0,667.393972684681,3,3.0,0
Female,22.0,1028.0424168715,4,3.0,0
Male,22.0,117.026099937546,0,3.0,0
Female,13.0,562.644331109602,3,4.0,0
Female,43.0,240.140971656207,2,4.0,0
Male,43.0,178.721458621191,3,5.0,0
Female,43.0,441.32024538394,1,3.0,0
Male,38.0,711.897035000396,1,4.0,0
Male,14.0,24.6705532815183,0,4.0,0
Female,25.0,536.732219571007,5,1.0,0
Female,36.0,392.013581710335,3,4.0,0
Female,33.0,56.699446139652,6,3.0,1
Female,39.0,944.602861990935,3,3.0,0
Male,35.0,57.4327980760035,1,4.0,1
Female,36.0,503.307697435838,3,3.0,0
Male,29.0,65.0094218593565,2,2.0,1
Male,45.0,826.922982805869,1,4.0,0
Female,31.0,783.906155258711,1,5.0,0
Male,22.0,501.092881352023,1,2.0,0
Male,27.0,280.479656502143,3,2.0,0
Male,32.0,896.592578707856,2,3.0,0
Male,45.0,538.434745230567,4,5.0,0
Male,35.0,114.059879018045,2,3.0,0
Male,33.0,575.482162984306,7,3.0,0
Male,23.0,224.334436773738,0,4.0,0
Male,43.0,136.338819080913,0,4.0,0
Male,28.0,164.436004320825,1,4.0,0
Male,34.0,811.528290113368,1,3.0,0
Male,50.0,218.178138644107,3,3.0,0
Male,19.0,321.145047290248,1,3.0,0
Female,34.0,565.630395063954,1,5.0,0
Male,23.0,840.67022480711,1,3.0,0
Male,41.0,873.703861053756,4,4.0,0
Female,35.0,938.477242304359,0,3.0,0
Male,37.0,725.19081065161,2,4.0,0
Female,28.0,501.092881352023,2,3.0,0
Female,52.0,311.790280409938,1,5.0,0
Male,63.0,502.782717596101,4,2.0,1
Male,32.0,421.410714073457,2,4.0,0
Male,39.0,376.298371586957,2,4.0,0
Female,32.0,652.1992264908,5,2.0,0
Female,27.0,422.531567012324,0,4.0,0
Male,24.0,546.76717071888,5,3.0,0
Male,39.0,551.937753296527,4,5.0,0
Male,30.0,451.698073250342,1,5.0,0
Male,9.0,693.922107228139,2,4.0,0
Female,39.0,940.5894454646,2,4.0,0
Male,35.0,391.287368172126,1,2.0,0
Male,48.0,698.626264162104,1,1.0,0
Male,39.0,857.858643723456,1,4.0,0
Female,20.0,607.423520219934,0,4.0,0
Male,13.0,817.987070747183,0,5.0,0
Male,28.0,501.092881352023,1,5.0,0
Male,29.0,478.177573942185,2,4.0,0
Male,44.0,476.290222001269,1,5.0,0
Female,35.0,282.460705885208,5,4.0,1
Female,95.0,8710.48550192078,4,3.0,0
Male,22.0,755.839365441383,2,4.0,0
Female,45.0,523.034935887642,4,4.0,0
Male,42.0,248.196796861214,1,5.0,0
Male,15.0,894.36232242523,3,4.0,0
Female,48.0,473.665778467009,1,4.0,0
Female,36.0,149.051608637079,2,4.0,1
Female,39.0,412.924570230552,3,5.0,0
Male,26.0,217.0625822253,1,5.0,0
Female,48.0,554.463677408046,2,4.0,0
Male,23.0,452.957746693135,2,5.0,0
Male,43.0,488.879356654181,0,5.0,0
Female,43.0,133.061078310137,1,4.0,1
Male,25.0,457.916987923382,1,4.0,0
Female,55.0,519.894880821504,2,4.0,0
Female,37.0,301.853937316688,0,5.0,0
Female,42.0,689.821583481068,5,3.0,1
Female,20.0,501.092881352023,2,4.0,0
Male,56.0,412.979039149789,5,3.0,1
Male,23.0,856.671445276678,3,4.0,0
Male,45.0,417.55312993679,4,5.0,0
Male,25.0,181.137125817464,2,5.0,0
Female,29.0,535.002300696129,0,4.0,0
Female,43.0,446.94158925465,1,1.0,0
Male,45.0,853.268182470263,2,2.0,0
Male,22.0,549.743513443315,1,5.0,0
Female,46.0,946.686592802115,5,3.0,1
Male,45.0,491.901142029879,1,4.0,0
Female,26.0,309.182003450024,3,3.0,0
Female,51.0,414.958747448238,1,4.0,0
Female,20.0,956.88453672154,2,3.0,0
Female,40.0,364.810900098034,0,5.0,0
Male,26.0,398.89473078299,4,2.0,1
Female,38.0,211.514131664387,1,4.0,0
Female,37.0,274.271879969489,2,2.0,1
Male,33.0,543.038213121683,3,5.0,0
Female,43.0,501.092881352023,1,5.0,0
Female,33.0,1242.13193594947,2,4.0,0
Female,37.0,599.392268943511,1,4.0,0
Female,46.0,769.336594812135,1,2.0,0
Female,43.0,624.628564584768,2,4.0,0
Female,43.0,472.867956313761,0,4.0,0
Female,24.0,1048.97790951182,3,5.0,0
Female,40.0,315.475094493301,5,4.0,0
Female,26.0,571.519792482486,5,4.0,0
Female,22.0,495.893033791645,0,4.0,0
Female,34.0,949.612792062243,0,3.0,0
Male,26.0,946.71114502777,4,5.0,0
Female,43.0,791.991610612792,0,4.0,0
Female,43.0,638.92833566116,5,5.0,0
Male,16.0,922.058551928383,1,4.0,0
Female,27.0,461.403700217425,2,3.0,0
Male,20.0,950.363948882007,3,3.0,0
Male,30.0,904.869550008988,2,4.0,0
Female,40.0,567.763108738517,2,5.0,0
Male,33.0,645.008166089849,3,3.0,0
Female,29.0,343.514717648015,2,3.0,0
Female,48.0,404.67764940211,0,4.0,0
Female,12.0,647.979221422705,3,5.0,0
Male,47.0,676.442982718997,1,3.0,0
Male,30.0,560.469494890183,2,5.0,0
Female,34.0,501.092881352023,1,4.0,0
Female,50.0,646.95859260674,3,3.0,0
Male,23.0,520.113266754963,1,4.0,0
Female,35.0,377.406967120113,1,3.0,0
Female,40.0,457.847703728784,3,4.0,0
Female,19.0,1208.46594090494,1,2.0,1
Male,26.0,384.718379824896,2,4.0,0
Female,34.0,417.134026214933,2,5.0,0
Male,27.0,742.588648933753,2,4.0,0
Male,32.0,727.465564388593,1,2.0,1
Female,41.0,501.092881352023,2,5.0,0
Male,46.0,52.019814233223,2,2.0,0
Male,25.0,577.862538802248,1,2.0,1
Female,22.0,398.830423812441,4,5.0,0
Male,54.0,650.136868422357,2,3.0,0
Male,28.0,158.352228824225,1,1.0,1
Male,18.0,631.610612090484,2,5.0,0
Female,46.0,433.097594382036,2,4.0,0
Male,95.0,9897.03308573183,3,3.0,0
Female,32.0,119.392240135923,0,3.0,0
Male,33.0,351.288350151515,1,4.0,0
Female,45.0,474.437028836777,1,4.0,0
Male,33.0,1042.90238005451,2,3.0,0
Male,58.0,388.26059782368,0,2.0,1
Female,36.0,700.378330026632,0,3.0,0
Male,46.0,683.057629153282,0,3.0,0
Female,43.0,62.8863033225461,1,3.0,1
Male,35.0,796.364427350502,1,4.0,0
Male,29.0,1071.8292647908,1,4.0,0
Male,38.0,7.98134365403075,1,4.0,1
Female,29.0,163.357705845996,1,3.0,1
Female,37.0,704.980990687164,2,5.0,0
Male,47.0,501.092881352023,0,5.0,0
Male,56.0,771.296859505596,4,4.0,0
Male,54.0,764.852401781335,2,3.0,0
Female,29.0,501.092881352023,0,4.0,0
Male,42.0,53.5214950494344,1,4.0,0
Female,48.0,637.895868522415,2,5.0,0
Female,26.0,420.598159038592,2,5.0,0
Male,30.0,338.92386515497,1,4.0,0
Male,52.0,711.681743766539,2,2.0,0
Female,25.0,828.518056114958,1,4.0,0
Female,22.0,190.586576366281,5,4.0,0
Male,50.0,939.170108300795,2,5.0,0
Male,47.0,747.077310804534,1,4.0,0
Male,39.0,1400.57339301143,5,4.0,1
Male,35.0,422.135768247193,2,5.0,0
Male,31.0,143.401221679965,4,1.0,1
Male,38.0,454.79783989211,0,2.0,0
Female,51.0,427.767525632238,1,5.0,0
Male,37.0,161.969646389812,1,2.0,0
Male,57.0,274.458406379691,1,5.0,0
Male,26.0,689.261823345031,0,4.0,0
Male,35.0,412.87252613308,1,5.0,0
Female,31.0,186.969953106304,3,4.0,0
Male,24.0,257.543934873731,2,3.0,0
Male,33.0,726.652580020129,1,4.0,0
Male,39.0,161.579759795441,3,4.0,0
Female,40.0,687.446543707659,3,3.0,0
Male,57.0,146.330916738011,1,3.0,1
Female,40.0,727.915680632445,2,4.0,0
Female,47.0,669.62425795558,5,5.0,1
Female,59.0,934.161344243886,1,4.0,0
Female,40.0,129.170493096118,1,2.0,1
Female,25.0,121.926954680174,1,4.0,0
Female,30.0,565.024338627496,2,2.0,0
Female,38.0,760.78321637765,3,4.0,0
Female,40.0,342.016542247386,1,4.0,0
Male,42.0,479.202234785082,4,1.0,0
Male,40.0,485.647790788715,4,4.0,0
Male,35.0,501.092881352023,1,4.0,0
Female,29.0,555.456853151437,0,5.0,0
Female,39.0,1051.11710732063,0,4.0,0
Male,45.0,422.580360544202,2,5.0,0
Male,40.0,359.14728058905,3,4.0,0
Female,45.0,621.017606657927,5,4.0,1
Male,31.0,816.748221781315,3,3.0,0
Male,30.0,417.2326252435,3,3.0,0
Female,28.0,837.246125695964,1,3.0,0
Male,34.0,286.366195828615,1,3.0,0
Female,31.0,501.092881352023,5,4.0,1
Male,47.0,230.050723364765,1,4.0,0
Female,30.0,474.386845385851,1,4.0,0
Male,27.0,791.678665183187,3,3.0,0
Female,54.0,408.843679815091,3,2.0,0
Male,30.0,386.843482995974,2,4.0,0
Male,37.0,564.241893358118,5,4.0,1
Male,40.0,522.666691846496,0,4.0,0
Female,24.0,499.730929091827,2,4.0,0
Female,47.0,484.779908106389,3,5.0,0
Male,41.0,501.092881352023,1,4.0,0
Female,28.0,703.017985307799,1,2.0,1
Female,36.0,756.932551688805,1,1.0,1
Male,35.0,309.883276856445,2,4.0,0
Female,38.0,776.177429783708,2,4.0,0
Male,20.0,879.92527518657,1,4.0,0
Male,36.0,286.858448367457,2,3.0,0
Male,39.0,577.869607525333,2,2.0,0
Female,14.0,417.687936240568,2,3.0,0
Female,16.0,778.014314404108,1,5.0,0
Female,43.0,118.86582123926,3,2.0,1
Female,30.0,501.092881352023,2,5.0,0
Male,25.0,501.092881352023,2,5.0,0
Male,48.0,202.085332202948,1,3.0,0
Female,38.0,501.092881352023,0,4.0,0
Male,44.0,544.443208592424,2,4.0,0
Male,33.0,273.604458978319,1,4.0,0
Male,62.0,954.364541488789,2,4.0,0
Male,29.0,140.101092879869,2,4.0,0
Male,52.0,809.044926762739,0,3.0,0
Male,34.0,403.04350360783,1,4.0,0
Female,18.0,501.092881352023,2,3.0,0
Female,40.0,501.092881352023,4,5.0,0
Female,38.0,711.128646372339,2,3.0,0
Male,24.0,176.209666350952,0,3.0,0
Male,35.0,165.806735070206,2,4.0,0
Female,38.0,948.450926219498,3,4.0,0
Female,10.0,614.432521313643,1,3.0,0
Male,46.0,478.992278705547,1,2.0,0
Male,30.0,520.524270664351,2,4.0,0
Male,22.0,501.092881352023,1,4.0,0
Female,44.0,292.074725032701,1,3.0,0
Female,35.0,706.532272771942,1,5.0,0
Female,47.0,441.220482369369,2,3.0,0
Female,39.0,873.686364412232,3,4.0,0
Female,35.0,28.121299538111,2,3.0,0
Male,33.0,423.085267872128,2,4.0,0
Female,40.0,585.037361233845,0,3.0,0
Male,31.0,806.09325881124,0,1.0,1
Female,26.0,791.686842500947,1,4.0,0
Female,41.0,714.283254575665,2,3.0,0
Female,34.0,227.788308067313,1,4.0,0
Female,35.0,7.38376471950664,2,5.0,0
Female,46.0,639.401438028346,3,3.0,0
Female,35.0,1316.65287084839,3,5.0,0
Male,29.0,234.758172356313,2,4.0,0
Male,39.0,44.026421032508,1,3.0,1
Male,38.0,501.092881352023,4,5.0,0
Male,44.0,520.812769614513,2,3.0,0
Female,29.0,366.532771576709,0,4.0,0
Male,30.0,37.9387427048862,4,4.0,0
Male,43.0,370.276104682954,2,2.0,0
Male,38.0,339.299988717476,6,1.0,0
Male,26.0,841.810253929333,2,4.0,0
Female,48.0,700.940287591913,2,4.0,0
Female,18.0,640.187396643016,3,5.0,0
Female,43.0,774.518529792626,1,3.0,0
Female,22.0,506.510259675083,1,4.0,0
Female,54.0,507.227440312692,1,3.0,0
Male,20.0,340.093142246618,2,4.0,0
Male,47.0,225.449036455908,0,4.0,0
Male,34.0,651.584305166227,3,4.0,0
Female,31.0,947.96914280419,1,3.0,0
Male,37.0,403.541700156406,1,4.0,0
Female,41.0,474.630378957297,1,4.0,0
Male,26.0,566.361798851611,4,4.0,0
Male,27.0,757.929565984805,2,2.0,0
Male,41.0,775.161844472698,1,4.0,0
Female,18.0,733.041934020134,1,4.0,0
Female,29.0,837.936312191157,3,5.0,0
Female,65.0,478.573051702408,1,5.0,0
Female,25.0,689.926876804044,1,4.0,0
Male,46.0,238.357082210555,2,5.0,0
Male,29.0,54.0388440268241,1,5.0,1
Male,40.0,7.53815682921913,2,1.0,1
Male,42.0,72.0974601471654,3,5.0,0
Male,46.0,808.151998839345,3,4.0,0
Female,33.0,501.092881352023,1,2.0,0
Female,55.0,80.555758654353,0,4.0,0
Male,29.0,1042.88430279893,1,2.0,0
Female,37.0,471.205457561911,3,3.0,0
Female,37.0,202.698788261603,4,4.0,0
Female,24.0,323.065124737976,3,2.0,0
Male,32.0,430.876894407185,2,4.0,0
Male,37.0,523.93897155825,4,4.0,0
Male,31.0,220.100646079402,0,4.0,0
Male,27.0,533.512389208148,2,4.0,0
Male,47.0,922.401792650323,4,1.0,0
Female,44.0,501.092881352023,2,3.0,0
Female,26.0,814.448893789527,0,5.0,0
Male,27.0,574.763868021683,5,5.0,1
Female,30.0,536.36954647732,5,4.0,0
Male,17.0,238.138564655749,1,1.0,0
Male,25.0,738.062947892542,0,3.0,0
Male,20.0,704.108790662991,0,2.0,0
Male,48.0,31.5501833104273,3,3.0,1
Male,41.0,328.304293426028,0,3.0,0
Female,43.0,658.670100507698,3,5.0,0
Female,41.0,312.199301337872,1,3.0,0
Male,37.0,1003.19376493253,2,4.0,0
Female,50.0,182.689689887231,4,3.0,1
Male,29.0,170.693651167579,1,3.0,1
Female,36.0,501.092881352023,2,1.0,0
Male,42.0,385.611075944433,1,2.0,0
Female,22.0,240.118579472096,4,3.0,0
Male,66.0,453.21662333586,1,3.0,0
Male,35.0,706.847237135852,1,5.0,0
Male,36.0,1043.83316950021,4,4.0,0
Male,48.0,748.12388580986,2,3.0,0
Female,44.0,911.316018540813,2,4.0,0
Male,35.0,535.181990151731,2,4.0,0
Female,36.0,501.092881352023,1,5.0,0
Male,20.0,809.157968863237,1,2.0,0
Male,29.0,733.082196381736,3,5.0,0
Female,40.0,800.77295849889,2,4.0,0
Male,39.0,501.092881352023,1,5.0,0
Male,47.0,152.15115666072,2,4.0,0
Male,34.0,150.980188817186,4,4.0,1
Male,46.0,79.3224384380658,0,4.0,1
Female,49.0,444.981420839303,5,3.0,1
Male,44.0,358.442775304221,2,4.0,0
Male,33.0,597.843355114181,2,4.0,0
Female,45.0,1211.78057977554,3,4.0,0
Female,69.0,329.91565195753,1,4.0,0
Male,36.0,418.611501883136,3,4.0,0
Male,22.0,410.485592542093,4,5.0,0
Male,29.0,486.008301098528,1,4.0,0
Female,41.0,19.4265374154803,4,4.0,0
Female,19.0,484.059754135273,0,3.0,0
Female,37.0,1183.24115770176,1,4.0,0
Female,50.0,525.496775051682,4,5.0,0
Female,48.0,809.435396796457,3,3.0,0
Female,44.0,501.092881352023,2,4.0,0
Male,13.0,501.092881352023,2,4.0,0
Male,44.0,754.744669102086,3,1.0,1
Male,38.0,971.66351736161,1,3.0,0
Female,18.0,50.9065162464628,3,3.0,0
Male,27.0,261.089098173597,0,4.0,0
Male,23.0,652.435119673668,2,5.0,0
Male,15.0,100.442761410409,0,4.0,0
Female,35.0,198.909395670467,2,4.0,1
Male,27.0,489.994461997225,0,4.0,0
Male,61.0,154.757239899251,1,3.0,0
Female,33.0,45.2787800685335,1,5.0,1
Male,48.0,77.0781677332934,1,3.0,1
Male,19.0,538.377573129996,3,3.0,0
Male,30.0,321.326326339611,4,5.0,0
Male,36.0,528.865198082456,3,2.0,0
Male,26.0,427.06290411836,1,4.0,0
Male,31.0,826.231497321128,4,4.0,0
Female,33.0,153.879481088055,2,4.0,1
Female,33.0,638.684856423106,1,4.0,0
Female,54.0,307.992099130001,1,2.0,1
Female,39.0,513.951219935684,3,4.0,0
Female,40.0,501.092881352023,4,4.0,0
Female,40.0,32.6022417659993,2,3.0,0
Male,41.0,478.348060742228,4,4.0,0
Male,34.0,683.145410392916,3,4.0,0
Male,32.0,240.401077906451,2,4.0,0
Female,37.0,259.722042699993,1,3.0,0
Female,46.0,476.258165776397,2,1.0,0
Male,33.0,868.156674259894,2,4.0,0
Female,33.0,501.092881352023,2,3.0,0
Male,35.0,252.581245791438,2,4.0,0
Female,30.0,527.730248154549,3,3.0,0
Male,33.0,1172.4791288889,3,3.0,0
Female,48.0,668.390737677788,2,5.0,0
Female,36.0,436.577105670963,1,4.0,0
Male,36.0,8.54547444240717,0,3.0,0
Female,21.0,978.266148615956,4,4.0,0
Female,32.0,711.32857586635,1,3.0,0
Female,27.0,772.420688716501,1,4.0,0
Female,35.0,1014.9332665479,0,3.0,0
Male,31.0,259.664038959935,2,1.0,1
Male,36.0,677.598524520452,2,4.0,0
Female,36.0,837.645671982629,2,4.0,0
Female,25.0,375.629931389868,2,4.0,0
Male,31.0,694.191997999721,1,4.0,0
Female,36.0,273.24124850125,4,3.0,0
Male,47.0,487.704042575679,0,4.0,0
Female,38.0,574.255215709855,4,5.0,0
Male,28.0,336.074853331046,1,3.0,0
Male,52.0,429.042454001786,4,4.0,0
Male,44.0,869.109329389117,2,1.0,1
Male,40.0,627.349566784913,3,4.0,0
Male,42.0,912.046200491389,2,4.0,0
Female,49.0,99.0520093089151,2,5.0,0
Female,46.0,501.092881352023,1,5.0,0
Female,41.0,347.265014944237,0,3.0,0
Female,46.0,227.660295248046,2,4.0,0
Female,24.0,501.092881352023,2,1.0,1
Male,20.0,662.581835408281,3,4.0,0
Male,37.0,162.696703494882,3,3.0,0
Female,36.0,506.755924235434,0,5.0,0
Female,30.0,588.273332499615,3,4.0,0
Female,16.0,405.87922814606,3,4.0,0
Male,30.0,855.937292837949,2,5.0,0
Female,30.0,1097.48726556802,4,4.0,0
Male,19.0,761.401322312468,1,2.0,1
Female,50.0,185.230965948499,4,5.0,0
Male,21.0,675.745720536263,2,4.0,0
Male,29.0,430.378618099659,1,2.0,1
Male,44.0,847.720273591069,2,3.0,0
Male,41.0,414.908614476316,0,4.0,0
Female,24.0,1205.32718578789,0,5.0,0
Male,38.0,872.742733742981,1,2.0,0
Male,58.0,370.07663860095,1,1.0,0
Male,39.0,15.2951344582727,2,4.0,1
Male,34.0,255.052623926778,2,5.0,0
Male,26.0,644.273665337573,1,4.0,0
Female,28.0,501.092881352023,1,4.0,0
Female,27.0,501.092881352023,1,4.0,0
Female,49.0,82.6729232195551,2,5.0,0
Female,35.0,698.162299016882,4,5.0,0
Male,41.0,91.3148279267177,1,4.0,1
Female,50.0,978.67959451334,2,3.0,0
Female,11.0,299.407655316111,1,5.0,0
Female,48.0,785.636931287681,4,4.0,0
Male,36.0,418.065499210903,3,4.0,0
Male,39.0,288.137409540507,1,4.0,0
Male,27.0,405.83873604354,5,3.0,0
Male,27.0,761.437204580259,5,5.0,1
Female,40.0,841.314060900139,2,4.0,0
Female,59.0,625.520522298013,2,5.0,0
Female,45.0,671.997807183644,1,3.0,0
Female,33.0,222.230707670254,2,5.0,0
Female,29.0,677.954663227099,0,5.0,0
Male,27.0,220.849076909377,1,3.0,0
Male,30.0,438.385786506938,2,4.0,0
Male,14.0,130.675926977501,0,5.0,1
Male,28.0,369.249121160373,1,5.0,0
Female,29.0,501.092881352023,4,4.0,0
Female,33.0,603.249728959264,2,4.0,0
Male,39.0,501.092881352023,1,3.0,0
Male,35.0,588.904735394302,2,1.0,0
Male,29.0,668.982170353329,1,2.0,0
Male,15.0,591.450792921261,1,5.0,0
Male,29.0,405.15613463189,5,3.0,1
Female,25.0,417.537690333052,3,5.0,0
Male,40.0,500.62292551195,0,4.0,0
Male,44.0,1258.18935135905,1,4.0,0
Male,44.0,77.9016718482128,2,4.0,1
Female,43.0,569.931314220174,1,5.0,0
Female,34.0,510.144993982413,2,4.0,0
Male,30.0,436.753315668565,4,4.0,0
Female,28.0,1.24240532732728,2,4.0,1
Female,20.0,501.092881352023,5,3.0,1
Male,45.0,1053.58837130579,2,3.0,0
Male,33.0,813.33307552749,2,1.0,1
Male,23.0,237.377508991405,3,4.0,0
Male,27.0,225.032580351601,5,3.0,0
Female,26.0,774.114282499935,1,5.0,0
Male,35.0,479.745742672923,1,3.0,0
Female,46.0,145.773108177148,1,5.0,1
Male,12.0,329.435506510092,1,3.0,0
Female,33.0,579.408000732905,2,5.0,0
Male,33.0,1009.29156007849,1,4.0,0
Male,33.0,431.794484688203,3,4.0,0
Female,29.0,213.071647093931,0,4.0,0
Female,37.0,83.7016622021901,1,4.0,1
Female,36.0,234.255902106551,0,4.0,0
Male,35.0,289.082606809665,1,3.0,0
Female,39.0,394.944162621193,0,3.0,0
Male,31.0,587.112077098283,3,5.0,0
Female,30.0,1068.83700863485,1,5.0,0
Female,41.0,687.55066755715,2,4.0,0
Male,43.0,607.005730260271,3,3.0,0
Male,47.0,146.845945706129,7,4.0,0
Female,40.0,476.816638402906,0,3.0,0
Male,44.0,46.3211746342197,0,5.0,1
Female,19.0,423.502162944411,1,4.0,0
Male,37.0,496.609695828211,2,1.0,1
Male,33.0,493.479338213908,1,5.0,0
Male,52.0,725.573780198743,2,4.0,0
Female,44.0,1027.08616319529,1,4.0,0
Male,29.0,189.897056508986,1,5.0,0
Male,37.0,258.790652925749,4,5.0,0
Female,40.0,501.092881352023,4,4.0,0
Female,39.0,1037.27764883661,2,5.0,0
Female,33.0,195.920859834229,2,2.0,0
Male,28.0,374.860283105795,2,1.0,0
Female,29.0,814.986384646359,1,4.0,0
Female,47.0,501.092881352023,0,3.0,0
Male,24.0,878.557315749494,2,4.0,0
Male,25.0,233.507170209769,1,2.0,1
Male,34.0,455.509906077382,5,4.0,1
Female,27.0,178.288461957091,2,4.0,1
Female,26.0,386.160950408174,4,4.0,0
Female,36.0,298.018780132743,2,3.0,0
Male,20.0,124.014532554711,1,4.0,1
Male,25.0,644.159696320692,1,3.0,0
Female,56.0,1047.30497304437,0,3.0,0
Female,40.0,420.108414874743,1,4.0,0
Male,39.0,250.41596391869,1,5.0,0
Female,41.0,461.412729285862,1,4.0,0
Male,45.0,423.82998123728,2,4.0,0
Male,34.0,766.775502882982,0,3.0,0
Female,15.0,557.068710246229,0,4.0,0
Male,24.0,185.360367574609,0,4.0,0
Male,37.0,278.607582884558,3,4.0,0
Male,38.0,243.34581085676,1,2.0,1
Female,26.0,354.687679384068,2,5.0,0
Female,38.0,816.409440540071,2,2.0,1
Male,29.0,473.226569959971,1,1.0,1
Male,32.0,738.8830406449,1,4.0,0
Male,45.0,238.592815623917,1,4.0,0
Female,44.0,275.474782046111,2,3.0,0
Male,25.0,501.092881352023,3,4.0,0
Male,24.0,1050.28079234332,4,3.0,0
Male,31.0,947.335383861965,3,2.0,0
Male,35.0,474.726858229326,2,4.0,0
Male,28.0,673.319747559701,1,5.0,0
Female,45.0,501.092881352023,3,4.0,0
Male,38.0,1004.48633395269,1,3.0,0
Female,39.0,92.2210977317703,2,4.0,0
Male,22.0,961.051724055692,1,3.0,0
Female,47.0,501.092881352023,4,2.0,1
Female,7.0,394.67773969824,0,4.0,0
Female,43.0,208.935225499225,1,3.0,0
Female,44.0,590.437187148998,1,5.0,0
Male,31.0,944.982813131,2,5.0,0
Male,48.0,237.214869122731,4,4.0,0
Female,34.0,633.50816964892,2,3.0,0
Male,36.0,602.989583331952,2,4.0,0
Female,38.0,940.480931266869,2,3.0,0
Female,67.0,553.372336593895,2,3.0,0
Female,42.0,306.470298411849,3,2.0,0
Male,26.0,243.125247269683,3,4.0,0
Female,36.0,60.3461607693572,2,3.0,0
Male,27.0,53.9034431167517,1,4.0,1
Male,43.0,56.7139394442388,1,2.0,1
Female,36.0,466.412531125758,3,3.0,0
Male,24.0,589.280250268981,6,4.0,1
Female,36.0,444.489668796615,1,1.0,1
Male,27.0,316.057037454401,3,3.0,0
Female,37.0,133.445878690618,3,4.0,0
Female,26.0,564.348233733674,2,3.0,0
Male,35.0,687.686728145703,3,4.0,0
Female,43.0,274.674553359747,2,4.0,0
Female,34.0,654.024748502695,2,4.0,0
Male,31.0,338.025254074673,1,4.0,0
Male,37.0,319.78321403344,4,3.0,0
Male,42.0,40.2511723488103,3,5.0,0
Male,24.0,206.897938003738,1,3.0,0
Male,48.0,207.899797553885,2,3.0,0
Female,41.0,692.649296110869,3,3.0,0
Female,36.0,614.547017423245,2,3.0,0
Female,41.0,655.18859024722,2,3.0,0
Female,40.0,15.2500089305156,5,2.0,0
Male,43.0,503.75688128214,0,4.0,0
Female,15.0,293.954955631776,7,4.0,1
Male,19.0,769.963779333029,1,5.0,0
Female,45.0,382.185903191761,1,4.0,0
Female,20.0,501.092881352023,0,4.0,0
Female,39.0,6.34130140774369,4,4.0,1
Male,31.0,351.322066673817,7,3.0,0
Male,25.0,224.525581808986,3,4.0,0
Male,38.0,501.092881352023,3,4.0,0
Male,37.0,73.0802394745591,3,5.0,1
Male,56.0,17.7495331715205,0,5.0,1
Male,29.0,452.764153397966,4,3.0,0
Female,49.0,573.989147330488,5,4.0,1
Male,39.0,282.29011585454,1,4.0,0
Male,28.0,386.340488012601,2,4.0,0
Male,43.0,501.092881352023,2,3.0,0
Female,41.0,494.0559787563,3,3.0,0
Female,35.0,368.022487784208,3,3.0,0
Male,38.0,562.637387899755,3,5.0,0
Female,29.0,17.4756394288278,0,5.0,0
Male,27.0,680.102671435737,3,1.0,0
Female,43.0,501.092881352023,3,3.0,0
Male,34.0,392.772837729913,1,4.0,0
Male,38.0,421.039195317064,4,2.0,0
Female,38.0,850.536367103717,3,5.0,0
Male,21.0,568.956106391701,3,3.0,0
Female,36.0,501.092881352023,0,3.0,0
Female,33.0,1122.59640511399,3,4.0,0
Female,39.0,588.033323752014,4,5.0,0
Male,37.0,820.183192007267,1,5.0,0
Male,43.0,497.027322621475,2,5.0,0
Male,40.0,254.061838712304,2,3.0,0
Male,42.0,957.665350934771,3,4.0,0
Female,49.0,412.999073536522,2,1.0,0
Male,44.0,486.599607804533,0,3.0,0
Male,33.0,575.471037403774,1,3.0,0
Female,24.0,901.303196487463,1,4.0,0
Female,52.0,643.36419868834,1,3.0,0
Male,33.0,501.092881352023,4,4.0,0
Female,30.0,903.995116836521,2,4.0,0
Male,18.0,24.3685416279006,1,4.0,1
Female,38.0,567.83753542425,2,4.0,0
Female,36.0,254.81247541447,2,4.0,0
Female,20.0,26.8446492272162,8,4.0,0
Male,40.0,767.670946653273,1,4.0,0
Female,30.0,63.7212307284698,1,3.0,1
Male,62.0,306.855193626439,1,5.0,0
Male,29.0,137.441095580981,4,4.0,1
Male,31.0,128.832015024027,2,5.0,1
Male,26.0,401.007389134224,1,5.0,0
Male,48.0,344.791495253647,2,4.0,0
Male,31.0,794.993053144207,0,3.0,0
Male,28.0,1426.30886189765,3,4.0,0
Female,42.0,57.035503352955,2,3.0,0
Male,21.0,287.521994578824,2,5.0,0
Male,41.0,264.322688421982,3,4.0,0
Male,53.0,322.418520397533,3,3.0,0
Female,41.0,501.092881352023,1,4.0,0
Male,41.0,500.507418972768,5,3.0,0
Male,44.0,696.975706670447,0,4.0,0
Female,52.0,194.516187193494,0,3.0,1
Male,47.0,98.0162204497339,4,4.0,0
Female,39.0,881.951230565875,0,4.0,0
Female,95.0,501.092881352023,2,3.0,0
Male,26.0,455.80851106091,4,2.0,1
Male,43.0,779.564985846475,4,4.0,0
Female,31.0,753.995991961492,0,3.0,0
Male,4.0,281.560277266088,4,5.0,0
Male,39.0,1019.22986873947,0,5.0,0
Male,29.0,515.336858414044,1,5.0,0
Female,46.0,641.46739518959,1,4.0,0
Male,39.0,492.026891572756,4,4.0,0
Male,46.0,299.192048220212,2,4.0,0
Male,24.0,366.692094885765,1,5.0,0
Male,45.0,1317.03743201468,0,5.0,0
Male,56.0,403.676584738016,1,5.0,0
Male,43.0,584.681213484187,2,4.0,0
Female,43.0,360.152181795553,0,4.0,0
Male,37.0,654.771710630123,2,2.0,1
Female,30.0,655.492174581739,1,4.0,0
Female,20.0,23.7525342939967,6,3.0,0
Female,31.0,676.385550487164,3,4.0,0
Female,41.0,462.671886951136,4,3.0,0
Male,40.0,9.71668469221396,2,3.0,0
Male,36.0,80.765460569951,2,3.0,0
Female,37.0,104.634289887576,1,3.0,1
Male,16.0,436.052634012335,0,4.0,0
Male,31.0,460.185162469861,1,4.0,0
Male,28.0,501.092881352023,1,1.0,1
Male,28.0,501.092881352023,7,1.0,0
Female,41.0,133.609603209149,2,4.0,1
Female,26.0,134.815710014375,1,3.0,0
Female,29.0,419.019948498292,1,5.0,0
Male,14.0,305.351068251885,2,5.0,0
Male,32.0,427.795301694896,3,2.0,1
Female,24.0,767.016067274879,3,5.0,0
Male,36.0,554.843325910219,3,3.0,0
Male,25.0,503.500189484721,3,5.0,0
Female,36.0,871.929192745088,1,4.0,0
Male,34.0,345.149531368749,3,4.0,0
Female,52.0,659.660224241438,4,3.0,0
Male,40.0,570.905719014427,0,1.0,1
Male,17.0,895.381532323645,1,4.0,0
Male,22.0,516.294695452028,0,4.0,0
Male,36.0,842.508226626773,1,4.0,0
Female,26.0,24.8881955760076,2,3.0,0
Male,5.0,483.475637414385,3,5.0,0
Female,48.0,322.091278607029,1,3.0,0
Male,42.0,819.470562199278,0,3.0,0
Female,40.0,464.790560210557,1,5.0,0
Female,29.0,201.182865310597,2,5.0,0
Female,39.0,501.092881352023,1,5.0,0
Male,28.0,297.092377662387,2,3.0,0
Male,26.0,675.64866698782,1,3.0,0
Male,50.0,501.092881352023,0,3.0,0
Female,19.0,397.040717392901,0,1.0,1
Female,47.0,454.367183319251,0,5.0,0
Male,35.0,586.400794363587,2,1.0,1
Male,30.0,858.126095310607,2,4.0,0
Female,37.0,292.362616307809,0,5.0,0
Female,49.0,501.092881352023,1,3.0,0
Male,38.0,261.654451325017,2,5.0,0
Female,26.0,564.496472100751,0,4.0,0
Male,36.0,501.092881352023,3,3.0,0
Female,53.0,596.013464309568,0,3.0,0
Male,48.0,534.159006165494,1,4.0,0
Male,44.0,367.441424685573,0,5.0,0
Female,43.0,719.311055893199,1,4.0,0
Male,42.0,160.329466267043,1,3.0,1
Male,47.0,703.844829120207,4,3.0,0
Female,30.0,64.792741986567,0,4.0,0
Female,21.0,446.703004738069,2,2.0,0
Female,36.0,861.217621685548,1,4.0,0
Female,27.0,914.367228748065,2,4.0,0
Female,28.0,664.503593275058,2,3.0,0
Male,60.0,542.974938709422,2,5.0,0
Female,36.0,247.918637048187,5,3.0,1
Male,39.0,876.237678199869,3,3.0,0
Female,23.0,597.712708970182,1,2.0,1
Female,17.0,1477.86343089242,1,3.0,0
Female,27.0,617.376633869409,1,3.0,0
Male,49.0,986.643343124989,4,5.0,0
Male,38.0,787.919258382901,2,3.0,0
Female,41.0,544.795728447172,3,5.0,0
Male,42.0,785.797094025289,4,2.0,0
Male,29.0,496.893096184464,1,4.0,0
Male,49.0,455.383926229456,1,2.0,1
Male,29.0,663.746615748416,1,1.0,0
Female,49.0,770.818971524431,2,5.0,0
Male,39.0,311.100532180464,1,1.0,1
Male,17.0,558.779585219889,2,5.0,0
Female,17.0,490.647302386365,0,5.0,0
Female,47.0,369.192683715205,2,2.0,1
Male,35.0,469.452347072418,6,4.0,1
Male,39.0,136.112546618383,1,3.0,0
Female,30.0,841.991214009368,2,3.0,0
Female,20.0,888.847897342488,2,1.0,0
Male,52.0,417.168596259925,1,3.0,0
Male,36.0,51.8750258321264,0,4.0,0
Male,32.0,317.827923419015,3,4.0,0
Male,20.0,967.224106721747,3,4.0,0
Female,22.0,163.956187362726,2,5.0,1
Female,48.0,262.352604713941,2,5.0,0
Male,30.0,173.644178220858,2,4.0,1
Male,35.0,501.092881352023,3,4.0,0
Male,15.0,391.843524136218,1,4.0,0
Female,22.0,35.458512825196,2,3.0,1
Female,41.0,427.178991539111,0,3.0,0
Female,39.0,430.126400252263,2,5.0,0
Female,53.0,598.913354858379,1,2.0,0
Male,48.0,501.092881352023,2,3.0,0
Male,33.0,192.228265528174,1,4.0,0
Female,40.0,288.703447995049,1,4.0,0
Male,32.0,307.21457763787,4,5.0,0
Male,56.0,579.073505228312,2,4.0,0
Female,46.0,97.3549241621772,5,4.0,0
Female,37.0,39.9957516040165,0,5.0,1
Female,49.0,580.003578036392,1,2.0,0
Female,41.0,531.216255891873,0,5.0,0
Male,51.0,167.793569465568,2,3.0,0
Male,13.0,591.915733769249,3,4.0,0
Male,40.0,553.020293245817,0,3.0,0
Male,30.0,781.423819130455,2,3.0,0
Male,35.0,648.314765226942,4,1.0,0
Female,50.0,219.589650220471,4,4.0,0
Male,53.0,488.298302704768,1,4.0,0
Male,60.0,801.509128283645,5,4.0,0
Male,35.0,716.798836851089,7,3.0,1
Female,33.0,674.853638965461,1,5.0,0
Female,44.0,742.872616728606,1,4.0,0
Male,31.0,479.092505723801,0,1.0,1
Female,36.0,501.092881352023,4,4.0,0
Female,49.0,667.721621848548,0,4.0,0
Female,35.0,464.323081566086,2,3.0,0
Male,18.0,501.092881352023,1,5.0,0
Female,28.0,688.313907956899,4,2.0,0
Female,44.0,204.361061683792,2,4.0,0
Female,42.0,1049.76034574163,2,5.0,0
Female,50.0,326.224915277127,5,5.0,0
Female,46.0,401.314343369639,3,3.0,0
Male,28.0,835.382547844176,2,5.0,0
Male,28.0,813.263333542104,1,2.0,0
Male,53.0,1039.47611574103,3,4.0,0
Male,30.0,682.511499308419,0,4.0,0
Female,38.0,10.9768734917274,0,5.0,1
Female,42.0,543.601893723876,3,3.0,0
Male,44.0,117.159274648271,1,5.0,0
Female,25.0,501.092881352023,5,5.0,0
Female,39.0,457.051862412581,3,3.0,0
Female,28.0,101.825954357937,0,3.0,0
Female,26.0,381.108693514347,6,3.0,1
Female,27.0,826.091269913538,2,4.0,0
Male,40.0,401.223940326776,3,2.0,0
Female,47.0,21.7408059611848,2,4.0,1
Female,20.0,324.973953302289,2,2.0,1
Female,39.0,472.558452974553,2,2.0,0
Female,23.0,873.921333066804,1,4.0,0
Female,41.0,535.995285699356,4,4.0,0
Male,29.0,441.811590089231,1,3.0,0
Female,24.0,502.280882107544,1,4.0,0
Male,43.0,904.324988940648,4,2.0,0
Male,29.0,501.092881352023,5,4.0,1
Female,32.0,786.518554173609,2,2.0,1
Male,13.0,679.592909947875,3,4.0,0
Male,44.0,488.029531521573,1,5.0,0
Male,43.0,590.206282309078,2,3.0,0
Female,35.0,467.113983606436,3,4.0,0
Male,20.0,482.052165515821,3,4.0,0
Female,47.0,182.648388149099,2,4.0,1
Female,28.0,202.640576223356,1,2.0,1
Female,30.0,501.092881352023,1,5.0,0
Male,58.0,401.665875658336,1,4.0,0
Male,28.0,559.536846311227,2,2.0,1
Female,42.0,395.200040501838,2,4.0,0
Female,41.0,998.955451902769,0,3.0,0
Male,39.0,485.271895929816,1,4.0,0
Female,38.0,67.6206349047441,5,1.0,0
Male,39.0,337.682934144913,1,3.0,0
Female,38.0,801.797081609064,1,4.0,0
Male,34.0,742.384062074263,1,4.0,0
Male,50.0,330.392646604346,1,5.0,0
Male,22.0,1284.5622506756,2,5.0,0
Male,45.0,427.075250586188,3,1.0,1
Male,43.0,664.0159284156,3,5.0,0
Male,42.0,960.059881105053,0,5.0,0
Female,46.0,498.801336608438,0,3.0,0
Male,34.0,467.601369667924,4,3.0,0
Male,16.0,443.436720190903,0,5.0,0
Male,34.0,640.097835053382,3,4.0,0
Female,25.0,510.150313138917,1,3.0,0
Female,28.0,168.395608330171,6,4.0,0
Female,23.0,643.591349904156,2,2.0,1
Male,30.0,311.448138296408,2,4.0,0
Male,29.0,515.364982390614,2,4.0,0
Female,11.0,748.935235332369,4,5.0,0
Male,42.0,471.417138351963,0,4.0,0
Female,57.0,398.891042871344,5,4.0,1
Male,41.0,903.205192905155,3,5.0,0
Female,33.0,285.071801643528,5,3.0,0
Male,34.0,782.902890335195,3,3.0,0
Female,31.0,586.451635360152,0,4.0,0
Female,36.0,365.195914925298,2,5.0,0
Male,27.0,517.928458269925,3,1.0,0
Female,52.0,709.185384349,2,4.0,0
Female,20.0,1135.73484527226,3,4.0,0
Female,42.0,501.092881352023,5,3.0,0
Female,34.0,301.503516687649,3,4.0,0
Female,54.0,373.198334784375,1,4.0,0
Female,38.0,946.532241519699,2,4.0,0
Male,31.0,425.58932090731,8,4.0,0
Female,33.0,598.997968159386,2,4.0,0
Female,35.0,549.169740165642,4,4.0,0
Male,24.0,501.092881352023,2,5.0,0
Male,27.0,544.336773483606,4,3.0,0
Male,17.0,326.877672482203,2,5.0,0
Female,36.0,501.092881352023,3,4.0,0
Female,38.0,244.671997407672,3,5.0,0
Female,15.0,559.768261773133,1,3.0,0
Male,41.0,501.092881352023,4,2.0,0
Male,33.0,353.834009465516,0,4.0,0
Male,31.0,402.63569061085,1,2.0,1
Male,30.0,701.435747502551,1,4.0,0
Female,29.0,642.807365216573,0,4.0,0
Female,37.0,958.271844386841,0,4.0,0
Male,58.0,514.503500418721,0,5.0,0
Male,28.0,501.092881352023,1,3.0,0
Female,32.0,559.915113246843,3,3.0,0
Male,34.0,135.465977272408,2,3.0,1
Female,28.0,711.378197766753,4,2.0,0
Female,46.0,829.165874613084,3,5.0,0
Male,11.0,653.451737554031,2,4.0,0
Male,30.0,469.200934866189,2,5.0,0
Female,43.0,862.191089565195,3,4.0,0
Male,32.0,650.012275029819,2,4.0,0
Female,39.0,501.092881352023,0,4.0,0
Male,44.0,576.422086540315,3,3.0,0
Male,37.0,772.274958310602,1,1.0,0
Male,27.0,959.78908064309,1,4.0,0
Male,40.0,517.705570048952,2,3.0,0
Male,31.0,451.176217790088,0,4.0,0
Female,42.0,644.980964912194,3,3.0,0
Male,50.0,601.42752449486,0,5.0,0
Female,9.0,682.924544660814,4,3.0,0
Male,36.0,184.708811774983,0,3.0,0
Male,18.0,501.092881352023,3,4.0,0
Male,59.0,89.4596365061036,0,3.0,0
Male,30.0,79.5987976098712,3,5.0,0
Female,42.0,755.411559882344,2,2.0,0
Female,35.0,1146.07306079685,3,4.0,0
Male,27.0,501.092881352023,3,4.0,0
Female,26.0,237.626282896592,3,3.0,0
Female,51.0,936.988188753274,4,1.0,0
Female,45.0,724.708062368935,1,3.0,0
Male,54.0,323.799338229711,3,5.0,0
Male,36.0,245.206636878781,4,4.0,0
Female,38.0,501.092881352023,3,5.0,0
Female,32.0,78.9118897067447,2,3.0,0
Male,32.0,525.426097892511,0,4.0,0
Female,25.0,693.422862448256,8,4.0,1
Female,36.0,520.151628823204,0,5.0,0
Male,27.0,420.123490481216,1,4.0,0
Female,39.0,547.80818589291,3,4.0,0
Male,37.0,745.812834017112,1,5.0,0
Female,38.0,942.893600404836,3,5.0,0
Male,35.0,358.873393305035,1,4.0,0
Male,43.0,946.164037326335,1,4.0,0
Male,56.0,969.801334868712,1,3.0,0
Male,48.0,501.092881352023,2,4.0,0
Male,47.0,199.805266962326,1,3.0,0
Male,32.0,249.716058653497,0,4.0,0
Male,37.0,508.095252786898,3,4.0,0
Male,22.0,608.986282282376,0,4.0,0
Male,40.0,501.092881352023,1,3.0,0
Female,38.0,92.105303324417,2,4.0,0
Male,35.0,677.690339305439,2,3.0,0
Female,45.0,546.273371728639,1,4.0,0
Male,23.0,528.354318870933,3,1.0,0
Female,51.0,665.805444831448,1,3.0,0
Male,44.0,551.830642781317,2,4.0,0
Male,34.0,248.940881457992,1,3.0,0
Male,34.0,880.649061923254,2,3.0,0
Female,50.0,493.903286152111,0,4.0,0
Male,36.0,341.744626410531,2,3.0,0
Male,36.0,638.134643381113,1,3.0,0
Female,35.0,665.916893501727,1,3.0,0
Male,53.0,501.092881352023,1,4.0,0
Female,31.0,458.637059433447,0,3.0,0
Male,35.0,774.218941305665,3,3.0,0
Female,50.0,358.145646722646,2,4.0,0
Male,36.0,6.71184061587775,3,5.0,1
Male,46.0,99.7920040889833,1,1.0,0
Male,26.0,145.210163365816,3,3.0,1
Male,33.0,1110.74774494006,2,4.0,0
Female,50.0,861.067152894219,0,4.0,0
Male,28.0,183.371633099043,4,1.0,0
Male,33.0,45.6154099605653,1,3.0,0
Female,38.0,761.619052460668,2,4.0,0
Male,25.0,183.077738284418,1,2.0,0
Female,31.0,391.129142347517,4,4.0,0
Female,36.0,571.877283709235,1,4.0,0
Male,35.0,624.463931431511,5,5.0,1
Female,48.0,214.079037823781,3,3.0,0
Male,50.0,403.709642288942,1,5.0,0
Male,26.0,622.546904054419,3,4.0,0
Male,36.0,113.179352490126,0,2.0,1
Male,50.0,913.152958746685,5,3.0,1
Female,42.0,621.929948302633,2,2.0,0
Female,38.0,253.203709487536,3,3.0,0
Female,42.0,393.222974341015,0,3.0,0
Male,42.0,730.630155150222,3,3.0,0
Female,26.0,802.47893734254,1,4.0,0
Female,37.0,458.722498150891,2,5.0,0
Male,50.0,501.092881352023,1,2.0,0
Female,33.0,692.37992454751,1,5.0,0
Female,36.0,709.310971424953,1,3.0,0
Female,12.0,719.223974416159,3,5.0,0
Female,35.0,440.617784173218,2,3.0,0
Male,30.0,521.805252249005,3,4.0,0
Female,23.0,219.276652293055,5,4.0,1
Female,26.0,677.068679654696,3,5.0,0
Female,43.0,372.917947664394,2,5.0,0
Male,55.0,1474.04855081555,1,4.0,0
Female,49.0,1012.84281753689,2,3.0,0
Female,22.0,241.688025648004,2,2.0,0
Male,44.0,875.334891254506,2,1.0,0
Female,28.0,307.052447190829,3,5.0,0
Female,29.0,124.374463391768,1,4.0,0
Female,30.0,107.235587773338,2,1.0,1
Male,42.0,844.332089229135,1,2.0,0
Male,34.0,666.512170163755,1,3.0,0
Male,34.0,167.920942907263,4,4.0,1
Male,41.0,245.788910939718,3,3.0,0
Female,47.0,783.601538571015,2,1.0,0
Female,22.0,521.339464865543,3,4.0,0
Male,35.0,426.017240729583,2,3.0,0
Female,24.0,501.092881352023,3,2.0,1
Female,34.0,185.19853735355,3,5.0,0
Female,33.0,471.44796994702,1,3.0,0
Male,35.0,223.056471585462,0,4.0,0
Female,27.0,306.914118466037,1,2.0,1
Male,20.0,551.66905181384,4,4.0,0
Female,14.0,416.883167520128,2,4.0,0
Male,34.0,879.529529520626,6,4.0,1
Male,31.0,426.506354896481,3,4.0,0
Female,28.0,664.719124334411,1,3.0,0
Male,48.0,320.338054272393,1,2.0,0
Female,26.0,668.163453145647,2,4.0,0
Female,49.0,501.092881352023,3,5.0,0
Male,51.0,335.791381283919,3,5.0,0
Female,15.0,903.26382106347,4,4.0,0
Female,36.0,574.955546837718,3,4.0,0
Male,31.0,22.6967258643628,2,4.0,0
Female,6.0,942.912051398494,1,4.0,0
Male,21.0,351.600633944599,0,4.0,0
Male,43.0,444.019391614118,3,3.0,0
Female,55.0,684.372548578004,2,4.0,0
Male,44.0,563.939022795599,1,1.0,1
Female,38.0,286.017043157425,2,3.0,0
Female,35.0,89.985184455426,2,3.0,1
Female,52.0,29.5579753381192,3,4.0,1
Female,56.0,542.232973927405,2,5.0,0
Male,29.0,356.338230542197,1,3.0,0
Male,15.0,501.092881352023,1,4.0,0
Female,14.0,151.579572819051,0,5.0,1
Male,48.0,130.579874997006,5,2.0,1
Female,35.0,39.2697426292763,2,4.0,0
Female,37.0,392.65834433778,5,4.0,1
Female,27.0,654.471534844247,4,4.0,0
Male,37.0,597.780097920838,3,3.0,0
Male,31.0,8.71930296090812,1,4.0,1
Male,25.0,41.5441482342169,0,4.0,0
Male,47.0,804.486031699527,5,2.0,1
Female,37.0,618.430191166594,2,4.0,0
Female,41.0,501.092881352023,2,4.0,0
Male,26.0,373.552862137499,1,5.0,0
Male,5.0,684.701382159732,3,3.0,0
Female,30.0,501.092881352023,4,3.0,0
Male,26.0,874.738079800037,6,4.0,1
Female,38.0,641.318682359005,4,3.0,0
Female,68.0,880.550245375093,1,4.0,0
Female,42.0,731.439513720774,1,4.0,0
Male,62.0,650.916783568358,1,2.0,1
Male,41.0,871.394381254372,5,4.0,0
Male,29.0,481.725710512949,3,5.0,0
Female,38.0,139.172727872044,2,3.0,0
Female,53.0,331.872808249822,1,3.0,0
Female,29.0,321.326049053302,1,2.0,1
Male,38.0,462.069407036154,3,3.0,0
Male,21.0,14.8084548300662,2,3.0,1
Male,43.0,1341.87288201054,1,3.0,0
Female,51.0,501.092881352023,2,4.0,0
Female,35.0,501.092881352023,2,3.0,0
Female,28.0,1018.89328252868,1,2.0,0
Female,39.0,248.782589328199,1,5.0,0
Male,39.0,579.452935209268,2,4.0,0
Female,36.0,403.925786651593,5,3.0,0
Male,37.0,448.495187982541,2,3.0,0
Female,33.0,379.936155921902,4,3.0,0
Female,45.0,489.630878965217,1,5.0,0
Female,42.0,404.718054741125,0,2.0,0
Female,25.0,758.589284553086,0,4.0,0
Male,25.0,367.493290790245,4,5.0,0
Female,32.0,338.139857392501,0,5.0,0
Female,42.0,46.321339198386,3,2.0,0
Female,36.0,685.028862011836,4,3.0,0
Male,29.0,469.486062857216,1,5.0,0
Female,38.0,163.473598499965,1,4.0,1
Female,32.0,853.181982427867,3,4.0,0
Male,38.0,1111.59812649572,0,2.0,0
Female,32.0,300.082574831712,1,4.0,0
Female,37.0,799.086243078186,4,5.0,0
Male,48.0,681.401405709677,0,5.0,0
Male,29.0,402.029630174242,5,4.0,1
Male,39.0,228.436030102616,5,5.0,1
Female,39.0,539.307041401573,3,5.0,0
Female,28.0,333.66759555361,2,5.0,0
Female,36.0,542.424178949262,1,4.0,0
Female,46.0,609.112170219568,2,5.0,0
Male,26.0,876.763433610413,0,2.0,0
Female,22.0,501.092881352023,2,4.0,0
Female,22.0,501.092881352023,0,4.0,0
Male,23.0,501.092881352023,1,4.0,0
Female,41.0,439.826648778548,2,4.0,0
Male,21.0,828.017608179349,4,4.0,0
Male,41.0,308.934016087594,4,4.0,0
Female,39.0,181.535578860353,3,5.0,1
Male,31.0,367.997429133005,2,4.0,0
Male,37.0,469.364168877189,0,4.0,0
Female,36.0,643.352887464859,0,4.0,0
Male,33.0,280.288565861101,4,3.0,0
Female,33.0,501.092881352023,8,2.0,0
Male,57.0,501.092881352023,0,4.0,0
Female,43.0,634.805356985815,1,4.0,0
Female,60.0,110.221992391989,3,5.0,1
Male,34.0,101.320053481281,4,4.0,1
Male,22.0,814.889843225988,1,3.0,0
Male,27.0,299.985053639572,0,5.0,0
Male,54.0,516.991796662661,2,5.0,0
Female,30.0,662.907802687148,1,5.0,0
Male,54.0,501.092881352023,1,1.0,1
Female,23.0,361.75509564581,3,4.0,0
Female,24.0,444.523528016952,1,4.0,0
Female,34.0,490.999399669918,1,2.0,1
Male,44.0,398.644229876387,4,3.0,0
Male,40.0,492.964777846777,0,5.0,0
Female,31.0,559.441297294901,0,4.0,0
Female,34.0,732.458400418256,4,5.0,0
Male,32.0,489.611827602356,1,3.0,0
Male,26.0,902.362642620335,3,5.0,0
Female,26.0,736.763664787669,2,2.0,0
Female,45.0,501.092881352023,1,5.0,0
Female,17.0,483.991081195049,1,4.0,0
Male,51.0,541.707411151299,4,4.0,0
Male,32.0,329.072733138314,3,3.0,0
Male,42.0,465.943492167622,1,4.0,0
Male,50.0,312.708143861863,2,4.0,0
Female,46.0,317.536546182724,1,2.0,1
Male,40.0,256.134831674214,1,4.0,0
Female,18.0,467.205990516017,2,5.0,0
Male,30.0,241.402047486541,1,5.0,0
Male,26.0,939.024444873124,2,5.0,0
Female,47.0,177.42533423011,1,3.0,0
Female,31.0,252.685783828752,1,4.0,0
Male,43.0,446.29098370184,0,3.0,0
Male,40.0,501.092881352023,4,3.0,0
Female,26.0,457.142765630819,2,4.0,0
Female,48.0,819.506413570901,2,4.0,0
Male,27.0,154.837809087133,2,5.0,1
Female,36.0,470.90756647308,0,4.0,0
Male,27.0,1032.46943925942,2,5.0,0
Female,32.0,501.092881352023,2,4.0,0
Female,35.0,254.83804070003,3,5.0,0
Male,27.0,839.49537852867,1,1.0,0
Male,25.0,776.209232130141,0,3.0,0
Male,38.0,487.624179242671,0,3.0,0
Female,27.0,729.518021452457,2,4.0,0
Female,26.0,563.030056370546,2,4.0,0
Male,34.0,1073.6610909723,2,4.0,0
Male,44.0,759.837194449595,4,5.0,0
Female,50.0,627.035684978083,3,4.0,0
Male,28.0,586.722398618367,2,3.0,0
Male,57.0,38.4201116129303,2,3.0,1
Female,25.0,342.216588477526,3,2.0,1
Female,46.0,35.1822520220948,0,4.0,0
Female,28.0,640.706674937834,0,4.0,0
Female,26.0,864.263306182941,3,4.0,0
Male,28.0,501.092881352023,2,5.0,0
Male,34.0,501.092881352023,2,1.0,1
Male,41.0,423.265913762689,0,2.0,1
Female,42.0,346.796057342422,2,5.0,0
Male,26.0,1205.42145222945,2,3.0,0
Female,25.0,88.7235542148334,2,5.0,1
Male,26.0,420.787481504481,3,3.0,0
Female,34.0,321.393472090565,3,3.0,0
Female,33.0,154.689846568406,0,5.0,0
Male,25.0,540.668226765366,4,1.0,1
Female,38.0,410.393970976836,9,4.0,0
Female,58.0,222.829229687598,4,4.0,0
Male,30.0,700.713309747485,2,4.0,0
Male,31.0,587.598375994093,5,1.0,1
Male,41.0,261.264716808774,1,2.0,1
Female,29.0,405.276977884612,4,4.0,0
Female,42.0,1040.51954488895,2,5.0,0
Female,28.0,971.616240481989,1,5.0,0
Female,53.0,724.049412097048,1,5.0,0
Female,38.0,271.832790668096,2,4.0,0
Male,29.0,698.055368238891,1,4.0,0
Male,30.0,352.879638812769,1,2.0,0
Female,49.0,824.181503891011,2,3.0,0
Female,22.0,271.973574830706,2,5.0,0
Female,28.0,711.119924184852,0,4.0,0
Male,29.0,501.092881352023,3,4.0,0
Female,35.0,622.848812299883,1,4.0,0
Female,32.0,705.356988657137,3,1.0,1
Female,20.0,512.196978612339,1,4.0,0
Female,31.0,896.46616429159,0,4.0,0
Male,34.0,1308.96281922239,3,4.0,0
Female,29.0,742.412849957201,2,5.0,0
Male,42.0,239.041453871854,2,4.0,0
Male,44.0,154.141505614688,4,1.0,0
Female,37.0,680.268047176917,1,4.0,0
Male,13.0,598.864125723653,1,4.0,0
Female,31.0,990.628949295031,4,5.0,0
Female,45.0,9.57941586633507,2,5.0,0
Female,28.0,241.496326712844,3,5.0,0
Male,58.0,949.810854354867,3,4.0,0
Male,53.0,608.736895609929,2,4.0,0
Male,40.0,501.092881352023,2,3.0,0
Female,46.0,297.466646249861,3,3.0,0
Male,13.0,317.24833380637,2,4.0,0
Male,27.0,1020.1279059462,1,3.0,0
Male,30.0,774.161426674079,3,1.0,1
Male,30.0,599.927783304175,1,4.0,0
Female,9.0,100.327435283803,3,5.0,0
Male,39.0,551.250202816932,0,1.0,0
Female,40.0,452.350408079883,2,5.0,0
Male,51.0,1025.79562079621,1,3.0,0
Male,27.0,485.151689146695,0,2.0,0
Female,26.0,487.053759517099,0,4.0,0
Male,8.0,157.533860384492,3,4.0,1
Male,32.0,24.2317054201688,1,4.0,0
Male,44.0,257.665714629958,3,3.0,0
Male,29.0,501.092881352023,2,3.0,0
Male,56.0,344.831302094675,1,3.0,0
Male,32.0,753.159269094168,1,5.0,0
Female,36.0,295.488753118191,1,4.0,0
Female,21.0,564.44655861576,2,3.0,0
Female,38.0,552.531183254356,2,5.0,0
Male,15.0,611.640406037694,2,4.0,0
Male,42.0,501.092881352023,1,3.0,0
Male,42.0,901.9649331434,0,5.0,0
Male,49.0,482.205117993295,1,2.0,0
Female,25.0,698.060771396843,3,4.0,0
Male,37.0,1215.91993621662,2,4.0,0
Male,41.0,247.930128639857,2,4.0,0
Female,39.0,367.317795210043,2,4.0,0
Female,26.0,151.32015018789,1,5.0,1
Female,11.0,482.630067044249,1,5.0,0
Female,38.0,732.940713376986,0,4.0,0
Male,33.0,156.420613878858,1,3.0,1
Male,29.0,595.359553125757,1,2.0,0
Male,43.0,923.931553165798,2,4.0,0
Male,35.0,790.849110048667,3,2.0,1
Male,22.0,1061.84170492248,0,4.0,0
Male,16.0,43.0184928971573,3,3.0,1
Male,24.0,720.785631556292,0,4.0,0
Female,59.0,405.49707454139,3,2.0,0
Female,42.0,414.914153719135,4,3.0,0
Male,37.0,301.392420513783,1,5.0,0
Female,33.0,577.553463779298,1,3.0,0
Male,95.0,8529.70495290964,0,3.0,0
Female,47.0,457.763040902851,3,3.0,0
Male,30.0,49.6241642219615,2,3.0,0
Female,41.0,761.219639624869,1,4.0,0
Male,32.0,566.570930028295,4,3.0,0
Male,54.0,501.092881352023,3,3.0,0
Male,42.0,559.776570352683,3,4.0,0
Female,47.0,346.165281742455,1,5.0,0
Female,29.0,192.714007820511,2,2.0,0
Male,46.0,501.092881352023,0,3.0,0
Female,36.0,770.988210781529,1,5.0,0
Male,51.0,527.679856190839,1,5.0,0
Male,25.0,401.677211677717,2,4.0,0
Male,37.0,490.765560726633,1,3.0,0
Female,39.0,382.561383725288,4,3.0,0
Male,40.0,501.092881352023,5,4.0,0
Male,30.0,95.131294672886,0,5.0,0
Male,56.0,735.379435323166,4,5.0,0
Male,22.0,1068.73843584805,2,4.0,0
Female,50.0,403.935316239538,4,3.0,0
Female,47.0,409.217851013271,2,1.0,1
Male,54.0,467.782508194818,1,4.0,0
Male,26.0,251.143158546191,0,3.0,0
Female,50.0,351.259391445119,2,1.0,0
Male,16.0,704.534350818305,2,4.0,0
Female,30.0,565.722700071404,3,4.0,0
Female,37.0,661.170117629626,2,3.0,0
Male,51.0,766.031133871101,1,5.0,0
Male,33.0,226.553716653963,4,4.0,0
Male,29.0,498.239540070211,1,1.0,1
Female,38.0,958.56841085091,2,3.0,0
Male,40.0,468.885454753861,1,4.0,0
Male,39.0,793.749984857681,3,2.0,1
Male,33.0,1325.6567409323,1,3.0,0
Male,15.0,371.909023888819,1,3.0,0
Female,26.0,365.383820282461,2,4.0,0
Female,49.0,715.923436729189,1,3.0,0
Male,37.0,151.755199511803,3,3.0,0
Male,32.0,823.576911627534,3,4.0,0
Female,46.0,1083.43112497965,5,4.0,0
Male,24.0,972.482220329226,5,3.0,0
Female,33.0,478.00407368521,2,1.0,0
Female,36.0,816.411552291915,2,5.0,0
Female,31.0,746.589621246821,4,5.0,0
Male,33.0,362.131580201987,1,4.0,0
Female,21.0,1005.68079554938,1,3.0,0
Male,37.0,501.092881352023,3,4.0,0
Male,49.0,290.72386253658,6,4.0,0
Female,32.0,809.376011215461,0,1.0,1
Female,23.0,752.090463000375,2,2.0,0
Female,34.0,812.000187965286,4,3.0,0
Male,41.0,611.117681197942,2,1.0,0
Male,34.0,1003.07808298063,2,5.0,0
Female,52.0,299.243726790595,1,4.0,0
Male,47.0,597.511353676216,2,3.0,0
Female,33.0,472.230077441513,2,4.0,0
Female,42.0,599.587722821075,0,3.0,0
Female,31.0,655.149131899774,0,5.0,0
Male,35.0,197.286480511824,1,5.0,1
Male,31.0,481.39569653679,2,4.0,0
Male,43.0,1067.73662140301,1,4.0,0
Male,49.0,915.543393871792,3,4.0,0
Female,43.0,342.640164724304,2,4.0,0
Male,44.0,701.68798124877,3,3.0,0
Male,44.0,573.649363835015,2,4.0,0
Male,41.0,826.971376016797,2,4.0,0
Female,24.0,622.424395923721,5,4.0,1
Female,52.0,472.592368380957,2,4.0,0
Male,53.0,284.627796995027,3,4.0,0
Male,31.0,655.691396485359,1,4.0,0
Male,41.0,620.196731018784,5,4.0,0
Female,33.0,587.447762834404,3,4.0,0
Male,38.0,742.951518622381,0,1.0,1
Male,41.0,180.327315202531,1,5.0,1
Female,42.0,279.372062607751,1,2.0,0
Female,38.0,501.092881352023,1,2.0,1
Male,32.0,403.01278154634,1,5.0,0
Female,45.0,95.4033254771063,3,2.0,0
Female,30.0,665.768806322673,4,4.0,0
Male,33.0,225.153410333333,0,3.0,0
Male,18.0,249.525646169033,1,4.0,0
Male,33.0,290.512753731184,3,4.0,0
Male,42.0,62.4310925252332,1,4.0,0
Male,38.0,501.092881352023,3,4.0,0
Male,50.0,1114.6455333139,5,3.0,0
Male,32.0,31.182028705784,1,4.0,1
Female,40.0,568.315034529658,5,5.0,0
Female,43.0,448.36081011984,2,4.0,0
Male,58.0,853.029545060657,6,1.0,1
Male,36.0,717.497781373154,0,4.0,0
Male,25.0,747.227451346903,2,4.0,0
Male,43.0,93.783840037643,2,1.0,1
Male,54.0,526.277856940539,4,1.0,0
Female,32.0,312.873237057666,4,2.0,0
Female,43.0,295.714280496787,0,4.0,0
Female,47.0,515.139781349986,2,3.0,0
Male,45.0,584.07921055595,1,3.0,0
Male,36.0,861.488785778081,2,2.0,1
Male,28.0,352.757143210871,2,3.0,0
Male,34.0,253.409157026569,3,3.0,0
Male,40.0,406.148907450623,0,5.0,0
Male,44.0,684.281383747351,3,4.0,0
Female,38.0,621.632323802787,4,4.0,0
Male,31.0,402.296035847475,3,5.0,0
Female,44.0,283.067957085967,2,5.0,0
Female,39.0,366.862540369745,2,1.0,0
Female,27.0,442.510523278341,0,4.0,0
Male,33.0,176.329980733341,1,4.0,1
Male,44.0,363.530168040922,1,4.0,0
Male,21.0,186.165656604569,1,3.0,1
Male,14.0,303.478214344549,1,4.0,0
Male,50.0,759.958741302195,5,3.0,0
Male,40.0,577.230629830384,1,3.0,0
Male,41.0,343.581864241987,3,3.0,0
Male,24.0,477.233359579419,1,5.0,0
Female,42.0,39.4448079503098,1,4.0,0
Male,38.0,493.076770435462,2,5.0,0
Female,19.0,439.42398056082,1,4.0,0
Male,49.0,403.791104418476,3,5.0,0
Male,37.0,479.895945032382,0,3.0,0
Female,31.0,788.72480102147,1,4.0,0
Female,31.0,478.497636180665,6,3.0,0
Male,15.0,772.187875518779,3,3.0,0
Male,41.0,767.880132644619,1,5.0,0
Female,38.0,135.464301572601,2,3.0,1
Female,33.0,774.38758689539,3,4.0,0
Female,48.0,501.092881352023,1,1.0,0
Female,21.0,387.41220336256,3,2.0,1
Male,29.0,456.367230543907,0,2.0,1
Male,26.0,796.240679932494,2,4.0,0
Male,32.0,699.385586670775,4,4.0,0
Female,36.0,78.6863799741003,1,4.0,1
Female,39.0,314.322045426899,3,3.0,0
Male,32.0,211.970085651972,4,4.0,0
Male,26.0,215.654081758254,2,5.0,0
Male,52.0,263.577709144466,5,2.0,0
Female,59.0,522.098933107943,4,4.0,0
Female,36.0,890.584105759797,2,3.0,0
Female,27.0,721.476330348404,1,4.0,0
Male,50.0,577.768962440742,1,5.0,0
Female,21.0,442.632384530249,1,4.0,0
Male,32.0,524.359448657884,0,4.0,0
Female,28.0,515.587545309939,0,5.0,0
Male,23.0,688.559913590911,2,4.0,0
Female,32.0,501.092881352023,3,4.0,0
Male,26.0,789.89487116931,3,2.0,1
Male,35.0,493.793963758688,1,4.0,0
Female,35.0,161.856300911451,1,5.0,0
Male,29.0,404.433393725144,5,4.0,1
Female,31.0,524.766253406104,1,3.0,0
Female,33.0,501.092881352023,3,5.0,0
Female,43.0,101.992661872805,2,4.0,0
Male,34.0,501.092881352023,5,2.0,1
Male,43.0,443.727051787547,3,4.0,0
Male,41.0,202.493697591691,3,1.0,1
Female,41.0,245.782077102558,2,4.0,0
Male,49.0,16.8400936142996,5,3.0,1
Female,24.0,404.698206315831,1,1.0,1
Female,53.0,501.092881352023,2,4.0,0
Female,32.0,454.690557017011,1,3.0,0
Male,7.0,93.9666127147727,5,3.0,1
Female,36.0,635.903425271935,1,3.0,0
Female,9.0,456.451479198336,3,3.0,0
Female,48.0,306.006167518278,3,4.0,0
Male,28.0,284.616578851314,4,4.0,0
Male,38.0,178.12399517109,1,2.0,0
Male,33.0,390.826693041732,1,5.0,0
Female,22.0,40.427518152129,1,4.0,0
Male,24.0,977.14111080969,4,3.0,0
Female,26.0,555.618783728205,1,3.0,0
Female,46.0,724.936851205878,2,4.0,0
Male,34.0,502.79122600266,0,4.0,0
Female,30.0,441.5386551372,3,4.0,0
Male,26.0,558.357041003057,1,5.0,0
Female,47.0,1092.27937248151,4,1.0,1
Female,50.0,435.817540093515,2,1.0,1
Male,47.0,129.649345399659,0,4.0,0
Male,40.0,767.052184858411,0,4.0,0
Female,38.0,140.236869260407,5,4.0,1
Female,33.0,1.16147305889484,2,1.0,0
Female,28.0,501.092881352023,4,5.0,0
Male,17.0,666.158842808982,4,4.0,0
Male,46.0,574.98423397171,3,3.0,0
Male,28.0,391.413552041675,2,3.0,0
Female,47.0,326.106598870682,6,4.0,0
Male,44.0,201.183336655333,0,2.0,1
Male,41.0,353.211793842111,1,3.0,0
Male,41.0,587.950816349234,3,4.0,0
Male,29.0,76.0009647669156,3,5.0,1
Male,54.0,64.5494241246063,1,5.0,0
Female,35.0,843.202128814295,0,5.0,0
Female,38.0,243.872394183203,4,3.0,0
Male,29.0,642.259297992186,1,4.0,0
Male,26.0,501.092881352023,3,2.0,0
Female,40.0,357.115140170941,1,4.0,0
Female,37.0,35.5354149081118,1,4.0,0
Female,27.0,608.127769051834,1,2.0,0
Male,21.0,312.854876513887,2,2.0,0
Female,22.0,602.868468609813,2,4.0,0
Female,47.0,753.900721127727,1,1.0,0
Female,29.0,733.019640951864,3,4.0,0
Female,32.0,807.986752123383,1,2.0,1
Female,50.0,606.312770102847,1,3.0,0
Female,24.0,684.106657627968,2,4.0,0
Male,28.0,135.419669014961,3,5.0,0
Female,27.0,664.517355950802,1,3.0,0
Male,55.0,565.847177852054,0,2.0,0
Male,43.0,750.145799308967,5,3.0,1
Male,43.0,706.455222941494,5,5.0,1
Male,29.0,154.103320302207,3,4.0,0
Male,54.0,405.909433358409,5,4.0,1
Female,38.0,1054.32065307729,3,4.0,0
Male,44.0,244.575048184747,1,4.0,0
Male,34.0,466.643348124792,3,4.0,0
Male,32.0,501.092881352023,3,4.0,0
Female,52.0,595.270797294794,1,4.0,0
Male,50.0,388.358013453498,0,4.0,0
Female,27.0,629.567554778861,0,5.0,0
Female,29.0,526.886923195834,2,2.0,0
Male,36.0,448.316484002005,3,3.0,0
Male,29.0,698.42299448377,4,5.0,0
Male,47.0,142.790826143454,3,3.0,0
Male,30.0,147.960258858355,1,5.0,1
Male,36.0,902.448586131141,0,3.0,0
Female,38.0,985.707355652084,2,4.0,0
Male,29.0,336.378223606564,1,3.0,0
Male,50.0,358.494566259901,1,1.0,0
Male,24.0,802.631929581622,4,3.0,0
Male,38.0,145.039328927949,4,4.0,0
Female,37.0,593.193789053656,1,3.0,0
Male,34.0,665.79218706309,1,4.0,0
Female,22.0,614.809015707983,4,2.0,1
Male,44.0,447.157171075354,4,5.0,0
Female,42.0,382.568444762359,3,2.0,0
Male,28.0,365.927538014742,2,4.0,0
Male,39.0,631.490674508797,0,5.0,0
Female,22.0,501.092881352023,1,3.0,0
Female,26.0,501.092881352023,0,3.0,0
Male,46.0,500.503143319329,2,5.0,0
Female,38.0,489.052788433944,3,4.0,0
Female,29.0,429.988139497003,1,1.0,0
Male,26.0,478.66596270855,2,3.0,0
Female,30.0,555.335888133817,2,3.0,0
Male,31.0,769.778800035508,0,4.0,0
Female,95.0,1811.77768016944,2,4.0,0
Female,18.0,553.795895591757,2,3.0,0
Female,46.0,532.500505207779,1,4.0,0
Female,45.0,881.873671776329,2,4.0,0
Female,22.0,676.673770812089,2,4.0,0
Male,36.0,798.95816977055,1,4.0,0
Female,26.0,690.049128369662,2,4.0,0
Male,32.0,377.849015399171,1,2.0,0
Female,32.0,445.762891433428,2,4.0,0
Male,31.0,667.165260866351,2,4.0,0
Male,55.0,979.673315299189,1,3.0,0
Female,31.0,671.202700418225,2,5.0,0
Male,27.0,624.471557549155,1,5.0,0
Female,27.0,897.41732569957,0,4.0,0
Male,45.0,626.591542549498,3,4.0,0
Male,18.0,115.213993657618,2,3.0,0
Female,27.0,55.1161266539764,1,3.0,0
Male,49.0,197.694564605418,1,2.0,1
Male,37.0,380.586754587806,3,3.0,0
Male,56.0,1137.91421029247,5,4.0,1
Female,37.0,602.899484372291,2,3.0,0
Male,28.0,565.465776138593,2,3.0,0
Male,32.0,301.629227872518,1,5.0,0
Female,24.0,585.716471504138,0,5.0,0
Male,48.0,931.200983209171,1,4.0,0
Male,41.0,283.835215120471,3,4.0,0
Male,47.0,264.328960664171,0,3.0,0
Female,31.0,771.593152204584,2,2.0,1
Male,26.0,315.761880441857,2,4.0,0
Female,34.0,170.82666062281,4,4.0,0
Female,26.0,31.2794701816853,5,4.0,1
Male,46.0,501.092881352023,2,5.0,0
Male,33.0,810.415359162724,2,3.0,0
Male,36.0,449.748022731601,1,5.0,0
Male,34.0,23.9596976883437,3,3.0,1
Female,43.0,454.753982243388,2,1.0,1
Female,28.0,810.092480841327,0,4.0,0
Male,13.0,501.092881352023,0,4.0,0
Female,40.0,593.370004362576,2,5.0,0
Female,45.0,701.519401155227,3,5.0,0
Male,39.0,915.58383244129,2,5.0,0
Male,29.0,777.112140396372,0,4.0,0
Female,24.0,896.236160432057,2,5.0,0
Female,40.0,346.812554697637,2,4.0,0
Male,36.0,803.746711416199,1,4.0,0
Female,34.0,22.9037386978006,4,4.0,0
Male,53.0,407.941051342438,2,3.0,0
Female,26.0,1113.7100753243,2,2.0,0
Male,53.0,572.396165481003,4,4.0,0
Male,35.0,231.99505449741,2,4.0,0
Female,17.0,1195.8802942003,1,5.0,0
Female,33.0,627.337837325426,0,4.0,0
Male,45.0,851.086849464822,2,2.0,1
Male,31.0,421.582138743273,2,4.0,0
Male,20.0,97.3625413937417,2,2.0,0
Female,95.0,6868.73487173012,0,3.0,0
Female,40.0,128.444099776043,2,1.0,1
Male,43.0,549.073453621712,2,3.0,0
Male,24.0,936.770891200784,4,1.0,1
Male,28.0,1049.66222979181,3,4.0,0
Male,43.0,369.520076498594,2,5.0,0
Female,26.0,525.640400882127,3,4.0,0
Male,24.0,219.455208436721,2,4.0,0
Female,23.0,616.740156755539,2,1.0,1
Female,39.0,854.845717255719,3,4.0,0
Male,38.0,714.759809088306,1,4.0,0
Female,28.0,501.092881352023,2,4.0,0
Female,35.0,42.5840151923543,1,5.0,0
Female,50.0,307.64482874391,0,4.0,0
Female,15.0,290.274015135663,4,1.0,0
Female,40.0,876.576348086244,3,3.0,0
Male,34.0,526.361140797352,1,3.0,0
Male,28.0,241.402959879606,3,4.0,0
Female,42.0,501.092881352023,2,4.0,0
Female,43.0,319.093099900505,3,5.0,0
Male,13.0,527.788229681704,3,5.0,0
Female,28.0,217.426703673057,2,2.0,1
Male,58.0,347.336307837163,1,4.0,0
Female,41.0,322.081187703507,2,2.0,0
Male,42.0,535.054044569108,3,2.0,1
Female,47.0,770.487485211587,4,4.0,0
Male,35.0,717.37028640279,5,5.0,0
Male,43.0,612.489102657179,0,4.0,0
Male,40.0,228.393658522444,2,4.0,0
Female,32.0,386.133328309688,4,3.0,0
Male,37.0,615.624044735399,1,4.0,0
Female,29.0,710.148233638163,1,4.0,0
Male,23.0,646.32744371982,1,1.0,1
Male,27.0,553.405502786531,5,3.0,1
Male,32.0,509.741133086376,3,4.0,0
Male,26.0,700.624487792411,1,3.0,0
Male,30.0,864.194256062213,2,3.0,0
Female,33.0,763.672605193672,4,4.0,0
Male,39.0,39.6677568784188,1,4.0,0
Female,44.0,376.387350045551,0,1.0,1
Female,30.0,1217.09010837213,1,2.0,1
Male,48.0,527.826695572997,3,3.0,0
Female,44.0,758.280380901782,3,3.0,0
Male,40.0,501.092881352023,2,5.0,0
Female,37.0,501.092881352023,9,4.0,1
Female,47.0,99.1830521554261,0,4.0,1
Female,48.0,102.912042155072,4,4.0,0
Male,41.0,176.71505288778,2,3.0,0
Male,48.0,90.9033471479466,2,4.0,1
Female,32.0,501.092881352023,3,4.0,0
Female,35.0,605.636281380534,1,2.0,1
Male,44.0,296.381183376154,1,4.0,0
Male,44.0,268.576844731501,4,4.0,0
Male,20.0,436.834675134631,1,3.0,0
Female,37.0,614.067139316683,2,5.0,0
Female,26.0,707.128813132281,2,4.0,0
Male,38.0,829.159908557259,2,1.0,0
Male,49.0,72.5260281642381,1,4.0,1
Female,35.0,1047.49958246515,4,3.0,0
Male,37.0,542.534976544312,1,3.0,0
Female,47.0,337.82305386175,1,4.0,0
Male,20.0,508.009275315343,1,5.0,0
Female,40.0,534.872447488509,1,4.0,0
Female,35.0,629.994721792627,2,3.0,0
Female,41.0,564.114580993243,2,5.0,0
Female,30.0,1108.67494923707,1,5.0,0
Male,27.0,335.870340050112,1,4.0,0
Male,36.0,491.124826335885,0,4.0,0
Male,51.0,116.793752303414,4,5.0,1
Male,44.0,1357.69090316662,0,3.0,0
Male,30.0,533.22003956064,0,4.0,0
Female,22.0,484.373981088676,0,1.0,0
Female,18.0,746.994683531763,1,2.0,1
Female,48.0,713.708977901886,0,5.0,0
Male,25.0,196.800277517333,2,4.0,0
Male,32.0,812.54667220984,2,4.0,0
Male,48.0,313.513022928961,0,4.0,0
Female,19.0,46.5779005972012,1,2.0,0
Male,50.0,293.794738916614,1,3.0,0
Female,32.0,485.579370746562,2,5.0,0
Male,24.0,487.864026772983,0,4.0,0
Male,33.0,227.189514534456,1,3.0,0
Male,28.0,501.092881352023,0,4.0,0
Male,39.0,514.336739297731,3,4.0,0
Male,29.0,183.735832364578,1,2.0,1
Male,16.0,400.984245392303,4,3.0,0
Female,33.0,400.640023209849,1,4.0,0
Female,21.0,127.384548975495,3,2.0,0
Female,37.0,307.933350712212,4,3.0,0
Male,23.0,241.671920812199,0,3.0,0
Female,30.0,338.749066081396,1,2.0,0
Female,37.0,176.002651385489,4,4.0,0
Male,33.0,537.873479971836,4,5.0,0
Female,38.0,485.987965612722,6,4.0,1
Male,42.0,512.947406106175,1,4.0,0
Male,23.0,591.653713394402,3,4.0,0
Male,34.0,498.102050805282,0,5.0,0
Male,2.0,789.427201279118,0,2.0,1
Female,37.0,73.0190642849573,1,3.0,1
Female,32.0,243.830378331558,3,2.0,0
Female,25.0,684.897142386848,2,5.0,0
Male,38.0,690.944676310371,4,4.0,0
Male,47.0,1058.89078729705,1,4.0,0
Male,30.0,9.90808273171257,2,5.0,0
Female,26.0,34.3948851499554,2,4.0,0
Male,37.0,548.405808344314,2,2.0,1
Male,22.0,198.597500251453,1,3.0,1
Male,28.0,501.092881352023,4,4.0,0
Female,47.0,487.193631606811,2,4.0,0
Male,36.0,390.473176888564,1,4.0,0
Female,16.0,815.543057925619,3,1.0,0
Female,17.0,876.012735072013,3,2.0,0
Male,37.0,321.742744562343,1,4.0,0
Male,44.0,153.235525542564,4,2.0,0
Female,19.0,274.771888930134,6,4.0,0
Female,39.0,416.188673859806,2,3.0,0
Female,48.0,1192.33305974571,0,4.0,0
Male,54.0,889.806417299837,2,5.0,0
Male,38.0,93.2125525825944,1,2.0,1
Male,40.0,605.222467686159,1,3.0,0
Male,14.0,527.256762820054,3,4.0,0
Male,56.0,397.160262266807,2,4.0,0
Male,29.0,951.7430970249,0,3.0,0
Female,26.0,257.569298664875,3,3.0,0
Male,32.0,343.610041213529,1,5.0,0
Female,50.0,546.168751642078,1,2.0,1
Female,57.0,787.084375159542,3,4.0,0
Male,36.0,12.6091521520235,2,4.0,1
Male,45.0,478.676626300649,2,5.0,0
Male,35.0,805.480586777051,7,5.0,0
Male,25.0,758.628716956127,1,4.0,0
Male,50.0,934.842312793691,2,3.0,0
Female,29.0,157.083402015861,1,5.0,1
Male,50.0,441.941995245282,4,4.0,0
Female,48.0,485.204701068173,2,1.0,0
Male,41.0,867.869730133963,1,5.0,0
Female,57.0,699.007399227408,1,3.0,0
Female,27.0,952.680417000593,1,5.0,0
Male,16.0,627.844480254046,3,4.0,0
Male,57.0,555.630483133717,3,4.0,0
Female,31.0,488.265586555125,2,3.0,0
Male,46.0,365.65956565224,2,4.0,0
Male,28.0,1021.10542957381,0,2.0,0
Male,50.0,495.526823517216,2,4.0,0
Female,28.0,501.092881352023,0,2.0,1
Male,23.0,928.776067235383,4,4.0,0
Female,33.0,228.574400783471,1,4.0,0
Male,30.0,470.168945526109,1,4.0,0
Female,41.0,452.231484266538,1,5.0,0
Female,34.0,409.726339211587,2,4.0,0
Male,41.0,501.092881352023,1,3.0,0
Female,28.0,312.513657074685,3,5.0,0
Male,29.0,501.092881352023,5,5.0,1
Female,55.0,413.190436628189,0,3.0,0
Female,37.0,951.402008408365,2,2.0,1
Female,15.0,490.88539850702,1,4.0,0
Male,30.0,472.360668122712,3,3.0,0
Male,36.0,455.692249166075,5,4.0,1
Male,53.0,853.962444153995,1,4.0,0
Male,45.0,624.56346060546,2,4.0,0
Male,26.0,368.311394233198,2,4.0,0
Female,59.0,965.032947702778,5,3.0,1
Male,35.0,678.283210174419,3,1.0,0
Male,47.0,1025.31563375332,2,5.0,0
Female,23.0,456.478146906503,2,4.0,0
Female,11.0,335.148374488766,1,4.0,0
Male,21.0,501.092881352023,1,3.0,0
Male,2.0,16.7341338089435,4,4.0,1
Male,56.0,143.098389775588,0,4.0,1
Female,37.0,485.305964588891,0,4.0,0
Female,26.0,663.306985974392,1,2.0,0
Male,40.0,611.765830939957,2,2.0,0
Male,37.0,465.781595749657,1,3.0,0
Male,41.0,622.21898859074,1,4.0,0
Male,47.0,192.657134255404,3,5.0,1
Male,32.0,891.836567030761,2,4.0,0
Male,95.0,3814.42012337606,2,4.0,0
Female,43.0,601.261231391697,2,2.0,0
Male,43.0,501.092881352023,1,4.0,0
Male,36.0,685.750329533632,4,4.0,0
Female,57.0,1123.63944760242,1,1.0,0
Male,31.0,298.659604289064,2,3.0,0
Male,26.0,100.078946977386,3,5.0,0
Female,39.0,903.738108319826,1,3.0,0
Male,28.0,485.503093601248,2,5.0,0
Female,40.0,455.004570350025,0,4.0,0
Male,27.0,600.639233706628,3,5.0,0
Female,31.0,794.309776340996,2,5.0,0
Male,54.0,501.092881352023,3,5.0,0
Female,31.0,329.076750216017,3,4.0,0
Male,27.0,662.228041077137,2,4.0,0
Male,24.0,27.8651980882923,2,5.0,0
Male,28.0,577.409366526591,0,2.0,0
Female,41.0,277.659161798499,4,5.0,0
Male,44.0,493.78549585338,0,4.0,0
Male,47.0,188.13799941998,2,1.0,1
Male,28.0,807.062987422932,1,5.0,0
Male,41.0,248.855026256773,0,5.0,0
Female,30.0,505.206898413493,1,5.0,0
Male,29.0,678.49945261223,3,3.0,0
Male,47.0,475.860694131007,0,5.0,0
Female,30.0,373.129359771731,0,5.0,0
Male,38.0,919.52684771857,5,3.0,1
Female,37.0,501.092881352023,1,4.0,0
Female,24.0,1085.9563661724,2,4.0,0
Female,45.0,234.12766165369,3,3.0,0
Male,41.0,501.092881352023,2,5.0,0
Male,15.0,589.251365040503,4,5.0,0
Female,38.0,833.05323602196,3,5.0,0
Male,27.0,281.497042604134,0,3.0,0
Female,46.0,1125.14709298865,2,4.0,0
Male,21.0,419.828388197946,2,4.0,0
Female,31.0,618.412444125489,2,3.0,0
Female,39.0,857.926880712827,2,4.0,0
Female,36.0,354.937102325983,2,3.0,0
Male,43.0,501.092881352023,1,1.0,0
Female,20.0,1050.74310262345,1,4.0,0
Male,52.0,644.001679950837,3,3.0,0
Male,40.0,785.720046132977,3,4.0,0
Female,49.0,547.478834100415,0,4.0,0
Male,44.0,1172.86423025724,5,3.0,1
Male,35.0,110.279802381021,2,1.0,1
Male,22.0,294.784352557971,1,4.0,0
Male,29.0,675.008207472078,1,3.0,0
Female,51.0,100.00573403665,2,4.0,0
Male,49.0,336.761150322569,3,4.0,0
Female,29.0,534.195869869493,2,4.0,0
Female,7.0,501.092881352023,1,4.0,0
Male,33.0,394.967670024828,2,5.0,0
Female,32.0,28.0492569924978,0,3.0,0
Female,33.0,542.724235182972,1,4.0,0
Female,40.0,501.092881352023,2,5.0,0
Male,44.0,501.092881352023,2,4.0,0
Female,45.0,784.473242389195,0,4.0,0
Female,39.0,880.414543349116,1,4.0,0
Male,17.0,164.035650675274,1,4.0,1
Male,32.0,711.382202184924,1,5.0,0
Male,58.0,702.619842378444,1,5.0,0
Male,39.0,983.325951479824,1,2.0,0
Female,39.0,405.686604663937,4,3.0,0
Male,39.0,599.857765064018,0,4.0,0
Male,39.0,523.208128120825,0,5.0,0
Female,11.0,536.79250390184,2,5.0,0
Male,33.0,252.327211728121,2,3.0,0
Male,35.0,244.880321323537,3,2.0,0
Male,35.0,913.671005129342,2,5.0,0
Male,19.0,411.486913003022,0,4.0,0
Male,39.0,615.020387604501,1,3.0,0
Male,27.0,501.092881352023,1,4.0,0
Female,23.0,649.12074764314,1,3.0,0
Male,27.0,560.101145212217,1,3.0,0
Male,40.0,196.319079214763,0,4.0,1
Female,48.0,1352.37227519208,3,3.0,0
Female,40.0,442.403224777871,4,4.0,0
Female,41.0,622.489719353383,3,2.0,0
Male,40.0,498.101477459645,1,3.0,0
Male,36.0,929.966483383204,2,4.0,0
Male,42.0,329.103426323805,3,4.0,0
Female,11.0,415.702666219729,2,5.0,0
Female,36.0,694.730712659091,2,1.0,1
Male,47.0,544.199889734438,3,4.0,0
Male,34.0,543.600206023776,3,3.0,0
Female,35.0,827.45651212494,2,5.0,0
Male,20.0,501.092881352023,1,3.0,0
Female,45.0,555.425335058576,2,4.0,0
Male,41.0,404.086729414796,1,4.0,0
Female,27.0,706.647141411849,2,3.0,0
Male,27.0,429.058471679184,0,2.0,1
Female,37.0,926.322954630361,2,5.0,0
Female,28.0,131.318104660761,2,5.0,0
Male,39.0,441.663896828612,3,3.0,0
Female,13.0,145.28032853814,3,3.0,0
Female,30.0,67.3831175752038,3,3.0,1
Male,53.0,584.693486977514,0,1.0,1
Male,39.0,1276.97102802735,1,4.0,0
Male,37.0,550.125718032575,3,4.0,0
Female,55.0,844.918670133863,3,5.0,0
Female,27.0,184.475522501919,1,4.0,0
Female,31.0,501.092881352023,2,4.0,0
Male,44.0,501.092881352023,1,3.0,0
Female,44.0,410.344524484682,1,4.0,0
Female,26.0,516.491662503577,4,4.0,0
Male,45.0,446.392146117576,2,4.0,0
Male,31.0,565.090876134389,4,3.0,0
Female,47.0,858.474481787388,1,3.0,0
Female,25.0,786.88890640482,0,4.0,0
Female,34.0,760.537359485192,2,3.0,0
Female,30.0,532.662474727752,0,5.0,0
Male,46.0,874.897763015285,2,3.0,0
Female,30.0,1074.19903562674,0,5.0,0
Female,35.0,780.579292865127,0,4.0,0
Female,40.0,981.230641435474,2,4.0,0
Male,40.0,239.382600019921,1,4.0,0
Female,44.0,773.177275269815,1,5.0,0
Male,37.0,421.495967678138,3,4.0,0
Male,31.0,164.807493541874,1,4.0,0
Male,32.0,836.092733313981,1,4.0,0
Male,35.0,417.538669696825,3,3.0,0
Female,37.0,906.79043006067,2,1.0,1
Female,34.0,661.641678392976,2,3.0,0
Female,35.0,755.516835666244,1,4.0,0
Female,20.0,328.711845430463,3,5.0,0
Male,42.0,73.7741682134461,2,2.0,0
Female,37.0,860.025683875518,2,3.0,0
Male,45.0,517.814857396088,0,2.0,1
Male,35.0,632.953459581124,1,1.0,0
Female,18.0,713.972715710947,1,4.0,0
Female,31.0,501.092881352023,1,4.0,0
Male,33.0,288.011283848415,0,4.0,0
Male,42.0,516.731531673494,3,4.0,0
Female,14.0,364.648148066566,2,4.0,0
Female,40.0,123.929515307598,0,3.0,1
Male,28.0,501.092881352023,6,3.0,1
Male,36.0,872.349017327129,1,1.0,0
Male,29.0,189.543359348574,3,5.0,0
Female,28.0,1046.46289510505,2,2.0,0
Female,31.0,197.429724272564,2,5.0,0
Female,28.0,375.144124516762,1,4.0,0
Male,42.0,156.688665150276,4,5.0,0
Male,28.0,992.929617378512,3,5.0,0
Female,26.0,263.216900368918,3,4.0,0
Female,53.0,283.027337585564,3,3.0,0
Female,45.0,283.672482161894,3,4.0,0
Male,16.0,707.644591190472,4,5.0,0
Female,27.0,597.202540218632,6,4.0,0
Female,37.0,818.602657627179,2,5.0,0
Male,38.0,719.596740009619,1,4.0,0
Male,20.0,869.826076527282,3,3.0,0
Female,47.0,260.892947950559,4,3.0,0
Male,49.0,325.340268658427,2,5.0,0
Female,40.0,244.116345064906,4,4.0,0
Female,39.0,464.746230493225,2,5.0,0
Female,51.0,528.638337976767,1,4.0,0
Female,27.0,28.7433526351149,4,5.0,1
Female,41.0,677.199414661211,1,3.0,0
Female,28.0,447.28326544624,1,2.0,1
Male,40.0,155.767077379659,7,4.0,0
Male,40.0,26.1531198542098,2,3.0,0
Female,21.0,659.703515386841,0,5.0,0
Male,34.0,546.46377318381,2,5.0,0
Female,38.0,165.003340249064,1,4.0,1
Male,31.0,380.154266053174,1,4.0,0
Male,38.0,594.509962308969,0,3.0,0
Male,43.0,436.192296260976,3,4.0,0
Male,37.0,501.092881352023,0,4.0,0
Female,49.0,883.933644503067,2,4.0,0
Male,40.0,383.118681600184,1,5.0,0
Male,37.0,862.042826807394,2,4.0,0
Female,25.0,349.721712595671,1,3.0,0
Male,42.0,509.421232138867,0,2.0,0
Male,38.0,206.325536302832,0,3.0,0
Female,48.0,1122.83863494576,2,2.0,0
Male,35.0,474.272647741834,0,2.0,1
Male,17.0,209.928494720538,2,4.0,0
Male,18.0,398.634557560372,0,4.0,0
Male,42.0,742.2291547795,0,2.0,1
Female,29.0,173.822638096671,0,3.0,1
Female,39.0,543.598294866015,3,5.0,0
Female,36.0,501.092881352023,1,4.0,0
Male,33.0,215.805751297646,3,2.0,0
Male,34.0,404.649606877327,1,3.0,0
Female,26.0,379.805660662338,0,3.0,0
Male,35.0,166.300020085289,3,4.0,0
Male,29.0,69.1438621776156,6,4.0,0
Male,31.0,852.900942802716,0,2.0,1
Male,32.0,716.142915232821,5,1.0,1
Male,33.0,869.584142839998,0,4.0,0
Male,44.0,432.966507242029,3,4.0,0
Female,34.0,619.86350659654,2,3.0,0
Male,45.0,589.696162135304,1,1.0,0
Male,50.0,501.092881352023,3,4.0,0
Male,44.0,504.7394826318,3,3.0,0
Male,40.0,544.360211030522,1,4.0,0
Female,38.0,451.598078014679,2,4.0,0
Female,44.0,87.2570598196396,1,5.0,0
Male,36.0,11.553164815203,1,4.0,1
Male,45.0,596.406239992542,2,5.0,0
Male,41.0,528.62997760097,1,5.0,0
Male,31.0,590.359731729237,4,5.0,0
Male,44.0,834.587069126342,2,1.0,1
Female,36.0,909.946191666773,5,3.0,0
Male,34.0,245.500059851661,2,5.0,0
Male,30.0,415.533423927315,0,4.0,0
Female,37.0,701.517648592882,1,2.0,1
Male,45.0,1008.15867242344,4,3.0,0
Female,44.0,896.877108466719,4,1.0,1
Male,39.0,417.053959860021,0,3.0,0
Male,41.0,494.147728988373,3,5.0,0
Male,48.0,705.860984458565,3,5.0,0
Male,34.0,299.269022712527,3,5.0,0
Male,24.0,947.057616292482,4,2.0,0
Female,48.0,766.538252122625,1,3.0,0
Female,30.0,303.498004415273,5,5.0,0
Female,28.0,640.863716020878,1,5.0,0
Male,17.0,911.248340719403,1,4.0,0
Male,41.0,730.752903160232,2,4.0,0
Male,19.0,469.546030636416,0,3.0,0
Male,27.0,344.341818239282,1,5.0,0
Female,41.0,244.724169710927,1,4.0,0
Female,28.0,222.463312818442,1,5.0,0
Male,26.0,854.366150436357,2,4.0,0
Female,30.0,310.600367513312,0,2.0,1
Female,38.0,55.644489582632,4,4.0,1
Male,30.0,633.484028113842,0,4.0,0
Male,33.0,534.862369234913,2,5.0,0
Male,20.0,389.348384208186,2,3.0,0
Male,46.0,320.501020866141,3,5.0,0
Female,40.0,570.194862106077,3,4.0,0
Female,43.0,904.061362570643,3,4.0,0
Male,48.0,400.444107073179,1,3.0,0
Female,27.0,293.537467715438,2,5.0,0
Female,31.0,815.935660253456,2,4.0,0
Male,66.0,508.165025254082,0,3.0,0
Male,34.0,516.454096369396,1,5.0,0
Female,45.0,900.397699941789,4,4.0,0
Male,23.0,1006.11509920177,2,3.0,0
Female,45.0,692.969720989638,3,4.0,0
Male,54.0,1003.33644187102,4,5.0,0
Male,34.0,501.092881352023,3,3.0,0
Female,25.0,501.092881352023,3,3.0,0
Male,34.0,522.172662080479,3,3.0,0
Female,13.0,149.478229709486,2,4.0,1
Male,35.0,152.042472649685,1,3.0,0
Male,43.0,335.38109664879,0,4.0,0
Male,35.0,576.190312202144,2,3.0,0
Male,32.0,583.717631349302,3,5.0,0
Male,40.0,222.676596313285,2,5.0,0
Female,41.0,379.376026350534,2,4.0,0
Male,18.0,541.047896200705,5,5.0,0
Male,36.0,501.092881352023,2,5.0,0
Male,59.0,379.483570981461,4,4.0,0
Female,34.0,349.69057113169,0,2.0,1
Male,54.0,313.440999835254,0,5.0,0
Female,46.0,625.070768216855,2,4.0,0
Female,30.0,501.092881352023,3,5.0,0
Male,35.0,850.891457809897,3,4.0,0
Female,28.0,274.324273469616,2,5.0,0
Male,34.0,1003.46921708937,3,2.0,0
Female,36.0,408.98766790826,1,3.0,0
Female,28.0,501.092881352023,1,2.0,0
Male,22.0,91.1987551653944,8,2.0,0
Male,35.0,420.802246131823,1,2.0,0
Male,52.0,623.06912508038,1,4.0,0
Male,32.0,746.324790919194,5,5.0,0
Male,43.0,190.703274859127,2,2.0,1
Female,33.0,322.664374943623,1,3.0,0
Female,54.0,544.898947812067,2,4.0,0
Female,35.0,1154.96881605142,3,3.0,0
Female,42.0,653.641613792157,5,3.0,1
Male,27.0,395.375399778634,3,5.0,0
Male,40.0,768.147983912488,1,4.0,0
Female,38.0,752.697287069045,2,4.0,0
Female,34.0,741.274703831902,0,4.0,0
Female,30.0,348.191117672644,3,5.0,0
Male,29.0,501.092881352023,3,1.0,0
Female,38.0,480.421776424422,6,5.0,0
Male,41.0,731.588185471686,3,3.0,0
Female,34.0,566.135977444649,3,3.0,0
Female,38.0,972.272011763828,1,4.0,0
Female,35.0,174.668432726643,0,4.0,1
Female,36.0,396.120750181069,1,3.0,0
Male,33.0,296.843629901946,0,4.0,0
Male,35.0,392.644866052419,4,3.0,0
Male,62.0,501.092881352023,1,4.0,0
Female,38.0,183.4927517167,2,1.0,0
Female,41.0,652.723037700067,0,5.0,0
Male,39.0,520.371643308478,1,5.0,0
Male,32.0,501.092881352023,3,4.0,0
Female,48.0,432.400286179279,1,3.0,0
Female,32.0,198.81505706759,0,5.0,0
Female,46.0,61.1739752980841,2,4.0,0
Female,32.0,625.567666087206,0,2.0,1
Female,25.0,604.666271235187,1,4.0,0
Male,39.0,954.083819078309,6,3.0,0
Female,24.0,287.843846923777,1,3.0,0
Male,40.0,206.692107807098,2,5.0,0
Male,23.0,648.358076146843,4,1.0,0
Female,32.0,562.294549523975,3,4.0,0
Male,21.0,644.185420067076,1,1.0,1
Male,63.0,391.77191830639,1,4.0,0
Male,35.0,284.821857962288,1,5.0,0
Male,45.0,752.416837046381,3,1.0,1
Male,44.0,529.638214900001,3,4.0,0
Female,32.0,594.398441534448,2,4.0,0
Male,49.0,57.5371873224564,2,5.0,0
Female,44.0,484.8988249014,0,5.0,0
Male,37.0,432.578185095393,3,4.0,0
Male,37.0,320.048737532123,0,5.0,0
Male,26.0,753.925446386989,2,4.0,0
Female,47.0,535.921651486891,2,5.0,0
Male,48.0,877.911750856844,2,4.0,0
Male,26.0,705.274392793686,1,5.0,0
Male,33.0,464.223312813509,2,4.0,0
Male,34.0,538.863318749675,0,3.0,0
Female,36.0,661.026602212186,0,3.0,0
Female,28.0,856.151753730411,3,1.0,0
Female,27.0,372.803572395885,1,3.0,0
Male,47.0,605.526567296014,4,3.0,0
Male,30.0,566.870704515492,1,4.0,0
Male,22.0,236.987792091686,3,5.0,0
Male,30.0,590.601234097896,2,5.0,0
Female,32.0,421.012133515471,4,5.0,0
Female,51.0,1008.42603745092,1,5.0,0
Male,44.0,501.092881352023,3,4.0,0
Male,46.0,945.211196334432,1,5.0,0
Female,43.0,501.092881352023,2,4.0,0
Female,44.0,295.045221452927,3,4.0,0
Male,28.0,894.561905897484,3,5.0,0
Male,33.0,800.581428033197,0,4.0,0
Male,25.0,511.098261361503,4,3.0,0
Male,33.0,629.14498065212,0,4.0,0
Male,42.0,756.5278566847,0,4.0,0
Female,36.0,780.694799424004,1,3.0,0
Male,48.0,501.092881352023,1,4.0,0
Female,24.0,186.006067318907,0,3.0,1
Male,40.0,512.476441682887,0,4.0,0
Male,23.0,438.877057541173,2,3.0,0
Female,36.0,310.540807236817,0,5.0,0
Female,42.0,1107.10861986426,1,4.0,0
Male,33.0,316.126575115859,1,2.0,1
Female,41.0,1033.03321630787,0,3.0,0
Female,25.0,777.440492804353,0,4.0,0
Female,18.0,797.149296184693,4,3.0,0
Female,41.0,501.092881352023,5,4.0,0
Female,52.0,434.485736408272,3,5.0,0
Male,25.0,693.673628699476,0,4.0,0
Female,47.0,532.102130596191,3,4.0,0
Male,35.0,349.81492831565,3,4.0,0
Female,22.0,395.200076175306,0,4.0,0
Male,24.0,601.870132912208,3,3.0,0
Female,35.0,0.977477940341089,2,4.0,0
Male,31.0,563.453098515211,3,1.0,1
Male,22.0,531.976100647697,4,4.0,0
Male,18.0,571.27725322315,1,4.0,0
Male,27.0,97.7600756907562,1,4.0,0
Female,30.0,394.166100945605,3,5.0,0
Male,37.0,815.122711510628,2,1.0,1
Male,45.0,158.248929213816,2,3.0,0
Male,39.0,552.416379517611,2,4.0,0
Male,34.0,380.766541427308,2,5.0,0
Female,44.0,818.329695828372,0,4.0,0
Male,25.0,749.701909656559,2,4.0,0
Male,33.0,838.454039743024,1,4.0,0
Male,33.0,471.267389470675,3,3.0,0
Male,23.0,459.549970704239,0,3.0,0
Female,31.0,488.302985058404,0,5.0,0
Male,54.0,116.377923779415,5,4.0,1
Male,26.0,911.951966273356,3,3.0,0
Male,51.0,183.969487546761,1,4.0,1
Male,41.0,406.000657379383,1,1.0,1
Male,30.0,654.752286578883,1,3.0,0
Female,42.0,699.376318077838,1,3.0,0
Male,42.0,607.930231006583,0,5.0,0
Male,43.0,667.804935879988,1,4.0,0
Female,31.0,982.601293920884,3,4.0,0
Female,30.0,452.543945454685,1,2.0,0
Male,40.0,631.935379906209,1,3.0,0
Female,46.0,612.236738131639,3,1.0,0
Male,51.0,573.927376826642,2,4.0,0
Female,38.0,435.950069745474,1,3.0,0
Female,27.0,78.400467981858,2,1.0,0
Female,18.0,1018.48219924465,2,3.0,0
Male,45.0,544.824614977676,2,5.0,0
Female,17.0,57.393092486107,4,5.0,1
Male,32.0,69.9442408510365,2,2.0,1
Male,33.0,887.038905802197,1,3.0,0
Male,34.0,727.628772921076,4,4.0,0
Female,35.0,468.014585498993,4,4.0,0
Male,36.0,716.260930943555,3,4.0,0
Male,11.0,484.901633987019,9,5.0,1
Female,35.0,611.978153089815,0,1.0,0
Male,13.0,435.510797973513,2,2.0,1
Female,42.0,357.057591222314,0,4.0,0
Male,29.0,875.865048350455,2,4.0,0
Male,13.0,494.974166110086,1,2.0,1
Female,27.0,6.75064318581877,1,4.0,0
Male,29.0,574.635893233365,1,3.0,0
Female,47.0,558.641369246433,2,3.0,0
Female,37.0,634.231290527643,1,3.0,0
Female,38.0,144.935717969057,1,4.0,1
Female,47.0,778.9921248478,1,4.0,0
Male,34.0,676.206342248519,1,3.0,0
Male,43.0,1019.80816202168,0,3.0,0
Female,42.0,383.766698944717,3,3.0,0
Female,22.0,473.550632364153,2,4.0,0
Female,50.0,501.092881352023,2,4.0,0
Female,21.0,670.751196607093,0,2.0,1
Female,44.0,532.855704346355,3,4.0,0
Female,20.0,582.305870135174,4,3.0,0
Male,41.0,544.950300837054,1,3.0,0
Female,54.0,94.3125238660341,1,4.0,1
Female,33.0,567.600383815067,3,4.0,0
Male,32.0,79.1253314583123,3,3.0,0
Female,41.0,541.28633266342,2,4.0,0
Female,32.0,593.625491008826,2,2.0,1
Female,53.0,662.464124613575,2,4.0,0
Male,37.0,828.838465856095,0,2.0,0
Male,32.0,377.795279355891,0,4.0,0
Female,30.0,529.405681828744,1,5.0,0
Male,26.0,1181.49659535075,4,5.0,0
Male,29.0,505.6112839933,0,2.0,0
Male,31.0,569.356271377731,2,1.0,0
Female,30.0,81.1787319346216,1,5.0,0
Male,28.0,214.317934355948,0,3.0,0
Female,56.0,572.443743965274,2,4.0,0
Male,25.0,61.5688922359179,0,3.0,1
Male,36.0,408.198464001554,4,4.0,0
Female,41.0,1057.15038582856,3,4.0,0
Male,41.0,413.235357392701,2,5.0,0
Male,34.0,401.49887613377,2,4.0,0
Female,33.0,747.209681959568,2,4.0,0
Male,40.0,366.278310450087,2,3.0,0
Male,38.0,501.092881352023,1,4.0,0
Female,32.0,1474.97380489674,3,4.0,0
Male,19.0,275.546069120886,3,3.0,0
Male,30.0,348.494516108091,2,3.0,0
Male,24.0,573.124593375568,1,3.0,0
Male,28.0,616.28593109741,0,5.0,0
Male,35.0,181.526935203711,2,3.0,0
Male,39.0,603.071294413701,0,2.0,1
Female,53.0,501.092881352023,4,4.0,0
Female,30.0,433.062742835155,3,2.0,0
Female,43.0,1035.35131604699,3,2.0,0
Female,38.0,1065.41435804029,2,5.0,0
Male,48.0,422.42962606873,1,5.0,0
Male,41.0,293.301654333446,3,3.0,0
Female,25.0,695.147372097067,4,5.0,0
Female,18.0,455.596948796758,2,4.0,0
Male,38.0,859.325877040648,0,5.0,0
Female,30.0,529.706975134851,1,5.0,0
Female,25.0,514.374639679865,0,4.0,0
Female,22.0,751.882112590082,3,3.0,0
Male,37.0,346.040751103893,2,3.0,0
Female,50.0,412.291840242252,3,4.0,0
Female,31.0,455.963882864838,2,4.0,0
Female,34.0,398.114409769663,4,5.0,0
Female,22.0,823.139778680903,3,3.0,0
Female,42.0,556.071425862403,0,3.0,0
Male,24.0,949.729192348775,0,5.0,0
Female,35.0,207.879354882638,2,4.0,0
Female,32.0,139.667320030898,1,4.0,0
Female,44.0,501.092881352023,2,3.0,0
Male,24.0,404.242945792512,1,5.0,0
Male,39.0,528.831030841925,5,4.0,0
Female,27.0,256.709509013937,1,5.0,0
Female,30.0,459.737864552433,2,3.0,0
Female,41.0,624.293492082981,0,4.0,0
Female,27.0,411.048326620141,1,3.0,0
Female,24.0,348.373900571792,3,5.0,0
Female,30.0,1056.78325521747,3,4.0,0
Female,42.0,620.768239120271,2,3.0,0
Male,16.0,252.920318818399,3,4.0,0
Female,34.0,326.851654225746,1,5.0,0
Female,53.0,708.098393632071,2,1.0,1
Male,24.0,315.690047145118,1,4.0,0
Male,36.0,853.319759744335,1,4.0,0
Male,57.0,291.769415098356,3,3.0,0
Male,41.0,501.092881352023,0,3.0,0
Male,36.0,925.932390196199,1,5.0,0
Male,40.0,754.044413866164,0,2.0,0
Male,31.0,824.961973334607,2,4.0,0
Male,31.0,436.726615288443,3,1.0,0
Male,15.0,736.642656468547,4,4.0,0
Female,31.0,1023.71516271354,4,5.0,0
Male,25.0,464.495920877904,2,4.0,0
Female,32.0,373.239344979214,3,3.0,0
Female,32.0,479.260787965742,4,4.0,0
Male,42.0,183.29135855135,6,5.0,1
Male,24.0,272.12499573321,1,4.0,0
Female,13.0,289.91923108298,0,3.0,0
Male,36.0,470.214593656652,3,5.0,0
Male,43.0,501.092881352023,2,4.0,0
Male,34.0,931.585691611349,1,5.0,0
Male,40.0,937.093532503228,3,4.0,0
Female,34.0,354.790218138158,4,5.0,0
Male,52.0,1053.57422378261,1,1.0,1
Female,47.0,808.752422882433,7,5.0,1
Female,45.0,397.948584217032,1,3.0,0
Female,43.0,501.092881352023,1,4.0,0
Female,22.0,255.758454052685,2,2.0,1
Male,42.0,501.092881352023,1,3.0,0
Male,39.0,1055.54725764896,0,5.0,0
Female,41.0,460.16221474462,2,4.0,0
Male,40.0,81.4283792871344,0,3.0,1
Male,62.0,550.230930073431,1,2.0,1
Male,34.0,354.448119423538,1,5.0,0
Male,44.0,902.340027817446,0,4.0,0
Female,30.0,395.211865685455,1,5.0,0
Male,43.0,434.338522440785,0,3.0,0
Female,44.0,490.825017178199,3,3.0,0
Male,39.0,710.122671618089,2,4.0,0
Female,52.0,580.857186109555,1,4.0,0
Male,26.0,749.090204415556,2,4.0,0
Female,30.0,976.063643686339,5,4.0,1
Male,44.0,460.983559174558,0,4.0,0
Male,37.0,611.700185387001,4,4.0,0
Male,48.0,803.400873429754,1,2.0,1
Female,28.0,828.007296490533,3,3.0,0
Female,24.0,871.382870672974,2,4.0,0
Male,38.0,198.110136531355,2,3.0,1
Female,34.0,579.230582178155,2,4.0,0
Male,40.0,220.360510678556,0,3.0,0
Male,35.0,510.400755140923,0,4.0,0
Male,34.0,17.3041564246167,0,2.0,0
Female,35.0,669.992350806056,1,4.0,0
Female,33.0,643.50492759736,4,3.0,0
Male,31.0,518.457210521248,3,5.0,0
Male,44.0,536.08281341926,3,4.0,0
Male,37.0,381.338065273926,2,3.0,0
Male,58.0,501.092881352023,1,4.0,0
Male,37.0,672.738317804247,3,3.0,0
Male,29.0,443.510048190806,2,4.0,0
Male,62.0,61.05723671559,4,5.0,1
Female,39.0,653.760533943469,2,5.0,0
Female,45.0,1065.93628936679,2,4.0,0
Male,41.0,413.747591028929,7,3.0,0
Female,41.0,350.348767242686,3,4.0,0
Male,40.0,719.471968162731,1,3.0,0
Male,24.0,236.567710800568,2,4.0,0
Female,39.0,449.954430595589,1,5.0,0
Female,22.0,384.316621650564,0,3.0,0
Female,33.0,490.128636501962,2,5.0,0
Female,39.0,544.982260437635,0,5.0,0
Female,38.0,654.251747408522,5,5.0,0
Female,40.0,633.129094967609,3,1.0,1
Female,38.0,718.696521847636,2,5.0,0
Female,32.0,856.989258145545,2,4.0,0
Female,44.0,442.101533971571,1,4.0,0
Male,46.0,125.686311098748,1,3.0,1
Male,20.0,501.092881352023,4,4.0,0
Female,28.0,501.092881352023,2,3.0,0
Male,45.0,799.731223936111,4,4.0,0
Male,47.0,591.613635526044,3,5.0,0
Female,26.0,195.587974694243,2,4.0,0
Male,38.0,1076.75864640939,5,1.0,0
Male,53.0,839.934729061415,1,3.0,0
Male,39.0,680.956657658794,0,3.0,0
Female,49.0,571.767293347271,3,5.0,0
Male,45.0,485.172995073917,3,2.0,1
Male,26.0,579.372243627333,0,3.0,0
Male,33.0,392.826979990239,2,4.0,0
Female,35.0,196.323060678887,2,2.0,0
Female,36.0,270.897007627419,3,4.0,0
Female,39.0,560.792729602266,4,3.0,0
Male,6.0,676.23903007723,3,5.0,0
Female,22.0,90.3853823085991,3,3.0,1
Female,13.0,590.245523962452,3,3.0,0
Female,37.0,842.023074525885,1,4.0,0
Male,37.0,832.702208838556,2,2.0,0
Male,38.0,1121.57036689383,5,4.0,1
Male,25.0,218.994133762941,2,4.0,0
Female,42.0,397.525524672111,1,5.0,0
Female,42.0,385.391803409105,2,5.0,0
Female,22.0,573.685571527001,0,4.0,0
Female,20.0,631.584468421001,2,2.0,0
Male,35.0,57.6065296949736,7,5.0,1
Male,53.0,740.575779102439,4,4.0,0
Female,52.0,524.59325255479,2,4.0,0
Female,41.0,740.750550023906,2,5.0,0
Male,28.0,799.342311447257,3,4.0,0
Female,44.0,61.3555059013934,2,5.0,0
Female,30.0,569.432502959175,4,4.0,0
Female,27.0,43.2586510754082,2,4.0,0
Female,14.0,911.46632225444,0,2.0,1
Male,36.0,778.869464649814,3,5.0,0
Male,29.0,268.740000884285,1,4.0,0
Female,36.0,432.403025377245,1,4.0,0
Female,12.0,319.892097882538,1,5.0,0
Female,11.0,267.609422073784,2,4.0,0
Female,46.0,109.749476751027,1,3.0,0
Male,40.0,93.6805437564981,2,3.0,0
Female,32.0,378.494962157049,2,4.0,0
Female,41.0,193.433941498201,3,4.0,0
Male,25.0,317.214293432799,1,1.0,1
Male,36.0,1008.49159234015,3,4.0,0
Female,43.0,501.092881352023,3,4.0,0
Male,4.0,587.364302997651,2,5.0,0
Male,31.0,809.113076113096,1,4.0,0
Female,35.0,262.924314156396,1,3.0,0
Female,33.0,638.488228370917,1,3.0,0
Male,50.0,373.404134475023,1,5.0,0
Male,24.0,719.500394682823,1,4.0,0
Male,29.0,147.872561628676,4,1.0,0
Male,16.0,549.304778151973,1,3.0,0
Female,33.0,743.975239302702,2,4.0,0
Female,31.0,361.985761462081,1,1.0,1
Female,34.0,1391.05346717048,3,5.0,0
Female,41.0,125.783893007477,0,3.0,0
Male,38.0,501.092881352023,2,4.0,0
Female,61.0,621.156151349395,5,3.0,1
Female,40.0,448.011245670495,1,3.0,0
Male,30.0,117.673099072823,2,3.0,1
Female,29.0,402.680543176082,2,4.0,0
Male,31.0,263.550409695077,2,3.0,0
Female,20.0,504.323063999053,1,1.0,1
Male,35.0,501.092881352023,1,3.0,0
Male,43.0,230.327159771658,3,4.0,0
Female,29.0,1029.94140370637,3,1.0,0
Female,27.0,467.520688864763,2,3.0,0
Female,21.0,598.1560646691,2,4.0,0
Female,14.0,630.167567486058,2,4.0,0
Male,23.0,798.673802979586,0,1.0,0
Male,20.0,1068.8912401988,2,4.0,0
Male,39.0,503.018405866062,1,4.0,0
Male,31.0,661.246951131281,2,4.0,0
Female,33.0,620.390970099005,1,5.0,0
Female,47.0,86.8702525693045,2,1.0,1
Male,28.0,501.092881352023,1,4.0,0
Male,43.0,1050.25757871271,4,4.0,0
Male,50.0,501.092881352023,3,3.0,0
Male,30.0,501.092881352023,2,3.0,0
Male,42.0,738.746763020158,3,4.0,0
Male,33.0,1196.00602501468,3,5.0,0
Female,44.0,239.3487339864,1,4.0,0
Male,19.0,501.092881352023,0,5.0,0
Male,19.0,295.146073357819,3,3.0,0
Male,31.0,56.4825692568479,4,5.0,0
Male,26.0,207.028734792438,1,4.0,0
Male,30.0,656.804071337467,3,2.0,0
Female,33.0,900.256673106656,1,4.0,0
Male,42.0,424.384772322096,0,3.0,0
Male,31.0,147.029390546198,3,4.0,1
Male,27.0,432.512103381214,1,3.0,0
Female,31.0,353.917391672042,4,2.0,0
Male,27.0,875.522355706099,2,1.0,1
Male,26.0,766.966404781802,0,3.0,0
Male,19.0,744.085793303784,5,2.0,0
Male,36.0,595.563745579267,2,2.0,0
Male,29.0,403.353895413214,3,2.0,1
Male,30.0,967.509155006621,1,3.0,0
Male,53.0,64.2892539170001,5,4.0,1
Female,26.0,109.93251837166,3,5.0,0
Male,33.0,778.804768639008,1,3.0,0
Male,23.0,113.146954048947,0,3.0,1
Female,22.0,408.096933906017,1,4.0,0
Male,50.0,215.593803754214,1,3.0,0
Male,37.0,332.461489760236,3,4.0,0
Female,36.0,1012.84346139691,0,5.0,0
Male,18.0,222.308935749672,2,4.0,0
Female,39.0,167.421766534658,0,4.0,0
Female,47.0,1051.93704485529,1,4.0,0
Female,42.0,641.198408239375,2,5.0,0
Female,24.0,959.310187859928,1,5.0,0
Male,38.0,501.092881352023,0,2.0,1
Female,42.0,448.980590613677,1,5.0,0
Male,17.0,501.092881352023,1,3.0,0
Female,24.0,590.002485541706,1,4.0,0
Male,44.0,951.393542823822,4,5.0,0
Female,44.0,137.296104719183,2,2.0,1
Male,20.0,374.102406451941,2,5.0,0
Female,43.0,111.851998223981,1,5.0,1
Male,36.0,389.48540150024,4,3.0,0
Male,43.0,168.476272945241,1,5.0,0
Female,41.0,242.413314132629,1,3.0,0
Female,43.0,834.11546257291,1,4.0,0
Female,31.0,293.024696528035,0,3.0,0
Female,35.0,661.203426019866,4,4.0,0
Female,29.0,612.146206696365,3,2.0,0
Female,34.0,79.2592541995675,4,4.0,1
Female,26.0,457.048435917874,1,2.0,0
Male,28.0,851.45032828339,2,4.0,0
Female,36.0,501.092881352023,5,5.0,1
Male,43.0,420.027481595929,4,4.0,0
Male,22.0,377.841431476053,0,3.0,0
Female,53.0,890.086007137705,4,4.0,0
Female,38.0,791.878851693492,3,3.0,0
Female,40.0,56.4567766553527,0,2.0,1
Female,34.0,663.761106823697,1,4.0,0
Female,35.0,530.380562416405,3,1.0,1
Male,34.0,253.021659255778,2,3.0,0
Female,45.0,590.045759266917,4,3.0,0
Male,35.0,578.385018256544,3,4.0,0
Male,43.0,536.626403740576,3,3.0,0
Female,31.0,243.584719272443,2,4.0,0
Female,37.0,301.083102359254,2,3.0,0
Male,27.0,1114.97593039717,0,4.0,0
Male,47.0,591.212247309944,0,3.0,0
Male,27.0,772.080811142917,1,4.0,0
Female,32.0,882.531881445877,1,2.0,1
Female,31.0,711.879624421993,2,4.0,0
Female,42.0,660.779495295616,1,1.0,1
Female,32.0,337.185083528446,8,5.0,0
Male,49.0,774.486700485008,1,3.0,0
Female,27.0,481.251652450284,3,4.0,0
Male,37.0,730.518677092801,3,1.0,0
Female,35.0,397.703474732758,2,3.0,0
Male,33.0,804.054491251005,4,5.0,0
Male,47.0,780.601545079202,5,2.0,0
Male,28.0,461.67269332713,4,4.0,0
Male,41.0,803.91589208199,4,4.0,0
Female,27.0,364.242901034474,1,5.0,0
Male,36.0,947.310174121171,1,5.0,0
Male,23.0,443.366687659839,3,3.0,0
Male,28.0,676.560687792573,4,5.0,0
Female,34.0,862.121852694417,0,5.0,0
Male,36.0,366.620316282136,5,4.0,1
Female,52.0,663.995807241972,3,2.0,0
Male,31.0,18.6348277522014,1,3.0,1
Female,50.0,661.968153927296,2,4.0,0
Female,39.0,417.801936861802,2,4.0,0
Female,29.0,676.299428071005,0,3.0,0
Male,40.0,344.356162521262,0,4.0,0
Female,32.0,69.5907112238475,4,5.0,0
Male,15.0,588.242649577817,2,3.0,0
Male,44.0,959.701309496968,2,3.0,0
Female,46.0,588.750957350339,1,4.0,0
Male,53.0,501.092881352023,0,5.0,0
Male,39.0,680.022369321729,3,3.0,0
Male,33.0,475.661018762891,2,4.0,0
Female,43.0,445.285897005591,2,2.0,1
Female,43.0,520.585919701017,3,5.0,0
Female,35.0,239.107112328333,1,4.0,0
Male,33.0,829.297294526723,2,4.0,0
Female,28.0,626.145914083064,2,4.0,0
Male,40.0,111.069874498441,1,3.0,0
Male,20.0,458.787931455707,2,5.0,0
Female,43.0,452.914879779545,0,3.0,0
Male,41.0,84.650126521514,0,3.0,1
Male,41.0,434.137568179842,0,2.0,1
Male,36.0,583.121560888545,6,4.0,1
Male,50.0,694.816774916949,0,4.0,0
Male,44.0,369.642900438327,4,4.0,0
Male,29.0,1056.76261474523,2,3.0,0
Female,29.0,791.12341532758,3,3.0,0
Female,26.0,486.616768536425,4,3.0,0
Female,41.0,1217.64251060687,2,5.0,0
Male,25.0,501.092881352023,1,4.0,0
Female,95.0,7364.56716892482,2,4.0,0
Female,26.0,668.669369174004,3,4.0,0
Male,33.0,493.915826996641,2,4.0,0
Male,44.0,589.776201475414,1,3.0,0
Female,51.0,366.374331904721,3,4.0,0
Male,18.0,267.763115236523,2,4.0,0
Male,32.0,448.369817409068,1,3.0,0
Male,32.0,291.352171884018,0,4.0,0
Male,21.0,501.092881352023,2,4.0,0
Female,30.0,359.753085418582,3,5.0,0
Female,39.0,622.81232378116,0,4.0,0
Male,32.0,732.29531162015,4,4.0,0
Female,20.0,135.430718434141,2,4.0,0
Female,64.0,434.911286703642,2,5.0,0
Male,36.0,336.904969077811,2,4.0,0
Female,24.0,1347.9630909985,1,5.0,0
Male,38.0,786.106104018754,0,3.0,0
Female,33.0,379.369124889265,4,3.0,0
Male,16.0,355.815334240264,3,3.0,0
Male,24.0,266.22196007801,0,4.0,0
Male,43.0,39.0121485666143,2,3.0,0
Male,54.0,726.538827530532,2,4.0,0
Male,39.0,279.505676504492,2,5.0,0
Female,46.0,611.039195032412,3,4.0,0
Male,33.0,514.547193405998,2,5.0,0
Male,46.0,507.946460323486,2,1.0,1
Male,48.0,579.024600563357,3,5.0,0
Female,24.0,840.864828468506,2,4.0,0
Male,34.0,831.37221172553,1,4.0,0
Female,38.0,501.092881352023,5,5.0,1
Male,32.0,660.561013042852,2,3.0,0
Female,39.0,501.092881352023,2,2.0,1
Male,43.0,895.355419036908,2,4.0,0
Female,45.0,383.681970774196,1,3.0,0
Female,52.0,255.24130342405,1,5.0,0
Male,32.0,224.93530461387,2,4.0,0
Male,21.0,1107.63662378369,1,4.0,0
Male,39.0,501.092881352023,0,5.0,0
Male,54.0,859.026184590596,3,4.0,0
Female,30.0,226.617430853106,4,3.0,0
Female,42.0,262.912157546294,5,2.0,1
Female,42.0,491.53561639127,2,5.0,0
Male,37.0,86.6405950664455,2,2.0,1
Male,35.0,3.15114595147355,3,4.0,1
Male,26.0,721.26072774122,3,3.0,0
Male,12.0,87.4186177065136,3,5.0,1
Female,24.0,629.596944998047,2,1.0,0
Male,31.0,506.692663013267,3,5.0,0
Male,46.0,936.829549345669,0,4.0,0
Female,34.0,453.255939133797,2,4.0,0
Female,30.0,95.4182738776349,6,4.0,0
Male,26.0,878.515275649313,2,4.0,0
Female,42.0,201.307612869618,1,5.0,0
Male,49.0,513.417476852693,3,4.0,0
Female,46.0,373.745312307528,3,4.0,0
Female,41.0,498.038234610688,0,4.0,0
Male,20.0,799.56779052558,1,3.0,0
Male,31.0,644.526309614413,1,5.0,0
Male,54.0,501.092881352023,5,4.0,1
Male,46.0,581.162268888355,5,4.0,1
Female,20.0,77.5400860893948,1,5.0,1
Female,39.0,255.00103125505,2,4.0,0
Male,27.0,173.437707063967,4,2.0,1
Male,12.0,551.161661866532,3,4.0,0
Male,36.0,107.903318725273,2,3.0,1
Male,27.0,234.49033908214,1,2.0,0
Male,31.0,534.230179636981,2,3.0,0
Male,34.0,166.302998021698,4,5.0,0
Female,35.0,578.572303346672,1,4.0,0
Male,26.0,501.092881352023,3,4.0,0
Male,33.0,498.341416677364,1,4.0,0
Male,17.0,1093.2042322558,2,5.0,0
Male,6.0,266.184759616424,4,4.0,0
Male,32.0,861.145637042394,2,4.0,0
Male,44.0,898.065650763317,2,2.0,0
Female,24.0,501.092881352023,1,4.0,0
Male,42.0,469.543513784287,2,3.0,0
Male,47.0,645.719101079915,2,4.0,0
Male,2.0,398.50234383445,3,5.0,0
Female,33.0,501.092881352023,4,3.0,0
Male,6.0,585.159276717414,1,4.0,0
Female,34.0,344.72227280486,0,3.0,0
Female,35.0,654.425957250713,3,2.0,1
Female,10.0,501.092881352023,4,2.0,0
Female,54.0,501.092881352023,4,4.0,0
Male,27.0,193.292206359292,2,5.0,1
Female,50.0,428.509904428686,1,5.0,0
Female,17.0,554.272582441312,4,4.0,0
Male,23.0,681.598748246209,3,3.0,0
Male,12.0,155.729137643336,6,5.0,1
Male,53.0,394.798764113496,1,3.0,0
Female,38.0,291.297971905163,0,4.0,0
Male,42.0,682.831685018065,3,4.0,0
Male,38.0,327.472228047608,2,2.0,1
Female,41.0,739.352280905288,1,4.0,0
Female,36.0,425.031958539626,1,3.0,0
Male,38.0,296.968837121699,1,5.0,0
Male,36.0,355.690588330773,4,3.0,0
Female,29.0,827.882337517931,1,5.0,0
Male,35.0,680.461000426598,4,4.0,0
Male,38.0,798.525929909106,4,4.0,0
Male,20.0,600.792827191253,1,5.0,0
Male,22.0,1018.35657429313,3,5.0,0
Female,46.0,581.741844240281,3,4.0,0
Male,32.0,701.376734553511,1,4.0,0
Female,41.0,730.700241881838,2,2.0,0
Female,24.0,714.762629607208,3,4.0,0
Female,27.0,634.368108730599,3,4.0,0
Male,33.0,264.649928712445,3,3.0,0
Female,28.0,898.185773618094,2,5.0,0
Male,48.0,564.375344866306,1,4.0,0
Male,37.0,199.571935128536,1,2.0,1
Male,53.0,991.111418678356,3,5.0,0
Male,11.0,523.613893959392,0,4.0,0
Male,46.0,46.9671462303086,0,4.0,0
Female,20.0,636.613366552826,0,4.0,0
Female,37.0,57.0246283712339,1,5.0,1
Male,27.0,43.6224373805338,1,4.0,1
Female,56.0,792.576432765616,3,5.0,0
Female,49.0,563.574725072818,0,3.0,0
Female,28.0,358.066585276909,2,5.0,0
Female,34.0,1121.25760457657,2,3.0,0
Male,44.0,508.875025400908,3,3.0,0
Male,35.0,1055.85217363958,3,5.0,0
Female,25.0,478.291632913047,0,2.0,1
Female,28.0,409.720546399353,5,3.0,1
Male,35.0,809.609603116906,3,1.0,1
Female,47.0,57.3211627093187,3,3.0,1
Female,39.0,603.118699493122,5,3.0,1
Male,27.0,726.695492007865,2,2.0,0
Male,41.0,562.293840752741,2,4.0,0
Male,31.0,817.767002305909,0,5.0,0
Female,60.0,1073.33967750782,2,2.0,1
Female,31.0,280.136585090232,0,4.0,0
Male,43.0,501.092881352023,1,3.0,0
Female,34.0,796.68591736627,2,3.0,0
Male,35.0,558.273984496953,2,4.0,0
Male,33.0,26.2845758186655,2,3.0,1
Female,60.0,408.496354179365,1,3.0,0
Male,32.0,272.885834521511,3,1.0,0
Male,41.0,888.971691215254,4,5.0,0
Female,16.0,219.447032019745,1,3.0,0
Male,39.0,707.559584818129,1,4.0,0
Male,46.0,428.130550168084,2,3.0,0
Male,30.0,241.032889806076,1,3.0,0
Male,10.0,820.711021647358,0,4.0,0
Male,35.0,603.513873055809,2,3.0,0
Male,35.0,445.571940919226,1,5.0,0
Male,42.0,137.725048719499,4,3.0,1
Female,55.0,204.223711696215,1,2.0,0
Male,26.0,875.257874413517,2,3.0,0
Female,23.0,17.7181646866384,3,5.0,0
Male,37.0,689.026415118163,1,2.0,1
Female,40.0,266.410893813888,0,4.0,0
Male,30.0,608.495228524572,1,3.0,0
Female,43.0,785.122624830561,1,5.0,0
Female,40.0,201.320515290578,2,3.0,0
Male,26.0,528.10040782042,5,4.0,0
Male,30.0,706.755867183077,3,4.0,0
Female,11.0,69.3565937658426,3,2.0,1
Male,37.0,222.86510407656,1,4.0,0
Male,35.0,832.026112108694,2,5.0,0
Male,37.0,106.34554506449,2,5.0,1
Female,40.0,501.092881352023,3,3.0,0
Female,39.0,501.092881352023,4,4.0,0
Female,34.0,756.961979115543,4,2.0,1
Male,35.0,336.431819682509,0,3.0,0
Male,21.0,571.204981925139,2,4.0,0
Female,29.0,470.842387310458,1,4.0,0
Female,36.0,89.0600688931112,0,4.0,1
Male,28.0,503.667897330779,1,5.0,0
Female,44.0,440.205583449156,3,4.0,0
Male,28.0,177.358128441726,1,5.0,0
Male,37.0,501.092881352023,2,4.0,0
Male,36.0,590.098271930732,5,3.0,1
Male,42.0,421.308889767649,1,1.0,1
Female,44.0,469.101111327183,2,3.0,0
Female,42.0,314.243688699023,1,3.0,0
Female,47.0,426.882247699058,2,3.0,0
Male,50.0,820.962793451888,0,4.0,0
Male,30.0,527.229706978735,1,5.0,0
Female,37.0,429.352289878411,3,5.0,0
Male,26.0,627.195288934317,1,4.0,0
Female,16.0,597.929641292129,2,5.0,0
Female,28.0,312.602068220914,1,5.0,0
Male,31.0,501.092881352023,3,4.0,0
Male,25.0,501.092881352023,2,4.0,0
Female,28.0,727.675578887538,2,3.0,0
Male,35.0,411.011877800422,0,4.0,0
Female,27.0,1090.65436316602,1,5.0,0
Male,40.0,501.092881352023,2,5.0,0
Male,42.0,774.686059856343,1,4.0,0
Female,59.0,409.30058478371,3,4.0,0
Male,46.0,499.653385090943,3,4.0,0
Female,37.0,405.581875799201,2,1.0,0
Female,29.0,383.891981109028,3,4.0,0
Female,38.0,859.508640691663,3,5.0,0
Male,38.0,560.690849051482,4,3.0,0
Male,30.0,342.613218287726,0,3.0,0
Male,43.0,17.8159068914059,4,4.0,0
Male,21.0,344.332317117614,2,4.0,0
Male,33.0,733.043202530443,3,5.0,0
Female,41.0,501.092881352023,2,3.0,0
Female,32.0,293.787818081977,0,4.0,0
Male,33.0,619.167771076166,2,4.0,0
Male,34.0,52.4539676533182,1,4.0,0
Male,27.0,1330.39854185772,1,3.0,0
Male,47.0,1026.69508641409,3,4.0,0
Female,25.0,766.523362132584,3,5.0,0
Male,38.0,653.278838903231,1,4.0,0
Male,39.0,83.859484029895,1,5.0,0
Male,26.0,46.0423918901528,1,1.0,1
Female,36.0,553.036743197918,4,4.0,0
Female,26.0,904.601626115782,2,1.0,1
Male,49.0,468.468350359643,1,4.0,0
Male,23.0,317.527801310606,3,4.0,0
Male,21.0,501.092881352023,2,4.0,0
Female,51.0,200.643938873158,0,4.0,0
Male,40.0,619.527251187895,1,4.0,0
Male,36.0,471.24771896182,0,3.0,0
Female,28.0,1304.83204922047,3,4.0,0
Female,44.0,257.270469730069,3,3.0,0
Male,27.0,486.918193859042,0,5.0,0
Female,43.0,927.904788253907,2,4.0,0
Female,26.0,38.4178148051691,1,4.0,1
Male,43.0,199.580071582102,2,1.0,0
Female,41.0,824.360796867749,0,3.0,0
Male,25.0,378.236122745695,1,5.0,0
Female,31.0,501.092881352023,3,5.0,0
Female,37.0,539.755530508977,3,3.0,0
Female,27.0,956.270923182986,1,3.0,0
Male,49.0,30.9251267318151,2,4.0,0
Male,11.0,447.723613319158,2,3.0,0
Male,27.0,415.759785431954,5,3.0,1
Male,30.0,705.253332143459,2,4.0,0
Female,7.0,501.092881352023,1,4.0,0
Female,21.0,408.942628960809,1,1.0,1
Female,41.0,677.612197159911,2,4.0,0
Male,35.0,934.4216618967,4,4.0,0
Female,51.0,434.5792060729,3,3.0,0
Male,50.0,581.181273977602,1,4.0,0
Male,39.0,657.051188301857,1,3.0,0
Male,38.0,791.711045235116,1,4.0,0
Male,36.0,1026.1453258863,1,5.0,0
Male,8.0,471.226214063938,2,1.0,1
Male,21.0,641.461044634188,3,4.0,0
Male,36.0,523.441108436755,2,3.0,0
Male,38.0,668.811604932006,2,4.0,0
Female,26.0,501.092881352023,1,3.0,0
Male,50.0,163.91130056439,0,4.0,0
Male,44.0,385.987718287362,8,3.0,0
Female,45.0,251.720927484739,0,4.0,0
Male,29.0,548.606359290164,3,5.0,0
Male,46.0,501.092881352023,1,3.0,0
Male,36.0,309.86903660825,4,3.0,0
Female,40.0,307.778905635935,1,4.0,0
Female,39.0,472.60416835095,0,5.0,0
Male,26.0,638.185189484461,4,2.0,0
Male,34.0,483.039840067132,2,4.0,0
Male,45.0,506.404602461088,1,3.0,0
Female,31.0,382.970775938028,1,4.0,0
Male,44.0,222.01478306365,2,4.0,0
Female,32.0,770.417322739782,1,2.0,0
Male,49.0,1036.98656690358,2,4.0,0
Male,31.0,333.300928551133,4,4.0,0
Male,50.0,439.484290436392,2,4.0,0
Male,39.0,140.534471039245,3,4.0,0
Female,35.0,164.829453694911,1,4.0,0
Male,34.0,728.614079061871,4,3.0,0
Male,33.0,657.116015330722,0,4.0,0
Male,22.0,895.452961325015,2,5.0,0
Female,27.0,394.978027474568,1,4.0,0
Female,41.0,316.37028216253,1,2.0,0
Male,48.0,608.183209776229,3,3.0,0
Male,23.0,331.323411755894,5,2.0,1
Male,52.0,220.981447908011,1,4.0,0
Female,34.0,109.064648590834,4,4.0,0
Male,25.0,711.625548124699,0,3.0,0
Male,43.0,269.404134142085,0,4.0,0
Female,34.0,477.376838320238,3,2.0,1
Male,31.0,1094.21666010516,1,4.0,0
Male,27.0,608.765807436664,0,3.0,0
Male,42.0,117.770202923375,2,3.0,0
Male,32.0,437.630624500961,1,4.0,0
Female,21.0,622.932604337544,4,3.0,0
Male,41.0,334.330961989603,1,5.0,0
Male,23.0,657.688284974062,1,3.0,0
Female,23.0,395.467278863108,4,5.0,0
Male,47.0,542.797507926295,2,4.0,0
Male,12.0,579.474638993325,1,4.0,0
Male,41.0,501.092881352023,0,1.0,0
Female,32.0,60.3705503602019,4,5.0,0
Male,33.0,1189.23360027007,0,5.0,0
Male,32.0,1.6473178604291,1,3.0,0
Female,37.0,736.108770351344,3,3.0,0
Male,27.0,528.929591466091,2,5.0,0
Female,50.0,269.307622121144,2,5.0,0
Male,20.0,473.221529675755,0,3.0,0
Female,27.0,165.184705055944,0,1.0,0
Male,25.0,665.787431135639,3,4.0,0
Male,45.0,509.944225212236,0,3.0,0
Female,25.0,441.641875238667,5,3.0,1
Male,44.0,1116.21425808024,3,5.0,0
Female,17.0,244.813469100921,1,3.0,0
Male,52.0,910.820914155812,2,4.0,0
Male,30.0,804.041616819484,1,4.0,0
Female,31.0,501.092881352023,1,5.0,0
Male,38.0,875.655828269313,3,3.0,0
Female,41.0,443.663468338607,0,3.0,0
Male,55.0,586.509841156223,0,4.0,0
Male,18.0,501.092881352023,4,3.0,0
Female,43.0,150.780045417195,1,3.0,1
Male,42.0,703.550220102432,3,2.0,1
Female,34.0,761.486665824841,0,4.0,0
Male,43.0,357.326831071607,1,3.0,0
Male,44.0,858.327201536292,0,4.0,0
Male,21.0,2.25662922733949,1,5.0,1
Female,52.0,501.092881352023,3,1.0,1
Male,19.0,905.463197103823,1,5.0,0
Female,24.0,501.092881352023,1,3.0,0
Female,32.0,368.335140225664,1,3.0,0
Female,54.0,615.388983374339,5,5.0,0
Male,32.0,719.546072710539,1,3.0,0
Male,35.0,961.590461465798,1,4.0,0
Male,49.0,147.982090815497,1,5.0,1
Male,32.0,753.591627722501,2,4.0,0
Male,23.0,601.239915962359,2,3.0,0
Female,31.0,847.149983574905,0,5.0,0
Male,49.0,259.601468487991,4,4.0,0
Male,54.0,591.909870636288,2,2.0,0
Male,29.0,366.836997088862,0,4.0,0
Female,36.0,501.092881352023,0,4.0,0
Male,26.0,501.092881352023,2,5.0,0
Female,28.0,566.767802185422,3,3.0,0
Female,80.0,20.0040173709607,1,3.0,1
Male,45.0,757.961939338866,2,3.0,0
Male,44.0,118.916563515482,2,4.0,1
Male,29.0,339.879206661579,3,5.0,0
Male,51.0,705.15413912504,0,2.0,1
Female,46.0,908.543617887461,1,2.0,0
Female,54.0,140.534711246978,2,3.0,0
Female,20.0,676.689413563282,2,5.0,0
Male,25.0,638.583062439024,3,5.0,0
Female,26.0,208.477950472763,3,4.0,0
Male,38.0,638.311847222071,1,3.0,0
Female,29.0,792.548332374439,2,5.0,0
Male,54.0,626.810504148061,1,4.0,0
Male,35.0,509.987680109344,2,4.0,0
Male,55.0,746.633369345414,6,4.0,0
Male,50.0,245.446938333114,3,5.0,0
Male,30.0,310.585808120508,4,5.0,0
Female,15.0,675.741056322137,2,5.0,0
Female,33.0,524.040738769028,2,4.0,0
Female,29.0,1126.10350544753,1,1.0,0
Female,37.0,782.088926998888,4,3.0,0
Male,36.0,181.717812152443,1,4.0,0
Female,36.0,501.092881352023,1,5.0,0
Male,23.0,990.530899395457,4,5.0,0
Male,39.0,559.822407634093,2,3.0,0
Male,31.0,222.554423106485,5,1.0,1
Female,45.0,551.143551687402,1,3.0,0
Male,23.0,1074.30382642028,1,4.0,0
Male,32.0,328.400932935874,0,3.0,0
Female,34.0,392.852725919006,1,4.0,0
Female,30.0,116.972945739035,0,4.0,0
Female,44.0,501.092881352023,4,4.0,0
Female,28.0,191.587785694366,3,4.0,1
Male,29.0,84.0610289441117,0,5.0,0
Female,28.0,706.396067118209,1,3.0,0
Male,46.0,433.435675113997,4,3.0,0
Female,30.0,740.906154303865,3,2.0,1
Male,55.0,483.179558236344,1,4.0,0
Male,34.0,61.9958052332423,4,4.0,0
Female,46.0,501.092881352023,0,2.0,1
Male,52.0,653.065489494631,2,5.0,0
Male,35.0,322.031802165455,5,3.0,0
Male,41.0,531.853175688617,1,5.0,0
Male,22.0,558.701333771724,3,2.0,0
Female,29.0,581.94301470284,1,3.0,0
Male,57.0,501.092881352023,1,1.0,1
Female,27.0,592.161843528805,2,5.0,0
Female,27.0,977.1783617914,4,4.0,0
Female,25.0,381.641658835137,5,5.0,1
Female,41.0,876.773599430433,0,4.0,0
Female,36.0,476.275036904987,1,5.0,0
Male,46.0,774.137897689011,2,4.0,0
Male,42.0,675.448616158671,1,5.0,0
Female,21.0,391.127275437668,3,4.0,0
Male,27.0,347.02536838638,4,4.0,0
Female,49.0,592.002587819794,3,3.0,0
Male,33.0,1011.6828875163,2,4.0,0
Female,47.0,596.502471393607,1,4.0,0
Female,34.0,765.624942225072,1,5.0,0
Male,25.0,983.012335269017,2,3.0,0
Male,32.0,672.983472633543,2,5.0,0
Male,25.0,566.947898425105,1,5.0,0
Female,29.0,596.198409429587,6,2.0,1
Male,40.0,501.092881352023,1,4.0,0
Female,19.0,759.849372553519,3,2.0,0
Male,35.0,370.645643673553,3,4.0,0
Female,29.0,434.294487622063,1,4.0,0
Male,29.0,430.697310663171,0,2.0,1
Male,36.0,566.046001195177,2,5.0,0
Female,29.0,313.87454393213,0,4.0,0
Male,49.0,445.702190202395,2,4.0,0
Male,47.0,1042.64955337645,1,3.0,0
Male,47.0,271.958869788648,1,4.0,0
Male,30.0,648.58909717845,2,4.0,0
Female,25.0,614.821098440241,2,4.0,0
Male,36.0,245.127798497622,2,4.0,0
Female,33.0,732.776508517387,2,2.0,1
Male,29.0,361.36929161014,0,4.0,0
Male,23.0,370.580330415752,2,4.0,0
Female,35.0,531.930374669402,1,4.0,0
Male,31.0,753.379751160526,4,1.0,1
Male,42.0,1172.16224598977,3,2.0,1
Female,42.0,521.414570290352,4,5.0,0
Female,46.0,880.85570114334,4,5.0,0
Female,22.0,914.57348525316,0,4.0,0
Female,39.0,888.501489259489,2,4.0,0
Male,28.0,652.58251216464,3,5.0,0
Female,31.0,570.85454105841,2,4.0,0
Male,46.0,524.937262077221,3,2.0,0
Male,31.0,724.756969453472,1,4.0,0
Male,51.0,671.050359298814,2,4.0,0
Male,40.0,468.826143526433,4,3.0,0
Female,31.0,801.617769261454,1,3.0,0
Male,47.0,297.251682488808,8,4.0,1
Female,39.0,113.257774573124,2,5.0,1
Male,54.0,624.212912402408,1,5.0,0
Female,38.0,669.502075408001,1,4.0,0
Female,35.0,292.704470662711,4,3.0,0
Female,26.0,501.092881352023,3,4.0,0
Male,47.0,708.486685091166,0,3.0,0
Male,40.0,532.590213187841,4,4.0,0
Male,41.0,929.711074169981,2,3.0,0
Male,30.0,699.01737446375,2,4.0,0
Male,43.0,846.07276193847,5,4.0,0
Female,44.0,938.720978044669,1,5.0,0
Female,28.0,977.068913583827,1,1.0,0
Female,21.0,729.121930130307,2,4.0,0
Male,41.0,846.503189475885,0,3.0,0
Female,19.0,904.936991055311,2,5.0,0
Male,37.0,442.297388758866,1,1.0,0
Female,31.0,626.868303585238,4,3.0,0
Female,47.0,155.202840500876,1,3.0,0
Male,31.0,416.345558039574,3,4.0,0
Male,46.0,473.230405728698,1,5.0,0
Male,30.0,501.092881352023,4,4.0,0
Female,45.0,271.398195735476,2,4.0,0
Male,56.0,366.989711020039,1,2.0,1
Female,24.0,384.305549019999,4,1.0,0
Male,38.0,1123.7754779934,0,4.0,0
Male,62.0,501.092881352023,1,4.0,0
Female,36.0,516.239715916181,2,5.0,0
Female,36.0,7.26059243814382,1,4.0,1
Male,43.0,194.023063108544,2,5.0,1
Male,35.0,452.407730761474,4,4.0,0
Female,18.0,234.403020345649,1,3.0,0
Male,46.0,726.55423151703,2,5.0,0
Male,15.0,495.002925881391,2,2.0,1
Male,31.0,174.203976539208,2,3.0,0
Female,47.0,153.623895445097,3,4.0,1
Female,31.0,420.357354838419,1,3.0,0
Male,28.0,71.8511947610263,5,3.0,0
Female,44.0,627.452185752169,1,3.0,0
Female,26.0,238.407037270011,1,5.0,0
Male,23.0,503.258718760286,1,3.0,0
Female,38.0,618.95994702561,3,1.0,0
Male,33.0,918.325194492888,3,4.0,0
Female,23.0,238.865540578341,1,4.0,0
Male,41.0,660.980518071368,1,4.0,0
Male,40.0,501.092881352023,1,4.0,0
Male,31.0,278.555481935281,2,2.0,0
Male,32.0,124.401364286216,2,1.0,0
Male,40.0,644.81147948645,1,1.0,0
Male,47.0,726.448611259239,4,4.0,0
Male,32.0,106.976741541556,2,2.0,1
Male,42.0,103.233523890645,1,3.0,1
Female,41.0,312.393761953578,4,5.0,0
Female,44.0,87.0854567573538,2,4.0,0
Male,35.0,741.682478013451,5,3.0,0
Female,26.0,1144.75373637677,2,4.0,0
Female,30.0,245.687035583248,1,3.0,0
Male,38.0,504.241948792239,0,3.0,0
Male,53.0,495.056806122339,2,2.0,0
Male,30.0,473.750477580986,1,5.0,0
Female,43.0,1131.77941015709,1,4.0,0
Female,32.0,343.617910262095,0,4.0,0
Male,50.0,357.434197019296,3,4.0,0
Female,43.0,410.479178053988,1,3.0,0
Male,23.0,343.117634508027,1,4.0,0
Female,29.0,501.092881352023,2,3.0,0
Female,48.0,428.231370013511,2,4.0,0
Female,36.0,853.590620354853,3,5.0,0
Female,24.0,796.031771816048,1,3.0,0
Female,27.0,16.6850915684394,1,4.0,1
Female,42.0,501.092881352023,1,3.0,0
Female,45.0,66.7047744527701,3,5.0,1
Female,35.0,501.092881352023,1,4.0,0
Male,60.0,530.608070717174,1,3.0,0
Male,43.0,300.449276268155,4,3.0,0
Male,33.0,501.092881352023,3,3.0,0
Male,27.0,837.553782405837,2,3.0,0
Female,25.0,60.5507267906346,0,4.0,0
Female,38.0,142.974448832385,3,4.0,0
Male,30.0,30.3936282214369,2,1.0,1
Male,52.0,501.092881352023,1,2.0,0
Male,50.0,202.103722891121,2,4.0,0
Male,41.0,416.622320899989,2,5.0,0
Female,28.0,764.235436920708,1,4.0,0
Female,48.0,189.295543970986,2,5.0,1
Male,29.0,709.385218085328,3,3.0,0
Male,46.0,1065.62158247981,3,3.0,0
Male,40.0,824.129413561508,1,5.0,0
Female,36.0,687.694947702711,1,3.0,0
Female,28.0,693.281487579859,5,3.0,0
Male,34.0,545.482510203191,1,2.0,0
Female,37.0,566.46402591938,4,4.0,0
Female,45.0,718.037877260604,1,5.0,0
Male,26.0,40.177692523557,1,2.0,0
Female,32.0,197.640735788963,0,3.0,0
Male,42.0,431.536717665505,5,4.0,0
Male,26.0,172.682277614975,2,5.0,0
Female,22.0,946.914626395838,3,3.0,0
Female,42.0,795.836186256732,0,3.0,0
Female,20.0,1322.26724113862,3,3.0,0
Female,48.0,372.190497115223,2,5.0,0
Female,33.0,342.05867951464,3,3.0,0
Male,20.0,334.346518811951,1,5.0,0
Female,30.0,759.885289764823,1,5.0,0
Female,39.0,994.882859280459,3,1.0,0
Male,30.0,134.252489147544,4,3.0,1
Female,35.0,347.780279472101,2,3.0,0
Female,42.0,24.9667330289811,4,3.0,0
Male,33.0,620.79561505026,2,4.0,0
Male,26.0,291.559920427511,2,2.0,1
Male,32.0,137.680757924747,0,4.0,0
Male,49.0,67.6531634132515,0,3.0,0
Male,52.0,247.098857431519,1,5.0,0
Female,15.0,512.061100116864,1,4.0,0
Female,46.0,822.306982453388,2,3.0,0
Male,38.0,272.63917391219,2,3.0,0
Male,29.0,501.092881352023,2,3.0,0
Female,17.0,71.2991186431994,2,4.0,0
Female,41.0,501.092881352023,5,2.0,1
Male,26.0,501.092881352023,2,4.0,0
Male,21.0,1166.95384705353,0,4.0,0
Male,22.0,212.254408585447,1,4.0,0
Male,41.0,494.769944675175,1,3.0,0
Female,36.0,204.738238415027,3,2.0,1
Male,43.0,143.969697563294,4,5.0,1
Male,42.0,755.785427117118,1,5.0,0
Male,31.0,381.043208823663,2,5.0,0
Male,34.0,400.249524851166,2,5.0,0
Female,30.0,732.323385591468,5,5.0,0
Male,33.0,359.070690653253,2,4.0,0
Male,39.0,967.630822839248,1,3.0,0
Female,46.0,617.792071980959,3,4.0,0
Male,27.0,838.149518468289,2,4.0,0
Male,48.0,501.092881352023,2,4.0,0
Male,36.0,755.009963275298,2,4.0,0
Female,37.0,597.629962688739,0,4.0,0
Male,18.0,393.228660137113,3,4.0,0
Male,17.0,958.707209655073,1,3.0,0
Male,43.0,454.558269969806,0,4.0,0
Female,28.0,553.289319540302,1,3.0,0
Male,52.0,353.606598246937,3,4.0,0
Female,42.0,372.61959489739,1,4.0,0
Male,26.0,332.909848331779,1,4.0,0
Female,35.0,399.511147817025,3,2.0,1
Male,60.0,401.802746730848,2,4.0,0
Male,23.0,501.092881352023,4,4.0,0
Female,40.0,273.161851623811,2,5.0,0
Female,32.0,468.95470799057,5,5.0,1
Male,48.0,1098.38314303833,1,2.0,1
Male,31.0,962.083535026332,3,3.0,0
Male,46.0,870.074130770233,1,5.0,0
Male,57.0,402.8734962503,0,3.0,0
Male,36.0,155.945718599126,1,5.0,1
Female,43.0,489.599107829378,1,4.0,0
Male,29.0,109.426010116802,2,3.0,1
Male,35.0,296.805683306635,0,3.0,0
Female,33.0,512.229415962689,2,2.0,1
Female,43.0,444.649495427397,2,3.0,0
Female,47.0,106.722900143356,1,4.0,1
Male,50.0,501.092881352023,2,5.0,0
Female,50.0,132.149819734806,1,5.0,0
Female,43.0,52.923192887602,2,3.0,1
Male,30.0,784.760997608773,3,4.0,0
Female,29.0,164.178769143385,1,3.0,0
Male,27.0,108.102680282578,1,2.0,0
Male,23.0,501.092881352023,4,4.0,0
Male,42.0,817.896870046234,2,5.0,0
Male,24.0,689.128586118807,1,5.0,0
Female,35.0,61.1600475028682,2,4.0,1
Male,48.0,102.652785623013,4,5.0,1
Male,46.0,381.484118867444,1,3.0,0
Female,49.0,777.376622530593,1,4.0,0
Female,36.0,175.721707063919,2,4.0,0
Male,23.0,353.136870150606,3,4.0,0
Female,24.0,13.8295390873347,2,4.0,0
Female,14.0,561.46861537991,1,5.0,0
Female,24.0,271.369970937601,1,3.0,0
Female,36.0,271.398812579957,1,3.0,0
Male,29.0,35.5704773283728,3,5.0,0
Male,33.0,663.990327643349,4,5.0,0
Male,40.0,411.619242415629,0,5.0,0
Female,32.0,779.563218375176,1,5.0,0
Male,24.0,537.169973091786,4,5.0,0
Male,34.0,601.15254436025,4,4.0,0
Female,26.0,608.701834017627,4,4.0,0
Male,32.0,512.411582776154,3,3.0,0
Male,48.0,825.108435256638,1,1.0,1
Female,32.0,1282.75766076352,1,3.0,0
Female,53.0,892.951196368716,3,3.0,0
Male,49.0,5.57412453781609,2,2.0,1
Female,24.0,361.093832535109,0,2.0,0
Female,34.0,645.201666235367,1,2.0,1
Male,47.0,830.223042837883,2,4.0,0
Male,30.0,27.6067853992929,2,5.0,0
Male,44.0,534.063085568615,1,2.0,1
Male,47.0,923.386974641206,4,4.0,0
Female,27.0,269.64927764198,1,5.0,0
Male,28.0,1200.68909845249,2,4.0,0
Male,42.0,501.092881352023,1,4.0,0
Male,37.0,587.509004495588,2,3.0,0
Female,28.0,670.759646528749,0,4.0,0
Male,31.0,481.486628334282,0,1.0,0
Male,34.0,169.03894982911,2,4.0,0
Female,19.0,501.092881352023,0,4.0,0
Male,43.0,313.65977247193,3,4.0,0
Male,30.0,515.729931516268,3,3.0,0
Male,7.0,906.201077180179,0,4.0,0
Male,35.0,122.176057841896,2,3.0,0
Male,28.0,857.811310708561,4,3.0,0
Female,52.0,501.092881352023,5,2.0,0
Female,29.0,620.573000291848,1,5.0,0
Female,24.0,247.643028793046,1,4.0,0
Male,40.0,501.092881352023,2,4.0,0
Female,28.0,859.418905359393,2,4.0,0
Female,27.0,747.759735004114,0,5.0,0
Female,40.0,81.328231452558,3,4.0,0
Female,25.0,666.861486169,0,4.0,0
Female,20.0,773.634582206996,0,3.0,0
Female,52.0,654.234215859017,3,4.0,0
Male,41.0,484.492282548328,3,2.0,1
Female,35.0,604.776534399006,0,3.0,0
Female,40.0,902.987325909402,4,5.0,0
Male,45.0,154.225479839222,1,5.0,0
Female,27.0,283.746462725263,1,3.0,0
Female,39.0,141.075875995538,1,4.0,0
Male,30.0,585.186265245972,2,4.0,0
Female,37.0,501.092881352023,3,5.0,0
Female,35.0,914.573997948595,0,5.0,0
Female,42.0,553.501213619337,0,3.0,0
Male,40.0,332.642730532661,3,2.0,0
Female,20.0,463.929098183198,2,5.0,0
Male,21.0,33.8241652069267,2,4.0,0
Male,31.0,34.9219494941983,2,4.0,0
Male,53.0,794.834352960552,3,3.0,0
Male,26.0,555.553944820292,1,3.0,0
Male,33.0,375.862684162333,2,1.0,0
Male,30.0,485.029159672591,3,4.0,0
Male,29.0,236.798255767797,1,4.0,0
Male,37.0,536.956542431379,2,4.0,0
Female,49.0,567.68812878251,3,3.0,0
Female,40.0,866.106046533625,2,4.0,0
Male,27.0,578.655036233337,1,5.0,0
Female,63.0,9.40399863544872,2,4.0,0
Male,36.0,364.508787736768,3,3.0,0
Male,49.0,528.7394535766,1,3.0,0
Male,30.0,582.963239281363,4,4.0,0
Female,26.0,832.261331766515,2,4.0,0
Female,49.0,413.839286227553,3,5.0,0
Female,37.0,61.1469101459041,2,4.0,0
Male,48.0,206.004450639284,0,4.0,0
Male,54.0,1114.48765283116,3,1.0,0
Male,24.0,557.258690362598,2,3.0,0
Male,48.0,179.792903888498,1,4.0,1
Male,21.0,1005.39244134742,4,4.0,0
Female,25.0,83.9407459421348,2,3.0,0
Male,40.0,338.845899299747,2,3.0,0
Female,33.0,514.585944075807,1,5.0,0
Male,41.0,351.243482186992,2,4.0,0
Male,42.0,656.225744556457,5,3.0,1
Male,46.0,374.575528614662,3,4.0,0
Male,53.0,82.0802602787178,3,5.0,1
Female,35.0,681.616195024059,2,3.0,0
Male,30.0,782.243270626686,2,3.0,0
Male,41.0,502.840248116461,1,3.0,0
Male,24.0,92.9894720917686,2,5.0,1
Female,28.0,624.913160420688,2,4.0,0
Male,45.0,405.871087259492,1,3.0,0
Male,34.0,810.61289307593,4,4.0,0
Male,23.0,501.092881352023,2,1.0,0
Female,20.0,764.453619827746,7,4.0,1
Male,35.0,534.322664761388,2,4.0,0
Male,46.0,436.055888021852,2,2.0,0
Female,46.0,485.332056364075,1,3.0,0
Female,36.0,287.151315341269,0,3.0,0
Male,55.0,578.208680916008,4,1.0,0
Female,34.0,190.814025113494,4,4.0,0
Male,34.0,13.0689443544226,4,4.0,0
Male,9.0,550.95381819685,1,4.0,0
Male,31.0,549.374467087633,1,4.0,0
Male,44.0,1038.62240917538,3,2.0,0
Male,51.0,622.690534709608,5,4.0,0
Male,27.0,188.185074460418,1,4.0,0
Female,40.0,546.612189287351,6,4.0,1
Female,45.0,713.825838893837,0,4.0,0
Male,35.0,774.069770952559,2,4.0,0
Male,12.0,383.987177021236,1,5.0,0
Male,37.0,247.118304947882,1,4.0,0
Male,43.0,946.255795311978,0,3.0,0
Male,26.0,325.652373839362,1,2.0,0
Female,32.0,19.5938879884285,2,3.0,1
Female,23.0,482.663134500683,2,3.0,0
Female,9.0,575.635648489437,1,3.0,0
Female,45.0,643.8337485037,3,4.0,0
Male,35.0,195.70923242496,2,4.0,1
Male,51.0,756.167898437181,2,3.0,0
Male,44.0,185.879388290157,2,4.0,0
Male,31.0,250.106391916904,5,2.0,1
Male,45.0,1379.84936720252,2,2.0,0
Female,38.0,659.831937916949,3,3.0,0
Female,46.0,569.617288885132,1,5.0,0
Male,32.0,898.357951251942,0,3.0,0
Male,25.0,300.392595669633,0,4.0,0
Male,34.0,205.665541604672,1,4.0,0
Male,37.0,556.629402368699,0,5.0,0
Male,23.0,411.04260294043,2,4.0,0
Female,22.0,669.419080421305,4,5.0,0
Male,39.0,888.306314553467,5,4.0,0
Female,31.0,709.549839526577,5,4.0,1
Male,33.0,396.601537009763,4,4.0,0
Female,31.0,1076.46275149837,1,4.0,0
Female,50.0,660.484795790897,4,5.0,0
Female,23.0,552.912966284993,2,3.0,0
Female,44.0,387.208980038886,4,4.0,0
Male,41.0,162.404173914324,1,5.0,0
Male,35.0,775.366115029813,1,2.0,0
Female,24.0,311.811146659573,0,2.0,1
Male,28.0,927.441848450347,0,2.0,1
Female,30.0,340.150537985687,2,3.0,0
Male,38.0,847.349522286821,1,3.0,0
Male,52.0,623.884397565918,1,2.0,1
Female,28.0,332.208240461148,1,4.0,0
Male,25.0,516.344948223271,2,4.0,0
Male,34.0,668.057720025057,4,5.0,0
Male,45.0,566.065075977827,3,4.0,0
Male,21.0,501.092881352023,3,3.0,0
Female,50.0,905.422247719471,1,4.0,0
Male,33.0,568.289789769252,0,5.0,0
Male,28.0,236.566185476514,4,4.0,0
Male,19.0,1300.13940365309,2,5.0,0
Male,42.0,795.637100891045,3,4.0,0
Female,33.0,959.160164692608,3,2.0,0
Female,37.0,764.013226112139,1,3.0,0
Male,26.0,504.883573637128,2,1.0,0
Male,32.0,306.499567820655,0,3.0,0
Female,20.0,897.369476263895,1,5.0,0
Female,62.0,908.394073431006,0,3.0,0
Female,21.0,833.075870590612,1,4.0,0
Male,37.0,115.99243027253,1,5.0,0
Female,17.0,161.954462329363,2,5.0,0
Male,15.0,590.916175940883,1,3.0,0
Male,36.0,644.802060227142,2,4.0,0
Female,37.0,1003.23471592411,3,4.0,0
Male,39.0,189.447798831811,1,3.0,1
Female,34.0,560.110779002908,3,5.0,0
Female,26.0,681.709861297216,1,4.0,0
Female,50.0,501.092881352023,4,5.0,0
Female,44.0,194.453672190648,2,5.0,0
Female,23.0,601.240675310594,3,4.0,0
Female,35.0,14.9124976069869,2,4.0,1
Male,36.0,339.896490911067,2,4.0,0
Male,32.0,806.148057747997,2,5.0,0
Male,43.0,542.659628957131,1,4.0,0
Female,43.0,584.295976689988,1,4.0,0
Female,33.0,337.62393723256,1,1.0,1
Male,32.0,215.007483012207,2,4.0,0
Male,50.0,86.4437056045019,1,3.0,1
Female,44.0,243.873726688236,1,3.0,0
Male,36.0,702.410214704948,1,3.0,0
Female,19.0,533.585313883996,4,4.0,0
Male,38.0,185.816562237026,2,5.0,1
Female,42.0,1003.41666282403,2,4.0,0
Male,7.0,623.771523167059,5,3.0,1
Male,38.0,454.181105325672,3,3.0,0
Female,31.0,319.156388929173,0,4.0,0
Male,33.0,653.701366630263,1,3.0,0
Female,26.0,501.092881352023,2,4.0,0
Female,34.0,518.848985640406,0,4.0,0
Male,49.0,143.442691341717,2,5.0,1
Female,31.0,918.972677348631,0,3.0,0
Female,45.0,458.890051156953,2,3.0,0
Male,27.0,1161.76289584378,4,5.0,0
Male,43.0,247.239984516213,4,3.0,0
Female,35.0,184.410803215044,2,3.0,0
Female,39.0,292.620007631486,2,3.0,0
Female,35.0,188.252046265444,3,3.0,1
Female,9.0,501.092881352023,1,5.0,0
Male,21.0,501.092881352023,2,3.0,0
Female,39.0,468.451362423809,5,2.0,1
Male,15.0,625.472419264294,3,4.0,0
Female,30.0,747.001454498034,2,4.0,0
Male,34.0,890.60956677139,2,1.0,1
Male,27.0,716.670697659607,1,3.0,0
Male,28.0,470.734625290052,1,1.0,1
Male,38.0,792.330161889362,1,4.0,0
Female,25.0,815.164072306567,1,2.0,1
Female,29.0,1106.97159037564,3,4.0,0
Male,28.0,915.223656226006,3,3.0,0
Female,11.0,501.092881352023,2,4.0,0
Male,36.0,422.624096457677,6,4.0,0
Male,44.0,1404.82297799941,2,3.0,0
Male,45.0,646.245711545251,1,3.0,0
Male,22.0,583.257461847884,1,3.0,0
Male,35.0,511.473962698217,0,5.0,0
Male,43.0,591.688997642842,0,4.0,0
Female,37.0,924.001037551044,3,4.0,0
Male,38.0,502.874702778633,2,2.0,1
Female,46.0,364.288422761905,2,3.0,0
Female,28.0,1030.33815249843,1,4.0,0
Female,33.0,935.859114137924,6,5.0,1
Male,51.0,953.355495655466,5,3.0,0
Male,33.0,253.512425478915,1,4.0,0
Male,22.0,417.686034164061,3,4.0,0
Female,28.0,977.031514559846,2,4.0,0
Female,26.0,94.6762282145387,1,5.0,1
Female,39.0,442.453665374208,0,4.0,0
Female,95.0,2462.9062706852,2,4.0,0
Female,38.0,254.27050018043,1,4.0,0
Male,28.0,995.344625978091,0,2.0,0
Male,14.0,19.91845079343,3,3.0,1
Female,38.0,501.092881352023,0,4.0,0
Male,36.0,725.311866236461,0,5.0,0
Female,40.0,434.101027894209,1,4.0,0
Male,28.0,307.683786151711,2,5.0,0
Male,27.0,368.468999781283,3,4.0,0
Female,39.0,1364.88629454705,2,3.0,0
Male,50.0,445.882892905839,2,5.0,0
Male,35.0,1025.97341123531,0,3.0,0
Male,39.0,557.98212111194,0,3.0,0
Female,32.0,694.194448099343,1,3.0,0
Female,20.0,729.309747056092,3,2.0,1
Female,45.0,478.208726857857,5,3.0,1
Male,44.0,946.829430103036,3,3.0,0
Female,42.0,549.543084482168,1,2.0,1
Female,33.0,501.092881352023,1,4.0,0
Male,41.0,505.07019494673,1,4.0,0
Male,44.0,501.092881352023,2,4.0,0
Male,45.0,541.83548027973,1,3.0,0
Female,36.0,769.785326341829,3,2.0,1
Male,22.0,1055.28802997034,2,4.0,0
Male,37.0,784.345541169775,0,5.0,0
Female,38.0,617.514713953914,1,4.0,0
Female,42.0,558.472655648183,3,1.0,0
Female,49.0,402.12200111601,4,5.0,0
Male,34.0,442.765707890855,2,1.0,1
Male,17.0,496.755008914474,3,5.0,0
Female,39.0,503.631457754115,1,5.0,0
Female,27.0,620.1084565815,1,2.0,0
Female,16.0,737.061488095141,0,5.0,0
Male,33.0,578.38716624226,0,3.0,0
Female,20.0,1033.04150438118,4,2.0,0
Male,33.0,54.9760294011883,3,4.0,1
Male,35.0,179.40384645521,1,2.0,1
Female,46.0,95.0512594326875,3,5.0,1
Female,20.0,707.204505996466,2,2.0,0
Male,44.0,1266.34387481388,0,4.0,0
Male,36.0,77.6169768892891,1,3.0,0
Male,45.0,612.243617768012,2,3.0,0
Male,31.0,548.949777721157,0,3.0,0
Female,22.0,828.032531594471,3,4.0,0
Male,23.0,365.699299473426,5,5.0,1
Male,22.0,812.378447235322,2,4.0,0
Female,40.0,450.853121420403,1,3.0,0
Female,50.0,501.092881352023,1,1.0,0
Female,29.0,502.187677100901,1,2.0,1
Male,41.0,502.70114649876,4,3.0,0
Male,20.0,212.560309699055,0,2.0,0
Male,37.0,329.758878150048,0,4.0,0
Male,42.0,338.45043264662,0,5.0,0
Male,21.0,427.779312383123,2,3.0,0
Female,33.0,392.609618623911,4,5.0,0
Male,42.0,384.868394685546,5,4.0,1
Male,6.0,391.297341509729,5,5.0,1
Male,48.0,133.354931152899,1,5.0,0
Female,39.0,623.807156142035,0,3.0,0
Female,42.0,305.159491253136,3,4.0,0
Female,18.0,730.620718811472,2,4.0,0
Female,40.0,547.782312079783,3,5.0,0
Female,34.0,172.128948961945,1,4.0,0
Male,35.0,1168.82627260543,3,4.0,0
Female,46.0,300.14991596996,3,3.0,0
Male,43.0,495.428315350335,2,3.0,0
Female,54.0,212.167237539209,2,3.0,0
Male,37.0,982.12730298513,0,5.0,0
Female,28.0,501.092881352023,1,5.0,0
Female,33.0,806.233589665944,3,3.0,0
Female,39.0,229.685966545331,2,2.0,1
Male,45.0,735.445553046813,0,4.0,0
Male,20.0,586.482786598893,0,4.0,0
Female,35.0,569.231820602473,3,2.0,0
Female,51.0,317.513074734496,1,4.0,0
Male,33.0,400.851492933164,1,2.0,0
Male,44.0,182.408856865865,3,4.0,1
Male,40.0,667.538481298371,1,3.0,0
Female,45.0,910.084374471405,4,5.0,0
Female,27.0,803.559441848426,0,2.0,1
Female,27.0,635.809042677469,3,5.0,0
Male,35.0,843.759734270336,3,2.0,1
Male,20.0,827.691396046992,0,4.0,0
Female,32.0,483.66117559763,2,2.0,0
Male,38.0,123.855218544558,1,5.0,0
Female,53.0,501.092881352023,3,5.0,0
Female,39.0,525.245217275195,2,4.0,0
Female,41.0,918.272859228589,2,5.0,0
Male,47.0,687.476412083717,1,1.0,0
Female,25.0,587.639753858853,2,4.0,0
Male,33.0,733.65707104924,5,3.0,1
Male,59.0,861.872825183429,2,4.0,0
Female,34.0,596.890527652984,1,4.0,0
Female,46.0,831.75299389076,1,3.0,0
Female,45.0,789.505005085074,2,4.0,0
Male,38.0,140.895567875454,3,4.0,1
Female,36.0,110.584901600081,0,5.0,1
Female,38.0,976.068663787937,0,3.0,0
Male,27.0,503.504231285688,3,4.0,0
Female,24.0,522.893516698942,1,5.0,0
Female,30.0,329.786088047336,3,4.0,0
Female,34.0,28.0392407607176,1,1.0,0
Female,47.0,422.20862967989,1,4.0,0
Female,53.0,835.891899807688,3,4.0,0
Female,49.0,688.748036380755,2,2.0,0
Male,25.0,702.961591397116,1,4.0,0
Female,31.0,304.273200704964,1,5.0,0
Female,29.0,321.196091227715,4,4.0,0
Male,95.0,384.529482670921,0,3.0,0
Female,42.0,612.087139877785,1,3.0,0
Male,45.0,615.034588218008,2,5.0,0
Male,26.0,240.53116927286,3,3.0,0
Female,44.0,882.227979487395,1,4.0,0
Male,28.0,229.72664332918,1,4.0,0
Male,26.0,100.834764208605,2,1.0,0
Female,47.0,102.673939470442,4,3.0,1
Male,40.0,550.232559065429,0,2.0,1
Male,35.0,870.457079736862,2,4.0,0
Male,38.0,647.58966624055,3,3.0,0
Male,36.0,783.675509094353,1,4.0,0
Female,24.0,843.801996657839,0,5.0,0
Male,23.0,572.246642713284,0,1.0,0
Male,34.0,671.551831125567,2,5.0,0
Male,36.0,872.920316727833,1,3.0,0
Female,35.0,594.395198765002,1,4.0,0
Male,42.0,1230.24643090951,1,2.0,1
Male,33.0,964.844912614008,2,3.0,0
Male,34.0,536.126088297263,2,3.0,0
Male,36.0,678.18184828975,3,4.0,0
Female,58.0,329.496758966621,0,4.0,0
Female,39.0,507.747320482406,4,4.0,0
Female,33.0,800.509396089719,3,3.0,0
Male,26.0,347.706433510379,2,3.0,0
Male,21.0,466.34810760277,4,4.0,0
Male,25.0,160.123236633437,3,2.0,0
Male,26.0,149.647360657057,1,5.0,0
Female,39.0,242.776633174318,1,5.0,0
Female,30.0,30.5221987390275,1,4.0,1
Male,37.0,195.20817552342,5,5.0,1
Male,48.0,347.363125986745,0,4.0,0
Female,34.0,574.793960163783,2,4.0,0
Male,56.0,737.404393194078,2,2.0,0
Female,23.0,746.255301428466,2,4.0,0
Female,33.0,361.9292799494,0,4.0,0
Male,30.0,344.294263685038,0,3.0,0
Female,44.0,387.45869862555,6,4.0,0
Male,13.0,549.423277561024,2,4.0,0
Female,21.0,231.005191023955,3,4.0,0
Male,51.0,373.28336463898,1,5.0,0
Female,37.0,1006.67411459162,4,3.0,0
Male,21.0,218.419940545716,1,3.0,0
Male,23.0,594.825597285045,4,4.0,0
Male,52.0,216.933993874843,2,5.0,0
Male,29.0,456.831700768801,3,4.0,0
Male,26.0,501.092881352023,3,4.0,0
Male,50.0,328.978155089928,1,5.0,0
Male,45.0,623.823027003427,2,4.0,0
Male,48.0,506.279384211601,3,1.0,1
Male,25.0,436.774905689581,1,4.0,0
Male,20.0,445.682009343246,1,4.0,0
Female,36.0,349.448149614748,2,5.0,0
Female,38.0,573.32322978679,1,4.0,0
Male,39.0,112.952803140557,0,4.0,0
Male,50.0,682.458815382552,0,4.0,0
Male,18.0,1074.1137576395,5,4.0,0
Female,44.0,387.335273596021,2,3.0,0
Male,24.0,564.025504344011,2,5.0,0
Male,44.0,214.793026701332,2,3.0,0
Male,30.0,462.792588729468,2,1.0,0
Female,27.0,812.292868510817,3,4.0,0
Male,29.0,404.402972106431,3,4.0,0
Male,21.0,501.092881352023,2,4.0,0
Female,35.0,501.409044644496,0,4.0,0
Female,27.0,706.333215298711,0,3.0,0
Male,43.0,243.568990984604,2,4.0,0
Male,41.0,202.498012854607,2,3.0,0
Male,52.0,282.223762436174,2,4.0,0
Male,39.0,504.019225235951,1,4.0,0
Male,40.0,494.710647696649,2,5.0,0
Male,49.0,225.728858677085,2,3.0,0
Male,29.0,716.863292896298,0,4.0,0
Male,20.0,801.85893527398,1,3.0,0
Female,37.0,394.416909817587,2,4.0,0
Male,21.0,1011.05340931915,3,4.0,0
Female,50.0,885.314256965608,3,5.0,0
Female,57.0,481.304507198349,4,3.0,0
Female,36.0,56.5599805360059,1,3.0,1
Female,41.0,759.775760118344,2,5.0,0
Male,30.0,638.931928221835,5,4.0,0
Female,44.0,76.8024211770178,4,4.0,1
Female,23.0,501.092881352023,0,1.0,1
Male,10.0,748.152945657887,1,4.0,0
Female,27.0,973.200601280589,3,4.0,0
Male,20.0,597.607263245785,0,5.0,0
Female,50.0,264.679705106597,2,4.0,0
Male,53.0,521.392727007339,2,3.0,0
Female,21.0,174.498620262248,5,4.0,1
Male,48.0,290.011999278596,0,2.0,1
Female,45.0,573.493169663738,4,5.0,0
Male,19.0,876.986457452028,1,3.0,0
Male,29.0,501.092881352023,2,2.0,1
Male,42.0,501.092881352023,2,3.0,0
Male,23.0,385.514012447663,2,4.0,0
Male,34.0,434.726545370705,3,2.0,0
Male,40.0,623.834316342101,4,5.0,0
Female,33.0,1031.95956888742,3,3.0,0
Male,30.0,42.8086193732301,2,3.0,1
Male,33.0,444.867073022162,2,4.0,0
Male,55.0,469.224411588592,2,4.0,0
Male,31.0,352.06529061794,2,4.0,0
Male,25.0,481.850640171543,1,4.0,0
Female,34.0,372.537666759361,5,4.0,1
Male,21.0,765.839195097797,2,3.0,0
Male,57.0,167.617099760866,2,5.0,1
Male,31.0,12.7411402538662,0,5.0,1
Female,31.0,1199.68217822605,3,4.0,0
Male,37.0,474.932681234408,2,4.0,0
Female,52.0,701.102616110757,2,2.0,0
Male,18.0,581.54445540035,0,2.0,0
Male,38.0,320.793818135332,0,4.0,0
Male,56.0,501.092881352023,4,2.0,1
Male,23.0,436.428777709017,2,5.0,0
Male,29.0,810.176281534569,5,4.0,1
Male,37.0,761.827798238507,2,5.0,0
Female,32.0,669.657652648597,2,4.0,0
Male,43.0,686.092637777256,0,3.0,0
Female,21.0,82.6803961789213,0,5.0,1
Male,21.0,763.678986114258,2,5.0,0
Male,30.0,136.501340670315,6,3.0,0
Male,49.0,964.043207230909,2,5.0,0
Male,36.0,881.166953255219,0,4.0,0
Female,38.0,681.996690810025,0,3.0,0
Female,38.0,836.685254435949,2,5.0,0
Male,46.0,8.844769930795,1,3.0,1
Male,29.0,501.092881352023,1,3.0,0
Male,42.0,445.094684932957,2,4.0,0
Female,27.0,845.018897221153,3,3.0,0
Male,55.0,105.291432305011,2,3.0,0
Female,27.0,328.21748156783,2,4.0,0
Male,26.0,6.81007394654705,3,4.0,1
Female,40.0,142.192618470045,1,4.0,0
Female,36.0,453.664330122578,0,4.0,0
Male,38.0,469.568313019834,1,5.0,0
Male,37.0,861.459414423751,4,4.0,0
Female,24.0,618.433597980113,1,4.0,0
Female,51.0,455.637432168663,0,4.0,0
Male,49.0,322.809945978679,3,4.0,0
Male,30.0,563.225725294517,2,2.0,1
Male,39.0,418.225353063894,4,3.0,0
Male,37.0,380.525811566583,0,5.0,0
Female,46.0,585.380833525411,3,3.0,0
Male,47.0,813.151182804841,4,4.0,0
Female,37.0,693.693972794464,1,5.0,0
Male,20.0,388.620612848053,3,3.0,0
Male,53.0,985.462149964956,3,5.0,0
Female,41.0,312.097063363146,0,4.0,0
Female,29.0,343.991570035981,3,2.0,1
Female,20.0,821.221099860531,1,4.0,0
Male,46.0,150.85690091227,1,1.0,0
Female,20.0,501.092881352023,1,4.0,0
Male,33.0,501.092881352023,2,4.0,0
Male,37.0,371.354363056479,2,5.0,0
Male,45.0,478.96348430106,1,4.0,0
Male,36.0,626.11944257886,1,5.0,0
Male,41.0,131.427983403383,2,3.0,0
Male,35.0,539.317428077954,1,4.0,0
Male,35.0,399.067614912593,2,4.0,0
Male,36.0,72.9101979640543,3,4.0,0
Male,33.0,197.800709060064,1,4.0,0
Male,18.0,274.139078131355,3,2.0,1
Male,27.0,511.827971331279,2,5.0,0
Male,37.0,432.67324424394,2,4.0,0
Male,33.0,312.752503843313,2,4.0,0
Female,33.0,206.305899432071,2,5.0,0
Male,32.0,261.187586624491,5,4.0,0
Male,26.0,693.435627766414,3,5.0,0
Male,30.0,269.032889582517,1,4.0,0
Female,32.0,291.251619406809,2,4.0,0
Male,35.0,576.589630113836,5,4.0,1
Female,39.0,151.743887770592,1,3.0,1
Male,33.0,527.460874381648,3,5.0,0
Male,25.0,512.30423475826,2,3.0,0
Male,21.0,456.391721565456,2,2.0,1
Male,61.0,154.763809816869,0,3.0,0
Female,24.0,51.3968990205416,2,4.0,0
Female,30.0,490.225682688613,2,5.0,0
Female,40.0,282.736369194166,2,5.0,0
Male,39.0,164.120621052645,1,5.0,0
Male,31.0,808.989385766826,1,2.0,0
Female,37.0,330.764924432547,1,1.0,0
Male,36.0,626.99388572141,0,3.0,0
Male,32.0,272.752956254397,1,2.0,1
Female,37.0,95.6908596803669,2,5.0,1
Female,46.0,872.695432059662,1,5.0,0
Male,35.0,611.546949966484,3,3.0,0
Male,35.0,766.869635868813,2,5.0,0
Male,45.0,241.149576274323,1,4.0,0
Male,51.0,403.195794594459,3,2.0,0
Female,17.0,909.750259513752,3,4.0,0
Female,44.0,140.715785451931,3,2.0,1
Female,41.0,360.982466613674,2,4.0,0
Male,26.0,78.6125916911449,1,4.0,0
Female,38.0,501.092881352023,1,3.0,0
Female,27.0,784.209995603107,0,4.0,0
Female,39.0,233.268254460039,1,4.0,0
Male,44.0,1036.03776511375,1,3.0,0
Male,24.0,521.688441697781,3,4.0,0
Female,34.0,614.276933155702,1,4.0,0
Male,38.0,673.951265486347,1,1.0,0
Female,27.0,139.944934482319,2,4.0,0
Male,26.0,621.426858459039,1,3.0,0
Female,34.0,1181.41552533132,2,3.0,0
Female,26.0,1017.73612992573,3,4.0,0
Male,42.0,811.417575229183,6,3.0,0
Male,27.0,449.99214627736,5,3.0,1
Male,19.0,186.808685753012,5,3.0,0
Male,31.0,509.960738841567,1,5.0,0
Male,46.0,389.680293008455,1,3.0,0
Male,42.0,312.566832091799,3,1.0,0
Male,35.0,182.804603148297,1,5.0,0
Male,31.0,388.768512869658,1,2.0,0
Female,31.0,609.37988583593,3,4.0,0
Male,36.0,82.4732879663576,2,5.0,1
Male,24.0,302.705544987636,4,5.0,0
Male,32.0,428.627406961961,0,4.0,0
Male,33.0,633.308379297195,1,5.0,0
Male,21.0,733.676076246995,3,3.0,0
Male,27.0,634.244987554058,4,1.0,0
Female,39.0,515.255644574763,1,4.0,0
Female,32.0,243.738347640814,2,4.0,0
Female,26.0,427.780655698686,1,2.0,1
Female,51.0,479.886066003981,1,3.0,0
Male,27.0,481.501636129839,3,4.0,0
Male,38.0,501.092881352023,2,5.0,0
Male,30.0,346.904274492783,2,3.0,0
Male,35.0,653.162492337162,0,5.0,0
Male,40.0,121.472285408556,2,3.0,0
Female,21.0,1355.11151263773,2,3.0,0
Male,35.0,588.306024419725,1,4.0,0
Male,47.0,565.036186481404,5,2.0,1
Female,53.0,235.69425880075,4,3.0,0
Female,35.0,593.258234763236,4,3.0,0
Male,57.0,176.036716830565,3,5.0,1
Male,46.0,600.018707575669,0,5.0,0
Female,29.0,279.826135587336,4,3.0,0
Male,29.0,196.267795176479,0,4.0,1
Female,45.0,31.0504999494531,5,4.0,1
Male,25.0,198.905931897976,6,5.0,0
Male,46.0,579.578887979732,4,4.0,0
Male,38.0,1128.93720266813,1,5.0,0
Male,40.0,580.594916322952,2,5.0,0
Male,32.0,1157.51630766037,2,4.0,0
Female,29.0,749.957973012566,0,2.0,1
Male,50.0,547.464368258623,6,2.0,0
Male,33.0,690.207328041663,2,4.0,0
Female,31.0,75.0236205898126,6,5.0,1
Female,34.0,501.092881352023,0,3.0,0
Male,25.0,592.261125755828,2,3.0,0
Male,29.0,907.478365129263,7,2.0,0
Female,29.0,472.609592992605,1,4.0,0
Male,43.0,695.384568763363,2,3.0,0
Female,26.0,330.632508537412,1,4.0,0
Male,17.0,1207.14035622884,4,4.0,0
Female,15.0,697.716181683089,4,4.0,0
Female,20.0,610.774650824324,1,5.0,0
Female,49.0,742.048409290663,7,5.0,1
Female,35.0,522.37250115283,4,3.0,0
Male,40.0,120.258575352617,1,4.0,0
Male,40.0,723.462321427247,3,4.0,0
Male,36.0,600.548489690582,1,3.0,0
Female,34.0,273.757004116112,1,3.0,0
Female,45.0,134.273458333821,5,3.0,0
Female,36.0,501.092881352023,3,5.0,0
Female,41.0,496.003782566777,3,3.0,0
Male,29.0,1064.87066473451,3,5.0,0
Female,30.0,282.288396675579,4,2.0,1
Female,28.0,245.554395881364,4,2.0,0
Male,47.0,929.226374268211,3,3.0,0
Male,31.0,673.213144584049,1,4.0,0
Female,27.0,692.685098247857,2,4.0,0
Female,38.0,334.165887777129,3,1.0,0
Male,34.0,338.188530708563,3,4.0,0
Male,38.0,159.226871816829,1,4.0,1
Female,54.0,501.092881352023,2,5.0,0
Male,44.0,940.538414963424,3,1.0,0
Male,35.0,139.804686742746,3,5.0,1
Female,21.0,728.215214909801,3,4.0,0
Female,30.0,622.758426289501,0,4.0,0
Female,42.0,539.343958442816,1,1.0,1
Female,23.0,704.995213369544,7,1.0,0
Male,56.0,178.953937860181,3,3.0,0
Male,35.0,670.102605666098,1,3.0,0
Male,35.0,536.968429499196,1,2.0,0
Male,28.0,580.46277626897,1,1.0,1
Male,40.0,461.948709998143,0,3.0,0
Male,23.0,501.092881352023,2,4.0,0
Male,57.0,446.978509813691,1,4.0,0
Male,48.0,260.774164080375,0,1.0,0
Female,45.0,428.447984813819,1,4.0,0
Female,21.0,422.923483509454,4,5.0,0
Female,37.0,286.021325773922,2,3.0,0
Male,47.0,782.18893422778,3,3.0,0
Female,25.0,318.075900925366,3,4.0,0
Female,28.0,598.595850058235,1,5.0,0
Female,30.0,363.644021191257,2,2.0,0
Male,29.0,426.413108650481,1,4.0,0
Female,50.0,105.867489677221,2,3.0,1
Male,16.0,501.092881352023,3,3.0,0
Female,42.0,529.582091512668,1,3.0,0
Female,25.0,395.198118208314,4,3.0,0
Male,15.0,672.787634963496,4,4.0,0
Male,30.0,501.092881352023,0,3.0,0
Female,50.0,633.530574021334,4,4.0,0
Female,38.0,405.363126439907,1,4.0,0
Male,23.0,161.552140874322,5,5.0,1
Female,45.0,278.559909417264,2,4.0,0
Female,47.0,265.187309565157,7,3.0,1
Male,36.0,534.229246055263,1,4.0,0
Female,55.0,513.374636156215,2,4.0,0
Male,43.0,890.277835281917,2,1.0,1
Female,42.0,300.872709024845,2,1.0,1
Female,27.0,824.217287516496,2,4.0,0
Male,41.0,555.293961992865,0,2.0,0
Male,37.0,572.132807938703,4,5.0,0
Male,40.0,1135.88303818688,1,5.0,0
Female,28.0,501.092881352023,2,4.0,0
Female,27.0,231.589800217955,1,2.0,1
Male,45.0,620.463178437856,4,3.0,0
Male,20.0,59.9361528722727,2,5.0,0
Male,36.0,808.29988329435,1,2.0,1
Female,38.0,728.080955609269,1,5.0,0
Female,38.0,714.239692872307,1,3.0,0
Female,32.0,436.05703900891,1,3.0,0
Male,38.0,507.424615052973,4,4.0,0
Male,40.0,329.169053292549,0,4.0,0
Female,42.0,264.481701196959,3,3.0,0
Male,52.0,334.747755129582,3,5.0,0
Female,37.0,257.141663453646,0,5.0,0
Male,36.0,598.042097229653,1,4.0,0
Male,26.0,501.092881352023,5,5.0,1
Female,39.0,501.092881352023,1,2.0,1
Male,42.0,802.839291919477,3,3.0,0
Male,33.0,501.092881352023,4,4.0,0
Female,40.0,844.175145779001,1,3.0,0
Female,32.0,501.092881352023,2,4.0,0
Female,42.0,209.624241259487,1,4.0,0
Male,44.0,767.781405289443,5,5.0,0
Male,44.0,68.0937833128669,4,4.0,1
Female,36.0,833.458424381266,3,4.0,0
Male,25.0,468.727415029437,0,4.0,0
Male,41.0,397.996308295109,1,5.0,0
Female,59.0,501.092881352023,1,3.0,0
Female,32.0,284.838671515332,0,1.0,1
Male,40.0,467.355005852887,4,4.0,0
Female,29.0,776.89193008089,3,5.0,0
Female,25.0,653.979420023399,1,5.0,0
Female,28.0,132.968680985164,3,4.0,1
Female,14.0,427.700573845906,1,2.0,1
Female,49.0,870.5897182843,2,4.0,0
Female,32.0,465.606027734978,2,1.0,1
Male,23.0,284.53291267617,2,5.0,0
Female,26.0,547.271391635397,1,4.0,0
Male,37.0,779.851071895701,1,4.0,0
Male,25.0,678.486381437983,0,3.0,0
Female,29.0,501.092881352023,3,4.0,0
Male,27.0,699.588836310844,0,3.0,0
Male,35.0,533.86791816373,5,4.0,1
Female,37.0,635.81087282016,3,4.0,0
Male,54.0,246.066182524105,1,4.0,0
Male,16.0,862.792116096166,2,4.0,0
Male,35.0,725.320248963129,0,5.0,0
Female,32.0,501.092881352023,2,5.0,0
Male,44.0,243.184708467165,3,3.0,0
Female,39.0,474.881517202151,1,1.0,0
Male,41.0,702.120003413224,6,5.0,0
Female,38.0,404.196674998621,1,4.0,0
Male,26.0,491.860045138744,1,3.0,0
Male,47.0,159.35840662737,3,4.0,1
Male,43.0,874.358029256634,2,4.0,0
Female,44.0,561.505702863649,1,5.0,0
Female,48.0,88.7934909901988,3,4.0,0
Female,39.0,765.962159405979,1,2.0,0
Male,50.0,638.831634623298,3,5.0,0
Male,39.0,138.316161135172,3,3.0,1
Female,33.0,246.799044252456,0,3.0,0
Female,35.0,501.092881352023,2,4.0,0
Male,35.0,648.662971349947,1,4.0,0
Female,30.0,554.130376396814,1,4.0,0
Male,51.0,316.039890431594,5,4.0,1
Male,36.0,156.509442259491,1,5.0,0
Female,39.0,145.145862367977,4,3.0,0
Male,65.0,940.805501661731,1,4.0,0
Male,24.0,777.236295539278,2,4.0,0
Female,27.0,110.815757354221,2,4.0,0
Female,21.0,673.006269729047,2,4.0,0
Male,33.0,807.597125371547,2,1.0,1
Female,37.0,515.869246107673,2,4.0,0
Male,30.0,751.02384681548,5,4.0,1
Male,30.0,81.3376012805304,4,3.0,0
Male,36.0,351.801875960042,2,4.0,0
Female,30.0,695.315678419204,1,4.0,0
Male,38.0,501.092881352023,2,1.0,1
Male,46.0,844.419549991493,2,3.0,0
Male,42.0,577.5971686459,0,4.0,0
Female,44.0,249.919058227804,4,4.0,0
Male,46.0,934.565262543397,2,3.0,0
Male,38.0,763.439278888323,3,3.0,0
Male,33.0,886.034315564101,0,3.0,0
Female,31.0,737.758464856668,3,4.0,0
Female,30.0,525.732570190936,2,1.0,1
Male,38.0,622.814831876908,2,4.0,0
Male,42.0,787.12174571795,1,3.0,0
Male,23.0,637.591404598412,1,3.0,0
Male,49.0,1153.53619247667,2,5.0,0
Female,31.0,640.590332599471,3,3.0,0
Male,24.0,104.465735198866,3,2.0,1
Male,31.0,615.571017695117,2,4.0,0
Female,60.0,714.444430304455,0,5.0,0
Female,31.0,816.789532845686,1,1.0,0
Female,32.0,371.059378338342,1,4.0,0
Male,33.0,274.593360565292,0,4.0,0
Female,34.0,699.940651785331,3,3.0,0
Female,36.0,589.749489527529,3,2.0,1
Female,46.0,720.969670859679,2,4.0,0
Male,38.0,596.246634126675,1,3.0,0
Male,24.0,739.325265342987,1,2.0,1
Male,32.0,516.687398657337,2,5.0,0
Male,29.0,452.80140639339,1,2.0,0
Female,36.0,691.499721914636,5,3.0,1
Male,48.0,1230.74621591912,2,2.0,0
Female,34.0,508.475173471171,1,4.0,0
Female,34.0,524.892160648187,1,2.0,1
Male,53.0,290.404258303691,0,5.0,0
Male,44.0,527.054980075021,5,3.0,0
Female,41.0,501.092881352023,3,4.0,0
Female,55.0,481.757717692654,2,4.0,0
Female,40.0,76.6038028454836,0,3.0,0
Male,15.0,418.89002663128,0,3.0,0
Male,95.0,69.8202454302535,1,4.0,0
Male,19.0,565.211356074081,1,4.0,0
Male,40.0,333.232296637326,3,4.0,0
Female,18.0,845.895463146282,1,4.0,0
Male,30.0,590.151123601656,2,5.0,0
Female,31.0,619.128050965548,1,4.0,0
Male,27.0,517.918598150185,4,3.0,0
Male,45.0,501.092881352023,1,1.0,1
Female,28.0,652.033063852759,3,4.0,0
Female,40.0,123.192280868404,2,4.0,0
Female,33.0,556.636048179883,1,2.0,0
Female,38.0,501.092881352023,3,3.0,0
Female,22.0,598.125589217243,4,3.0,0
Male,40.0,765.220512386697,3,4.0,0
Male,46.0,896.920612045982,0,2.0,0
Male,34.0,664.721496645056,2,2.0,0
Male,30.0,741.279117904784,6,2.0,1
Female,36.0,424.01259734735,2,4.0,0
Male,37.0,501.092881352023,1,5.0,0
Male,10.0,376.093928655821,0,4.0,0
Female,24.0,549.028834176061,1,4.0,0
Female,27.0,479.756352755487,1,4.0,0
Male,37.0,283.638641529889,2,4.0,0
Female,37.0,89.3128733934141,5,3.0,1
Male,41.0,646.388112624951,4,2.0,1
Male,38.0,249.914234968031,2,4.0,0
Female,22.0,690.183000298557,1,4.0,0
Male,49.0,37.0262512405749,1,3.0,1
Male,48.0,817.93910645572,3,2.0,1
Male,22.0,365.724874372131,1,4.0,0
Male,38.0,380.614150210311,2,3.0,0
Male,29.0,495.587231280031,2,5.0,0
Female,36.0,61.6123372832762,0,4.0,1
Male,46.0,604.80189094184,2,3.0,0
Female,56.0,791.531138723577,1,4.0,0
Male,43.0,604.875135652047,2,3.0,0
Male,38.0,720.137736924538,1,3.0,0
Male,32.0,620.762567698874,3,4.0,0
Female,37.0,961.209763969764,2,4.0,0
Female,49.0,83.1250884693607,1,4.0,1
Male,35.0,62.3629235342062,1,4.0,0
Female,26.0,635.908031452645,2,3.0,0
Male,19.0,501.092881352023,2,3.0,0
Male,40.0,1060.36469879627,1,4.0,0
Female,37.0,87.2508053449923,2,2.0,0
Male,29.0,679.161319596779,0,4.0,0
Male,45.0,810.278505850819,1,3.0,0
Female,31.0,831.358876164266,0,4.0,0
Male,34.0,158.371621342308,1,3.0,0
Female,35.0,876.691975361188,3,4.0,0
Male,31.0,546.687094169563,5,3.0,0
Male,37.0,436.849086955945,1,4.0,0
Male,47.0,586.007948485941,3,5.0,0
Male,24.0,420.097428181526,0,3.0,0
Female,40.0,422.20503936537,2,4.0,0
Female,37.0,364.694574586384,5,4.0,1
Male,37.0,532.111619035793,5,4.0,0
Male,44.0,710.700839778408,1,5.0,0
Female,35.0,411.015991506265,5,4.0,1
Female,40.0,141.954318159097,0,4.0,0
Male,42.0,218.177050079653,1,4.0,0
Male,30.0,762.325144195756,2,4.0,0
Male,38.0,96.9142573016704,4,5.0,1
Male,32.0,259.776349531332,0,3.0,0
Male,34.0,416.707451564693,1,2.0,0
Female,32.0,579.411615984386,3,4.0,0
Female,40.0,175.38338683127,1,5.0,1
Male,36.0,814.351478693964,0,4.0,0
Male,39.0,1050.8326966759,1,4.0,0
Female,35.0,704.922760256877,0,5.0,0
Male,19.0,807.112969715232,4,1.0,0
Female,35.0,394.726152525225,5,4.0,0
Male,36.0,127.016145363169,5,5.0,0
Male,37.0,707.390535712663,2,3.0,0
Male,29.0,640.871613279809,3,4.0,0
Male,23.0,501.092881352023,0,5.0,0
Female,41.0,553.75063621193,3,1.0,0
Male,32.0,519.903348260528,3,5.0,0
Female,37.0,513.812759844924,1,3.0,0
Male,32.0,648.929408768775,0,3.0,0
Female,35.0,5.99604826669616,1,4.0,0
Male,31.0,399.099631941899,1,4.0,0
Male,25.0,499.288910574026,3,3.0,0
Male,40.0,311.974964849145,2,2.0,1
Female,29.0,878.170408453908,1,4.0,0
Male,37.0,501.092881352023,5,3.0,0
Male,39.0,181.344421337963,5,4.0,0
Male,29.0,535.10410248505,1,4.0,0
Male,23.0,299.568070672738,1,3.0,0
Female,59.0,600.440645356996,4,2.0,0
Female,30.0,159.239115480761,1,5.0,1
Male,41.0,405.210642918059,2,4.0,0
Female,54.0,501.092881352023,2,4.0,0
Female,43.0,602.404132547984,0,4.0,0
Male,32.0,931.100945401797,2,5.0,0
Female,34.0,906.532727248666,1,5.0,0
Male,27.0,377.523173587863,6,4.0,1
Female,44.0,501.092881352023,3,5.0,0
Male,41.0,560.067494966023,1,4.0,0
Female,30.0,806.058988783418,2,5.0,0
Female,25.0,214.983315882338,2,3.0,0
Male,22.0,713.173682618432,0,2.0,0
Male,45.0,485.08294952169,3,5.0,0
Male,36.0,221.496454212757,3,3.0,0
Male,37.0,615.039542329987,1,4.0,0
Female,27.0,453.64615040899,3,5.0,0
Male,20.0,668.349767587465,3,3.0,0
Female,45.0,623.4179492404,3,4.0,0
Female,35.0,95.6750457043095,0,5.0,1
Female,44.0,23.4219648221251,2,2.0,0
Female,31.0,431.754505814435,5,2.0,0
Female,33.0,1080.22151804855,1,2.0,1
Female,42.0,675.517272912822,3,4.0,0
Male,42.0,620.227220000485,2,5.0,0
Male,43.0,84.8822476526927,4,5.0,0
Female,32.0,388.307700328642,2,3.0,0
Male,41.0,107.116329560026,1,3.0,0
Male,30.0,340.531636708976,2,4.0,0
Male,28.0,527.634392130122,3,4.0,0
Female,41.0,456.260884868172,1,2.0,1
Male,34.0,509.319378716568,3,4.0,0
Female,17.0,459.811903823524,1,3.0,0
Female,46.0,415.315777970445,1,3.0,0
Male,7.0,535.944587047006,3,4.0,0
Male,15.0,499.737703357105,2,3.0,0
Female,40.0,132.341146227379,1,3.0,1
Male,40.0,370.122866401021,4,2.0,1
Female,29.0,206.323676605448,1,5.0,0
Female,36.0,324.930819448212,0,5.0,0
Male,10.0,554.479632123758,0,3.0,0
Male,42.0,600.972718267987,3,4.0,0
Male,37.0,501.092881352023,2,2.0,1
Male,35.0,210.272114677956,1,4.0,0
Female,35.0,915.000211264136,2,4.0,0
Female,40.0,573.131104272242,1,4.0,0
Male,16.0,421.006480270351,2,3.0,0
Male,57.0,792.272418660496,4,5.0,0
Male,47.0,628.553205784406,2,3.0,0
Male,22.0,1052.94694692097,4,4.0,0
Male,32.0,441.31931292929,5,1.0,0
Female,33.0,860.055230498336,1,5.0,0
Male,46.0,501.092881352023,2,4.0,0
Female,13.0,585.608016668241,4,5.0,0
Female,30.0,463.310588492913,3,4.0,0
Male,32.0,23.8899838147223,2,5.0,0
Male,30.0,263.07678543134,4,3.0,0
Male,36.0,830.869278726784,0,5.0,0
Female,29.0,377.652255268179,1,4.0,0
Male,27.0,463.191703536412,1,5.0,0
Male,41.0,82.8052457399083,2,3.0,1
Male,40.0,501.092881352023,3,4.0,0
Male,41.0,1027.40024056473,2,3.0,0
Female,33.0,749.758915689097,1,2.0,0
Male,29.0,482.624030393803,4,4.0,0
Female,34.0,817.44609222524,0,3.0,0
Female,40.0,327.195883352277,4,4.0,0
Male,39.0,367.704861452882,3,5.0,0
Female,38.0,982.255193343032,0,5.0,0
Male,36.0,390.078919435072,2,4.0,0
Female,34.0,435.10000017972,4,4.0,0
Female,9.0,866.58644103642,1,4.0,0
Male,31.0,508.471052610845,1,2.0,1
Female,53.0,390.413337343818,1,4.0,0
Female,35.0,34.447300251195,2,3.0,1
Male,32.0,572.763209176481,2,3.0,0
Female,35.0,859.781058207316,3,4.0,0
Male,42.0,726.236068667646,1,5.0,0
Male,39.0,836.832398170523,0,4.0,0
Male,52.0,141.117912279053,3,3.0,1
Female,45.0,659.225711770195,2,1.0,0
Female,58.0,338.950295601797,2,4.0,0
Male,28.0,467.247031356819,2,4.0,0
Male,52.0,332.266309419954,1,2.0,1
Male,27.0,861.972337918768,3,5.0,0
Female,39.0,366.627513053564,2,4.0,0
Male,42.0,330.336442977488,0,2.0,0
Male,30.0,1069.21764605857,4,5.0,0
Male,36.0,188.853881465058,3,3.0,0
Male,44.0,482.832576785228,1,4.0,0
Male,28.0,565.826040500427,2,4.0,0
Female,52.0,864.400336408401,3,4.0,0
Male,21.0,475.937321360185,2,5.0,0
Female,34.0,237.621688408898,3,4.0,0
Male,31.0,58.1831628146501,2,5.0,0
Male,30.0,182.995808535234,5,3.0,0
Male,34.0,818.145564164535,0,3.0,0
Male,35.0,752.441390083002,2,3.0,0
Male,48.0,1013.67265481097,3,5.0,0
Male,55.0,10.9863367937089,2,4.0,0
Male,37.0,314.001611553672,2,5.0,0
Female,27.0,674.42860609069,2,5.0,0
Male,30.0,541.092177363202,1,3.0,0
Male,33.0,501.092881352023,1,4.0,0
Male,23.0,672.043836276782,3,3.0,0
Male,56.0,343.135001855071,0,3.0,0
Male,38.0,766.27589951186,6,3.0,1
Male,27.0,276.529095706562,2,4.0,0
Female,43.0,432.542709967761,0,4.0,0
Male,23.0,483.277420167081,4,3.0,0
Male,24.0,501.092881352023,2,5.0,0
Male,27.0,371.838457479139,4,3.0,0
Female,52.0,236.738834145599,0,4.0,0
Female,32.0,202.260896753703,2,4.0,0
Male,11.0,494.710071701814,3,4.0,0
Male,47.0,551.152393544299,1,4.0,0
Female,32.0,213.377207698746,1,2.0,1
Female,17.0,501.092881352023,3,5.0,0
Male,32.0,720.040425957498,2,3.0,0
Male,40.0,181.930966463393,1,3.0,0
Male,39.0,515.71612435574,3,5.0,0
Female,53.0,674.632388829607,1,3.0,0
Female,26.0,558.482540292168,0,3.0,0
Female,35.0,337.114993417151,3,2.0,1
Female,20.0,252.673721019559,6,4.0,0
Female,44.0,1342.25871525928,1,3.0,0
Female,40.0,459.198280124791,3,5.0,0
Male,38.0,463.597425755681,1,3.0,0
Female,39.0,174.298543847098,3,4.0,1
Male,28.0,999.187945458375,3,2.0,0
Female,25.0,299.633628857717,0,4.0,0
Male,35.0,264.114930555381,2,4.0,0
Male,47.0,630.814529396568,1,3.0,0
Male,51.0,59.7690844122978,2,5.0,0
Male,43.0,260.933060258495,2,4.0,0
Female,35.0,696.11535760177,1,4.0,0
Female,38.0,620.696927792867,2,3.0,0
Female,35.0,407.40715205905,1,5.0,0
Female,25.0,331.815985839896,2,4.0,0
Male,35.0,379.792916426408,5,5.0,1
Female,22.0,312.940244036763,3,5.0,0
Male,34.0,302.194957275582,3,5.0,0
Male,51.0,682.583009564526,3,4.0,0
Female,43.0,438.942917430749,4,3.0,0
Male,26.0,855.636994065594,3,4.0,0
Male,34.0,641.348311457772,2,4.0,0
Female,34.0,367.390387981851,1,3.0,0
Male,45.0,868.173754496152,2,2.0,1
Male,42.0,33.1169708195398,1,3.0,0
Female,60.0,821.892278897502,4,3.0,0
Female,47.0,860.415622504733,5,4.0,1
Male,37.0,29.4908034884654,1,5.0,0
Female,42.0,515.884321071726,1,3.0,0
Female,33.0,291.486121659278,3,3.0,0
Female,24.0,501.092881352023,5,5.0,0
Female,48.0,755.633646630529,2,3.0,0
Male,33.0,383.039120633966,2,3.0,0
Male,47.0,196.039166955719,0,4.0,1
Female,43.0,530.022781913747,2,4.0,0
Male,20.0,416.369711487734,1,1.0,0
Male,37.0,932.307451593555,1,3.0,0
Male,33.0,658.836433833485,2,2.0,0
Male,45.0,53.4649134185057,1,3.0,0
Female,48.0,467.712236365369,0,4.0,0
Male,24.0,372.66197353366,1,5.0,0
Male,27.0,614.644261638058,2,5.0,0
Male,46.0,412.934755557334,0,4.0,0
Female,29.0,261.545604541184,0,5.0,0
Female,20.0,501.092881352023,3,4.0,0
Male,40.0,381.684083031733,3,2.0,0
Female,30.0,795.129265515352,3,1.0,1
Male,53.0,491.307161606646,1,3.0,0
Male,38.0,700.421786842133,1,3.0,0
Male,37.0,615.091579264328,1,3.0,0
Male,31.0,588.617583198138,1,3.0,0
Male,51.0,42.3497183454514,1,5.0,1
Female,39.0,166.243463911714,2,5.0,0
Male,31.0,506.311899099376,0,2.0,0
Male,34.0,359.873836032916,0,4.0,0
Male,45.0,435.745739750776,1,4.0,0
Male,17.0,963.887062511893,0,3.0,0
Male,38.0,399.079714189806,4,4.0,0
Female,95.0,14954.7457895878,1,5.0,0
Female,42.0,347.324644456167,1,4.0,0
Female,26.0,749.146627667712,2,4.0,0
Male,35.0,440.688422363684,3,4.0,0
Female,42.0,725.649921564378,4,3.0,0
Female,28.0,31.2836703273027,3,5.0,1
Female,47.0,909.126729111064,2,4.0,0
Male,36.0,510.13438203584,2,4.0,0
Female,42.0,574.126920561622,1,4.0,0
Male,50.0,702.109147843219,3,4.0,0
Female,46.0,811.368389000937,1,4.0,0
Female,46.0,1016.89733926783,2,3.0,0
Male,37.0,609.098401315879,1,5.0,0
Male,37.0,867.282004416569,1,1.0,1
Male,23.0,1016.20387236614,0,3.0,0
Male,38.0,249.499314394967,3,3.0,0
Male,38.0,322.454977992921,2,5.0,0
Female,41.0,229.065416527939,3,3.0,0
Female,34.0,561.533218484106,5,3.0,0
Male,27.0,377.790310707836,1,2.0,1
Male,42.0,630.759000037867,3,5.0,0
Male,22.0,497.772871266452,1,2.0,0
Male,50.0,501.092881352023,3,3.0,0
Male,33.0,263.674766885717,2,4.0,0
Female,37.0,478.096226185712,4,4.0,0
Male,41.0,18.5397406761188,4,3.0,0
Male,41.0,326.971768369114,1,2.0,1
Male,21.0,908.162160278272,1,3.0,0
Male,43.0,358.947184978486,1,4.0,0
Male,38.0,783.377288983828,2,4.0,0
Female,29.0,934.785176665473,1,1.0,1
Male,28.0,531.12896544487,3,4.0,0
Male,32.0,789.228686145777,3,3.0,0
Male,22.0,912.510519916724,2,4.0,0
Male,52.0,501.092881352023,3,4.0,0
Female,50.0,846.595431965347,1,3.0,0
Female,40.0,501.092881352023,1,4.0,0
Female,33.0,880.644737852213,3,3.0,0
Female,33.0,1042.22312871249,5,1.0,1
Male,43.0,525.061576939136,3,1.0,0
Female,53.0,501.092881352023,0,5.0,0
Male,29.0,580.095017249298,2,4.0,0
Female,50.0,393.984498699961,1,5.0,0
Male,17.0,664.251110266876,4,4.0,0
Male,25.0,375.555776141828,2,4.0,0
Female,19.0,283.696899302716,1,3.0,0
Female,46.0,572.927141389994,2,3.0,0
Male,44.0,662.260899921825,1,4.0,0
Female,29.0,515.767810626507,4,5.0,0
Male,48.0,548.329836349316,2,3.0,0
Male,49.0,126.97656059604,4,4.0,1
Female,34.0,304.324424988954,3,3.0,0
Female,30.0,980.132085294668,3,4.0,0
Male,58.0,684.840779987221,3,4.0,0
Male,42.0,538.357854450004,1,4.0,0
Female,38.0,501.092881352023,1,3.0,0
Female,49.0,494.293142467801,3,5.0,0
Male,38.0,177.10912686122,1,4.0,1
Male,30.0,501.092881352023,3,5.0,0
Female,45.0,167.004884000127,2,4.0,0
Male,15.0,727.776812590683,5,5.0,0
Female,32.0,94.1223225332231,4,4.0,1
Male,49.0,887.383148987049,2,4.0,0
Female,30.0,445.749117964455,4,1.0,0
Female,49.0,462.438107864147,1,4.0,0
Female,34.0,501.092881352023,1,5.0,0
Female,29.0,477.408585532725,2,4.0,0
Male,62.0,422.23767118368,1,3.0,0
Female,54.0,205.933436121717,1,3.0,0
Male,36.0,431.518495457864,1,4.0,0
Male,29.0,628.837906817856,2,4.0,0
Female,36.0,543.034058900733,2,2.0,0
Male,37.0,535.086953647519,4,4.0,0
Male,23.0,58.0388923590047,2,4.0,0
Female,36.0,479.435019375998,1,5.0,0
Male,48.0,1120.62691718359,0,4.0,0
Male,17.0,617.625731149075,3,5.0,0
Female,43.0,849.583887285754,1,1.0,1
Male,29.0,417.885711093205,4,4.0,0
Female,52.0,655.79878473049,2,5.0,0
Female,28.0,76.3080613587451,1,1.0,0
Female,39.0,498.195630517868,2,5.0,0
Male,32.0,109.321229462886,1,4.0,0
Female,32.0,540.598605913702,3,4.0,0
Female,29.0,229.839747468106,0,5.0,0
Female,42.0,620.46984387875,3,3.0,0
Female,43.0,462.391739818336,0,4.0,0
Female,34.0,1306.74404502219,3,2.0,0
Male,39.0,960.516728708179,0,4.0,0
Female,39.0,21.0926799783374,4,3.0,0
Male,33.0,599.830615603802,2,4.0,0
Male,54.0,471.812173247509,1,3.0,0
Male,19.0,888.370003262631,2,4.0,0
Female,13.0,306.10000011861,1,4.0,0
Male,28.0,118.533300743474,3,4.0,0
Female,24.0,686.435219872299,1,3.0,0
Male,25.0,501.092881352023,1,4.0,0
Male,40.0,501.092881352023,2,1.0,1
Female,39.0,535.753229619832,0,3.0,0
Female,43.0,59.2928853274644,3,5.0,0
Female,31.0,548.867866394337,4,5.0,0
Male,31.0,573.821175812544,1,4.0,0
Female,43.0,501.092881352023,4,4.0,0
Female,22.0,798.73604586213,3,4.0,0
Female,14.0,246.063507918728,1,4.0,0
Female,31.0,492.656044518766,1,5.0,0
Male,38.0,282.954198053605,1,5.0,0
Male,44.0,497.329863680963,1,5.0,0
Male,15.0,502.453793124189,3,2.0,0
Male,38.0,445.407542556016,2,4.0,0
Male,42.0,106.278404817335,0,5.0,1
Male,21.0,337.530957735703,1,3.0,0
Male,44.0,257.129620763269,1,4.0,0
Female,34.0,351.896776992139,0,4.0,0
Female,66.0,556.660840781876,3,3.0,0
Female,13.0,246.282092172689,1,4.0,0
Male,49.0,464.295546553548,4,2.0,0
Female,31.0,493.415753854974,2,4.0,0
Male,19.0,143.810818304961,1,2.0,1
Female,30.0,407.237445537358,2,5.0,0
Male,38.0,187.332748606779,2,2.0,1
Male,45.0,759.217852042999,2,3.0,0
Male,52.0,623.114372137265,1,2.0,1
Male,49.0,121.444560068255,2,4.0,0
Male,25.0,195.82588766131,0,1.0,0
Male,46.0,565.972644688577,3,4.0,0
Female,28.0,277.602170489,2,3.0,0
Female,33.0,546.185422961587,3,5.0,0
Male,28.0,70.0694434633676,0,4.0,1
Female,40.0,652.473329533025,1,3.0,0
Female,41.0,101.242318576394,1,5.0,0
Male,33.0,864.672188852473,0,4.0,0
Female,49.0,408.897326079856,1,4.0,0
Male,32.0,919.621072708017,2,3.0,0
Male,32.0,584.970384625678,0,5.0,0
Male,42.0,485.883310541631,1,3.0,0
Male,34.0,216.727890939977,0,2.0,0
Male,36.0,380.877081130412,1,4.0,0
Female,10.0,673.391919700851,1,3.0,0
Female,35.0,943.794621243698,4,5.0,0
Female,17.0,698.808075849398,1,4.0,0
Male,23.0,973.995496738956,1,4.0,0
Male,22.0,136.881974931728,3,4.0,0
Male,30.0,248.612223278436,3,4.0,0
Female,30.0,95.2580923519353,0,3.0,1
Male,42.0,488.199099736736,2,4.0,0
Female,37.0,329.443021019067,2,3.0,0
Male,16.0,129.490131786255,3,4.0,1
Male,95.0,13709.7654842291,2,5.0,0
Male,38.0,459.787764153824,3,4.0,0
Male,34.0,1066.64571466623,0,4.0,0
Female,37.0,456.493699006147,1,1.0,1
Female,43.0,429.553267859979,1,3.0,0
Female,19.0,842.075190988789,3,4.0,0
Male,33.0,911.278407258807,2,4.0,0
Male,50.0,501.092881352023,1,5.0,0
Male,49.0,383.501791274792,1,5.0,0
Male,40.0,461.898477640974,2,1.0,0
Female,52.0,501.092881352023,2,5.0,0
Female,54.0,278.478472123044,3,3.0,0
Female,34.0,771.569507705977,1,4.0,0
Male,25.0,278.485211755104,2,3.0,0
Female,32.0,875.31237656988,4,4.0,0
Male,66.0,164.422235601485,1,3.0,0
Female,19.0,763.614950666435,0,3.0,0
Male,21.0,416.544929675514,3,4.0,0
Male,36.0,777.801298859711,1,4.0,0
Female,23.0,735.01842832383,1,4.0,0
Female,34.0,501.092881352023,3,3.0,0
Male,15.0,469.052976045297,1,4.0,0
Female,41.0,644.381758536479,1,2.0,1
Male,47.0,983.602594188076,3,1.0,0
Male,31.0,1028.95550943878,3,4.0,0
Male,34.0,495.478541860858,2,4.0,0
Female,33.0,277.343778330972,5,4.0,1
Female,37.0,619.303566335194,3,3.0,0
Male,35.0,725.071080179656,2,3.0,0
Female,43.0,692.675322779918,0,4.0,0
Male,47.0,1082.684975232,3,4.0,0
Male,27.0,793.744859142665,2,5.0,0
Female,32.0,701.823303202743,4,5.0,0
Male,44.0,637.028876483465,3,4.0,0
Female,21.0,501.092881352023,0,2.0,0
Female,15.0,402.722080820997,2,5.0,0
Male,37.0,320.460110945477,3,5.0,0
Male,40.0,354.106401738125,3,4.0,0
Male,28.0,977.872315265212,2,4.0,0
Male,29.0,501.092881352023,1,1.0,0
Female,27.0,946.392443071758,2,3.0,0
Female,26.0,655.370252181462,3,4.0,0
Male,42.0,170.717964352975,4,4.0,0
Male,23.0,501.092881352023,5,3.0,1
Female,32.0,580.083809979012,1,4.0,0
Female,26.0,357.419498789032,1,1.0,1
Male,20.0,250.683411019638,3,3.0,0
Male,44.0,501.092881352023,1,3.0,0
Male,37.0,392.255636050807,0,4.0,0
Male,20.0,51.4983445533048,1,4.0,0
Female,28.0,501.092881352023,0,1.0,1
Female,43.0,291.843674499628,2,4.0,0
Female,61.0,667.681415900938,3,3.0,0
Female,15.0,501.092881352023,2,4.0,0
Female,33.0,860.102071571617,1,4.0,0
Male,39.0,501.092881352023,4,4.0,0
Male,29.0,783.201564220537,1,3.0,0
Male,43.0,873.277087955053,0,5.0,0
Male,26.0,360.03336135423,5,4.0,0
Female,37.0,555.775785807469,4,3.0,0
Male,47.0,501.092881352023,3,4.0,0
Female,28.0,793.556778896098,2,4.0,0
Male,31.0,309.198078775412,1,3.0,0
Male,44.0,624.896188496523,4,5.0,0
Female,25.0,676.413122323881,2,4.0,0
Female,36.0,599.508768415416,0,3.0,0
Female,17.0,660.623676810875,3,4.0,0
Female,24.0,948.40661871707,1,3.0,0
Female,39.0,186.365632428286,2,2.0,1
Female,25.0,226.895996643225,4,5.0,0
Male,30.0,178.212311442785,3,5.0,1
Female,40.0,393.699349970976,1,4.0,0
Female,29.0,540.99906312552,2,5.0,0
Male,43.0,320.023741674809,4,4.0,0
Female,37.0,749.909735554115,1,4.0,0
Male,39.0,268.906304238011,2,5.0,0
Male,47.0,455.826518998279,1,3.0,0
Male,38.0,698.752265634703,3,3.0,0
Female,50.0,604.480748383544,2,4.0,0
Male,44.0,260.920966218539,0,3.0,0
Female,30.0,322.566760364741,2,4.0,0
Male,48.0,442.09885217932,2,1.0,1
Female,31.0,489.194921053737,1,5.0,0
Male,38.0,937.634801353851,3,3.0,0
Male,40.0,521.255658456494,4,3.0,0
Female,53.0,137.686513677463,1,2.0,1
Female,46.0,227.827309241351,3,4.0,0
Male,40.0,624.22859275462,2,5.0,0
Female,33.0,643.826341967804,4,5.0,0
Male,42.0,635.683246245793,4,4.0,0
Female,41.0,632.978110688542,5,5.0,0
Female,36.0,1238.49992394733,0,3.0,0
Male,26.0,405.486944516314,1,4.0,0
Male,52.0,501.092881352023,0,3.0,0
Male,15.0,689.038286593777,2,3.0,0
Male,50.0,667.45796304573,1,4.0,0
Male,35.0,537.46632845614,1,4.0,0
Male,45.0,814.219967849397,3,5.0,0
Female,39.0,515.401419424954,2,5.0,0
Male,38.0,281.171146580074,4,3.0,0
Male,41.0,954.061602454648,0,2.0,0
Male,43.0,293.151246190794,2,3.0,0
Female,32.0,501.092881352023,2,3.0,0
Male,45.0,282.950145529163,1,5.0,0
Female,24.0,670.852256688932,2,4.0,0
Male,43.0,1133.66415076196,2,4.0,0
Male,45.0,501.092881352023,4,4.0,0
Female,40.0,47.4712437073144,5,3.0,1
Male,31.0,414.010195052155,3,4.0,0
Female,44.0,577.776149913444,3,5.0,0
Male,28.0,501.092881352023,2,4.0,0
Male,53.0,103.79831336787,2,4.0,1
Male,34.0,348.791271989096,1,2.0,1
Male,20.0,270.129975021271,1,4.0,0
Male,23.0,1163.61226582286,1,5.0,0
Male,35.0,786.887111769337,1,4.0,0
Male,36.0,423.908160125047,2,4.0,0
Female,55.0,221.794696492147,0,4.0,0
Male,25.0,232.286967108888,1,3.0,0
Male,35.0,332.875217165753,2,3.0,0
Female,24.0,505.514127244816,0,4.0,0
Male,30.0,604.548306980639,3,4.0,0
Male,52.0,593.526887627307,2,1.0,1
Male,24.0,521.683512912255,4,4.0,0
Male,41.0,501.092881352023,5,4.0,1
Female,39.0,472.866032612896,2,4.0,0
Male,35.0,848.426168824765,4,3.0,0
Female,40.0,49.1121659772803,1,1.0,0
Female,23.0,1022.1276544455,5,5.0,1
Female,52.0,101.316953503318,4,3.0,0
Female,54.0,73.2907686685805,3,4.0,1
Female,35.0,672.971088862176,4,2.0,0
Male,59.0,520.221738420386,2,4.0,0
Female,39.0,707.95826909482,2,3.0,0
Female,49.0,428.149889373736,2,4.0,0
Female,30.0,614.706667261404,4,3.0,0
Female,21.0,390.669042816908,0,3.0,0
Male,19.0,1278.60272887037,2,5.0,0
Male,56.0,367.987804163016,1,5.0,0
Female,30.0,693.253102409508,2,4.0,0
Male,24.0,1087.27673094902,2,5.0,0
Male,44.0,493.016640568231,1,3.0,0
Female,27.0,297.509542301612,1,3.0,0
Male,30.0,200.037883378697,1,4.0,0
Female,38.0,791.523997845454,1,4.0,0
Male,24.0,243.476236136087,1,1.0,0
Female,33.0,43.0457633678841,2,2.0,0
Male,49.0,658.364818565901,1,4.0,0
Male,39.0,468.468029176723,3,3.0,0
Female,36.0,386.333713578863,7,4.0,1
Male,37.0,805.746578714771,4,5.0,0
Male,55.0,720.796773664678,1,5.0,0
Female,27.0,317.142830189772,0,4.0,0
Male,37.0,507.870820160406,3,3.0,0
Male,36.0,797.95593823543,3,4.0,0
Male,45.0,621.690800765093,3,3.0,0
Female,46.0,655.601385914643,3,3.0,0
Female,35.0,549.297554090168,1,5.0,0
Male,38.0,732.10232244792,2,4.0,0
Male,38.0,577.201639669582,1,4.0,0
Male,12.0,628.032839683672,1,3.0,0
Female,29.0,582.469823647924,2,5.0,0
Male,23.0,645.987988374359,0,3.0,0
Female,42.0,855.533746246691,2,5.0,0
Male,33.0,724.165600074438,2,4.0,0
Female,22.0,784.066614811063,1,3.0,0
Male,35.0,1079.60715377848,1,4.0,0
Female,9.0,561.866077597717,3,4.0,0
Male,33.0,328.487604794694,4,4.0,0
Male,37.0,452.86920162257,2,3.0,0
Female,19.0,464.117998883331,0,4.0,0
Male,37.0,1005.49733782289,1,3.0,0
Male,25.0,81.6113795857007,4,5.0,0
Male,27.0,199.481698063295,3,3.0,1
Male,36.0,123.784637359403,3,5.0,0
Male,27.0,323.094903677765,3,4.0,0
Male,37.0,568.076715418873,3,4.0,0
Female,44.0,512.594547672779,3,4.0,0
Male,62.0,592.985978976993,1,5.0,0
Female,28.0,547.482459181789,1,2.0,0
Female,38.0,421.759263428972,2,5.0,0
Male,50.0,460.643122945076,4,5.0,0
Male,50.0,490.757290230742,2,4.0,0
Male,15.0,368.529205320677,3,5.0,0
Male,35.0,210.816691960378,1,3.0,0
Male,50.0,226.09448545619,5,3.0,1
Male,64.0,673.774844816374,2,4.0,0
Male,42.0,703.651544310276,1,4.0,0
Female,31.0,1081.46485494625,0,3.0,0
Male,25.0,520.082258951573,5,4.0,1
Male,57.0,221.5583171031,2,1.0,1
Male,42.0,412.429363942143,1,4.0,0
Male,27.0,845.962433498515,1,3.0,0
Female,33.0,196.721378202086,4,4.0,1
Male,38.0,223.163989038921,2,4.0,0
Male,40.0,294.172727686618,1,5.0,0
Male,26.0,1016.86058562084,2,3.0,0
Female,29.0,907.814756007912,3,4.0,0
Male,18.0,501.092881352023,3,3.0,0
Male,45.0,818.241169542114,1,4.0,0
Male,40.0,640.543531874857,4,3.0,0
Female,49.0,847.78033430314,0,4.0,0
Male,37.0,503.857470760582,2,4.0,0
Female,37.0,728.215437142658,1,1.0,1
Male,36.0,171.850688872242,3,4.0,1
Female,47.0,506.999304908621,0,3.0,0
Female,38.0,580.429052552053,0,4.0,0
Male,30.0,469.469130639381,3,5.0,0
Female,47.0,554.436861893133,3,3.0,0
Male,22.0,609.132013565752,5,4.0,1
Male,50.0,541.037833459511,0,3.0,0
Female,39.0,773.213111176052,3,4.0,0
Male,38.0,761.037428271241,3,4.0,0
Female,45.0,451.244325788396,1,5.0,0
Female,29.0,283.310209850146,2,4.0,0
Male,45.0,725.013743723698,2,2.0,0
Female,31.0,450.353067146392,1,4.0,0
Female,20.0,109.73512929422,1,3.0,1
Female,25.0,812.803151507318,1,4.0,0
Male,41.0,501.092881352023,1,5.0,0
Female,26.0,501.092881352023,3,3.0,0
Male,47.0,341.46061958318,2,4.0,0
Male,48.0,332.867176298039,2,5.0,0
Male,36.0,568.257821477302,3,4.0,0
Male,38.0,501.092881352023,0,4.0,0
Female,23.0,159.187324157782,2,2.0,0
Male,45.0,316.373469451077,1,3.0,0
Male,39.0,736.000843701889,0,2.0,0
Female,41.0,323.691461355457,1,4.0,0
Male,52.0,638.80152042645,2,4.0,0
Female,29.0,1160.18698544536,0,3.0,0
Male,34.0,651.360126803146,2,4.0,0
Male,38.0,501.092881352023,3,4.0,0
Female,26.0,267.942277063869,1,4.0,0
Female,33.0,679.902450821613,0,4.0,0
Male,40.0,391.935314224245,1,5.0,0
Female,32.0,501.092881352023,2,5.0,0
Male,48.0,242.162071940035,2,3.0,0
Male,20.0,940.563904641804,2,3.0,0
Male,46.0,501.092881352023,1,4.0,0
Female,42.0,501.092881352023,1,5.0,0
Female,29.0,107.944335243091,3,5.0,0
Male,14.0,342.415121065526,2,3.0,0
Male,27.0,667.033562136224,3,3.0,0
Female,45.0,650.919912390651,1,4.0,0
Male,34.0,242.426078778848,1,5.0,0
Female,47.0,816.706845369952,1,3.0,0
Male,29.0,596.919688243243,3,3.0,0
Female,42.0,544.969577759464,0,3.0,0
Female,28.0,665.507842272376,0,5.0,0
Male,25.0,653.899095787819,1,4.0,0
Male,34.0,495.426337011362,2,3.0,0
Female,28.0,831.977144382702,1,2.0,1
Female,20.0,723.614162887278,1,2.0,1
Male,33.0,739.237263192272,3,4.0,0
Male,36.0,501.092881352023,2,4.0,0
Female,48.0,25.8654519630236,0,4.0,0
Female,44.0,543.765987068733,3,4.0,0
Male,47.0,501.092881352023,2,4.0,0
Female,42.0,91.8264026628222,5,4.0,1
Female,23.0,449.731704856677,3,1.0,0
Male,36.0,763.854249119956,2,3.0,0
Male,41.0,725.26079472557,4,4.0,0
Female,50.0,271.572924191486,2,5.0,0
Female,42.0,346.946825292065,1,5.0,0
Female,47.0,387.58767251305,2,5.0,0
Male,25.0,470.230143423708,4,4.0,0
Female,32.0,693.365391196372,3,4.0,0
Female,47.0,491.193446501439,2,3.0,0
Female,34.0,362.943814065492,4,4.0,0
Female,34.0,731.151450644808,0,4.0,0
Male,42.0,509.925689893923,3,4.0,0
Female,24.0,483.551216796043,1,3.0,0
Male,51.0,503.722819959677,1,3.0,0
Male,26.0,939.752434828267,3,3.0,0
Male,16.0,698.475485835994,3,4.0,0
Male,35.0,437.320374079366,3,4.0,0
Female,52.0,565.460063150722,1,3.0,0
Female,41.0,394.0083355901,1,3.0,0
Male,35.0,579.775846496819,2,3.0,0
Male,33.0,745.518525224462,2,4.0,0
Male,20.0,456.232732329509,3,4.0,0
Female,12.0,463.29081006714,4,3.0,0
Male,37.0,649.111914350879,1,2.0,0
Female,48.0,501.092881352023,2,5.0,0
Male,38.0,522.826144215337,2,4.0,0
Male,41.0,526.87547124078,1,3.0,0
Male,38.0,873.16368587614,1,4.0,0
Female,34.0,884.179035822511,0,4.0,0
Male,27.0,374.311057361603,1,5.0,0
Female,55.0,465.767271505186,2,4.0,0
Male,40.0,324.05198295456,4,4.0,0
Male,26.0,812.677107436227,0,3.0,0
Female,23.0,716.437155726378,2,4.0,0
Male,48.0,869.720423022252,0,2.0,0
Female,25.0,884.221468491893,2,5.0,0
Male,54.0,544.508415731941,3,4.0,0
Male,7.0,313.394813653079,3,5.0,0
Male,49.0,992.211485990523,3,3.0,0
Male,36.0,847.661437566755,3,3.0,0
Female,33.0,483.869726530136,2,3.0,0
Female,54.0,270.789638596242,1,4.0,0
Female,26.0,885.309635439806,1,3.0,0
Female,18.0,316.923351652216,0,2.0,0
Male,37.0,738.252542269183,0,4.0,0
Male,35.0,744.482851777217,1,2.0,1
Male,20.0,645.836749354264,2,3.0,0
Male,34.0,722.495727186144,2,4.0,0
Male,29.0,292.448261549381,3,4.0,0
Female,35.0,596.705295566358,5,3.0,0
Male,50.0,884.26722797019,2,1.0,1
Male,44.0,449.902740703421,3,5.0,0
Male,28.0,1270.95200618192,1,5.0,0
Male,39.0,795.424505265071,0,4.0,0
Male,36.0,716.048413603231,4,5.0,0
Male,22.0,506.463611716135,1,4.0,0
Female,39.0,695.896944929172,1,4.0,0
Male,54.0,964.151710189517,1,4.0,0
Male,35.0,406.271886474862,2,2.0,0
Male,19.0,558.858889025208,0,5.0,0
Male,35.0,205.207558187799,1,3.0,0
Female,23.0,774.320642519569,3,4.0,0
Female,44.0,531.659158567727,3,3.0,0
Male,40.0,826.918210100376,3,3.0,0
Male,33.0,205.602462065526,3,3.0,0
Female,33.0,891.270017921262,1,4.0,0
Male,35.0,778.759679314757,2,4.0,0
Female,27.0,648.407906700005,0,2.0,1
Male,21.0,175.212550600067,0,4.0,0
Male,46.0,667.612156706874,2,4.0,0
Female,31.0,501.092881352023,3,2.0,1
Male,38.0,157.705206125863,3,4.0,1
Male,38.0,373.870272890796,2,2.0,1
Male,23.0,205.009132347636,4,4.0,0
Female,29.0,619.470396608849,1,3.0,0
Male,28.0,501.092881352023,3,5.0,0
Male,31.0,414.709298451777,1,2.0,0
Male,56.0,956.103052517889,5,5.0,1
Female,17.0,501.092881352023,3,1.0,1
Female,27.0,999.751472787356,2,1.0,0
Male,54.0,737.424924484832,1,4.0,0
Female,35.0,64.4022056932689,2,2.0,1
Female,28.0,347.557504499354,2,3.0,0
Male,47.0,337.124018571866,3,2.0,0
Male,36.0,350.125298404497,4,3.0,0
Male,32.0,661.101260209523,2,4.0,0
Male,37.0,574.430288473473,2,1.0,0
Female,28.0,331.234525425157,2,3.0,0
Female,25.0,20.6143484667812,1,4.0,1
Female,34.0,681.985758067037,0,4.0,0
Male,25.0,49.9708909799642,1,3.0,1
Male,35.0,172.151215060876,1,4.0,1
Male,44.0,743.538317122462,2,4.0,0
Male,46.0,1216.92647887015,1,4.0,0
Female,31.0,396.654536463931,4,4.0,0
Male,40.0,682.799193097587,2,3.0,0
Female,40.0,398.869938447521,3,5.0,0
Female,38.0,489.794304072476,3,4.0,0
Male,30.0,983.912520967711,3,4.0,0
Female,25.0,429.429489440035,0,4.0,0
Female,40.0,922.677490565674,3,2.0,0
Female,18.0,114.536758446576,1,2.0,0
Male,32.0,501.092881352023,4,4.0,0
Female,9.0,799.743400499548,1,5.0,0
Female,22.0,447.600867974676,1,5.0,0
Female,26.0,566.199476428591,4,3.0,0
Female,46.0,580.428117635978,2,3.0,0
Male,42.0,733.101318929844,0,4.0,0
Female,29.0,535.479071069415,4,4.0,0
Male,42.0,952.262229225815,1,1.0,0
Female,44.0,615.868181769654,2,4.0,0
Female,33.0,709.676004564182,3,4.0,0
Male,21.0,386.661881121615,0,3.0,0
Male,33.0,423.356569633023,3,2.0,0
Female,34.0,1099.85319190938,1,4.0,0
Male,23.0,156.177404956558,2,4.0,0
Female,39.0,478.085205827553,4,4.0,0
Male,38.0,149.132517715866,1,3.0,0
Female,38.0,715.687998398473,1,4.0,0
Male,42.0,355.89942734815,2,4.0,0
Female,33.0,494.316017366831,4,4.0,0
Female,37.0,621.185013730597,1,4.0,0
Female,31.0,983.851617905389,2,4.0,0
Male,29.0,168.401304978445,1,4.0,1
Female,48.0,190.359200906766,2,1.0,0
Female,15.0,593.267501295768,2,2.0,1
Male,44.0,695.546612146455,3,3.0,0
Male,29.0,730.667820326976,1,3.0,0
Female,27.0,618.446080720255,2,4.0,0
Female,38.0,742.088550066008,0,4.0,0
Male,20.0,157.773288629174,0,4.0,1
Male,27.0,865.77131407746,0,3.0,0
Male,27.0,538.751607948403,2,4.0,0
Female,33.0,547.371647806431,4,5.0,0
Male,27.0,703.066581342978,3,3.0,0
Female,51.0,545.880973341953,0,4.0,0
Male,53.0,507.777032656793,4,4.0,0
Female,15.0,501.092881352023,2,5.0,0
Male,40.0,70.7073711700606,2,5.0,1
Female,44.0,186.35419985267,1,3.0,1
Male,40.0,454.013718252525,3,2.0,1
Female,28.0,386.117905784674,0,3.0,0
Male,33.0,660.504519983268,0,4.0,0
Female,31.0,286.457790779919,3,3.0,0
Male,23.0,1026.57343130916,3,4.0,0
Female,34.0,501.092881352023,1,5.0,0
Male,33.0,864.549465364461,2,4.0,0
Male,23.0,558.344916214267,2,1.0,1
Male,37.0,847.181285891347,2,5.0,0
Female,28.0,305.61903559411,1,3.0,0
Female,38.0,680.899059653275,2,3.0,0
Female,51.0,501.092881352023,2,4.0,0
Female,10.0,528.798282343123,0,4.0,0
Male,27.0,384.433798807117,0,2.0,1
Female,32.0,537.718498764317,2,2.0,0
Male,40.0,662.305576219011,1,5.0,0
Male,25.0,505.902916926161,3,2.0,1
Female,36.0,40.8746488369449,4,4.0,0
Female,36.0,219.24232905877,0,4.0,0
Female,39.0,516.89714338655,4,4.0,0
Female,39.0,731.589641484336,2,5.0,0
Female,38.0,212.482562620178,3,3.0,0
Female,37.0,6.75927762588282,1,3.0,0
Male,36.0,501.092881352023,0,4.0,0
Male,42.0,949.543315343227,1,3.0,0
Female,13.0,501.092881352023,2,4.0,0
Female,50.0,298.958531686708,1,2.0,0
Male,13.0,609.978583045054,0,5.0,0
Female,24.0,896.098845839861,4,3.0,0
Female,33.0,36.110272587221,3,5.0,1
Male,42.0,5.9969742376091,1,5.0,1
Male,5.0,585.245798509085,2,5.0,0
Male,35.0,720.29921061252,3,5.0,0
Male,43.0,506.075193087873,2,3.0,0
Male,45.0,542.673340454863,2,2.0,0
Male,28.0,837.572930175658,0,3.0,0
Female,32.0,341.509365936546,7,4.0,1
Male,29.0,692.488790695347,1,4.0,0
Male,31.0,453.629915942216,3,5.0,0
Male,25.0,326.017479979172,3,4.0,0
Female,26.0,186.826831764429,1,4.0,1
Male,36.0,1027.66310614359,1,3.0,0
Male,40.0,305.472674057256,2,4.0,0
Male,42.0,808.395165645687,1,3.0,0
Male,44.0,502.023669369038,1,2.0,0
Female,26.0,238.434739944475,4,4.0,0
Female,33.0,692.844100061432,3,5.0,0
Male,35.0,612.841258449932,3,5.0,0
Female,28.0,964.588869869346,6,3.0,0
Male,44.0,1165.22451457964,3,4.0,0
Female,37.0,465.38238658648,3,4.0,0
Male,36.0,237.66684598408,1,3.0,0
Female,43.0,34.0882417763975,2,5.0,1
Male,16.0,613.791786307406,1,3.0,0
Female,35.0,1008.46343738191,0,2.0,1
Male,45.0,432.445906980327,2,4.0,0
Female,29.0,814.693950453347,3,4.0,0
Female,33.0,128.362979637695,2,3.0,1
Male,34.0,655.855852250592,3,5.0,0
Female,26.0,535.83004115096,4,4.0,0
Male,56.0,514.366130722201,0,4.0,0
Male,23.0,155.839075534473,4,4.0,0
Male,34.0,643.946608357462,0,4.0,0
Female,44.0,276.725675685799,1,4.0,0
Male,35.0,508.34035123975,2,2.0,0
Male,40.0,596.609228046767,3,3.0,0
Male,26.0,101.24286233639,2,2.0,1
Male,50.0,735.413207680113,5,5.0,0
Male,41.0,607.662707305815,2,3.0,0
Female,39.0,920.064581917379,3,4.0,0
Male,43.0,949.961993351131,2,2.0,0
Female,26.0,183.004947346389,4,4.0,1
Female,30.0,104.332505591577,2,4.0,0
Male,48.0,1084.08373257654,0,4.0,0
Male,51.0,690.661934394365,0,4.0,0
Female,24.0,392.683771644829,2,4.0,0
Male,37.0,1225.43586209738,0,5.0,0
Male,31.0,100.006098968868,2,2.0,0
Male,28.0,368.966118499888,3,4.0,0
Male,38.0,426.882529294657,3,4.0,0
Female,46.0,501.092881352023,1,3.0,0
Female,40.0,618.302518452831,2,2.0,0
Female,32.0,727.914702123514,0,5.0,0
Male,40.0,621.822603954709,3,3.0,0
Male,31.0,814.891305897294,2,5.0,0
Male,39.0,438.328623330452,6,3.0,0
Male,49.0,554.576551407415,3,4.0,0
Female,14.0,709.469052560994,3,4.0,0
Female,43.0,557.213235231694,4,4.0,0
Male,47.0,882.151799199242,2,4.0,0
Male,29.0,696.642264963893,1,3.0,0
Male,23.0,366.207839983723,1,5.0,0
Male,42.0,404.584659702366,0,5.0,0
Female,39.0,647.670025873828,1,4.0,0
Female,25.0,148.88529496945,2,4.0,0
Female,22.0,710.263094767644,2,5.0,0
Male,33.0,340.400010336059,0,5.0,0
Male,23.0,273.122259644573,0,5.0,0
Female,24.0,83.3834018164874,1,3.0,1
Female,36.0,469.055498021451,2,5.0,0
Male,25.0,213.287221657083,3,5.0,0
Female,39.0,391.305614234273,1,4.0,0
Female,50.0,491.515270794981,0,1.0,0
Female,34.0,98.8165411967962,1,4.0,1
Male,36.0,501.092881352023,5,3.0,0
Female,55.0,118.133620345459,3,4.0,0
Male,47.0,541.188571394746,5,4.0,1
Male,46.0,552.44441123717,4,1.0,0
Male,44.0,673.37506669891,1,4.0,0
Male,48.0,944.050798800286,0,3.0,0
Female,38.0,481.018840805652,2,3.0,0
Female,29.0,623.510369771321,2,4.0,0
Male,46.0,619.825105665071,2,3.0,0
Female,46.0,374.529462748264,1,3.0,0
Male,46.0,989.756122501784,3,3.0,0
Male,35.0,477.683331640087,1,3.0,0
Male,28.0,501.092881352023,1,4.0,0
Male,44.0,434.283815740684,4,4.0,0
Female,45.0,805.914207358431,0,3.0,0
Male,31.0,591.589736987736,1,3.0,0
Male,38.0,135.582406790018,1,4.0,1
Male,22.0,234.917401010646,3,3.0,0
Male,45.0,501.092881352023,1,4.0,0
Male,27.0,46.272053610438,3,3.0,1
Female,43.0,422.428491987803,0,4.0,0
Male,24.0,507.710196966937,3,3.0,0
Female,45.0,730.079517219016,1,4.0,0
Female,38.0,578.313511410975,3,3.0,0
Female,27.0,171.865233458274,1,1.0,1
Female,42.0,565.930146004604,2,4.0,0
Male,29.0,595.192686936877,2,4.0,0
Male,32.0,477.913168273154,0,3.0,0
Male,25.0,150.95133640043,4,2.0,1
Male,31.0,495.862158112951,3,5.0,0
Male,49.0,657.897607812355,2,4.0,0
Male,44.0,484.396525091496,2,5.0,0
Female,51.0,549.822857706862,3,3.0,0
Female,52.0,848.257144786162,2,4.0,0
Male,30.0,243.594664461311,1,4.0,0
Male,33.0,317.257971276454,6,3.0,1
Male,31.0,610.667659045122,3,3.0,0
Female,28.0,501.092881352023,0,4.0,0
Female,17.0,384.758359639193,1,4.0,0
Female,35.0,528.131692663934,2,4.0,0
Male,22.0,454.872280975612,0,2.0,1
Female,35.0,916.354774130565,2,4.0,0
Male,56.0,556.009471104165,3,3.0,0
Male,30.0,663.16638728249,2,4.0,0
Female,37.0,167.60246316925,3,5.0,1
Male,44.0,201.612028675519,6,4.0,1
Male,38.0,820.862197800935,2,5.0,0
Female,38.0,414.689625701846,1,1.0,0
Male,31.0,440.395400797091,0,1.0,0
Male,33.0,659.01670289443,0,3.0,0
Female,25.0,648.26777328418,4,4.0,0
Male,43.0,591.418475791858,2,2.0,0
Male,45.0,481.834463325834,4,3.0,0
Male,21.0,851.937977682481,1,5.0,0
Male,45.0,315.532004056758,3,5.0,0
Male,31.0,467.69618315478,4,4.0,0
Female,23.0,1104.86143472647,1,4.0,0
Male,41.0,501.092881352023,4,5.0,0
Male,44.0,501.092881352023,1,3.0,0
Male,31.0,626.736970678838,2,4.0,0
Female,42.0,798.742187898419,3,4.0,0
Female,12.0,1320.51087108851,3,4.0,0
Male,22.0,221.423026791752,2,4.0,0
Male,48.0,586.41803736766,2,3.0,0
Male,33.0,586.540571549835,1,3.0,0
Male,16.0,232.489854767015,0,5.0,0
Female,28.0,1000.8812300496,3,3.0,0
Female,26.0,716.896539738653,1,4.0,0
Male,33.0,400.765272281367,0,4.0,0
Male,31.0,301.729424507057,1,5.0,0
Male,37.0,565.531966640434,4,4.0,0
Female,34.0,509.787192001666,1,4.0,0
Male,49.0,363.782499710713,1,5.0,0
Male,39.0,649.420047640247,1,2.0,1
Female,40.0,193.857853898271,1,5.0,0
Male,47.0,369.544206943476,2,5.0,0
Female,31.0,71.4622414630487,0,2.0,1
Male,22.0,518.291984841344,3,5.0,0
Female,47.0,642.190957022995,1,5.0,0
Male,36.0,53.3448497906944,3,4.0,0
Male,36.0,537.376382925034,2,5.0,0
Female,29.0,113.364653565743,2,3.0,0
Female,43.0,418.937959110546,1,4.0,0
Female,45.0,424.356097142777,2,4.0,0
Female,43.0,527.150905092519,1,4.0,0
Male,43.0,501.092881352023,1,3.0,0
Male,41.0,151.164045985788,3,3.0,0
Female,36.0,412.809589045609,1,4.0,0
Female,33.0,656.686757824934,1,4.0,0
Female,47.0,851.014883431572,4,2.0,1
Female,31.0,460.674366217747,0,3.0,0
Male,39.0,482.904120512181,1,3.0,0
Female,27.0,506.605777133522,0,3.0,0
Female,28.0,421.715090097484,3,3.0,0
Male,33.0,337.495262462176,2,2.0,1
Female,27.0,1029.25569856093,0,4.0,0
Male,43.0,541.369191449235,2,4.0,0
Male,22.0,1288.69416634605,1,4.0,0
Male,36.0,581.813780584139,2,5.0,0
Male,36.0,562.959231226368,2,3.0,0
Female,17.0,566.988207700484,1,5.0,0
Female,31.0,779.519675488383,0,3.0,0
Female,38.0,398.161848323314,4,3.0,0
Female,39.0,857.328164713624,1,5.0,0
Male,33.0,1127.91804295885,2,5.0,0
Female,34.0,501.092881352023,3,3.0,0
Male,35.0,60.0477815253926,2,3.0,0
Female,44.0,178.659324634865,1,5.0,1
Male,30.0,83.0239653707215,0,4.0,1
Male,28.0,457.965125030731,6,4.0,0
Male,32.0,1223.98167831825,2,5.0,0
Female,49.0,501.092881352023,0,5.0,0
Male,95.0,4931.55047929031,1,3.0,0
Male,24.0,669.376571758842,4,2.0,0
Male,29.0,271.837672911981,1,4.0,0
Female,39.0,685.363275549034,1,5.0,0
Female,26.0,71.0824005203949,2,4.0,0
Female,28.0,610.257569667797,2,5.0,0
Male,48.0,728.033785402943,4,4.0,0
Male,29.0,421.651022847288,1,3.0,0
Female,45.0,685.437999710811,3,2.0,1
Male,48.0,351.248903875951,2,3.0,0
Female,28.0,297.08438426475,2,4.0,0
Female,26.0,216.354856369961,5,4.0,0
Female,32.0,557.074720839337,2,5.0,0
Female,24.0,580.802337789633,1,5.0,0
Male,36.0,428.859049162295,0,5.0,0
Female,33.0,383.772707242167,2,5.0,0
Male,49.0,929.727922265029,4,4.0,0
Male,43.0,390.082252959388,3,3.0,0
Female,40.0,600.622397042102,4,3.0,0
Male,15.0,153.009267970466,3,3.0,1
Male,39.0,832.41425730462,4,3.0,0
Male,52.0,396.078526495669,4,4.0,0
Male,5.0,734.192475261935,2,3.0,0
Female,42.0,744.60682519818,2,4.0,0
Female,33.0,580.999728153043,2,2.0,1
Male,27.0,526.7424793012,4,2.0,1
Male,43.0,896.001255873943,0,4.0,0
Female,52.0,135.162872092306,3,5.0,0
Male,43.0,1093.42033246662,2,3.0,0
Female,31.0,501.126247947066,6,4.0,1
Male,26.0,882.659037846358,2,4.0,0
Female,36.0,548.112139000815,0,5.0,0
Female,44.0,642.105355222028,3,5.0,0
Male,31.0,253.007847447047,1,4.0,0
Male,32.0,291.650336587306,3,4.0,0
Male,63.0,501.092881352023,0,4.0,0
Male,46.0,1335.67289494084,1,3.0,0
Female,47.0,238.475899908579,2,4.0,0
Female,20.0,519.136971871693,0,4.0,0
Male,28.0,907.059695885566,2,3.0,0
Female,36.0,575.250132517454,1,1.0,1
Female,25.0,238.265524726955,2,4.0,0
Male,51.0,550.415712939054,4,4.0,0
Male,49.0,351.3718096386,0,4.0,0
Female,53.0,387.531011480673,1,3.0,0
Female,35.0,943.20345539524,1,4.0,0
Female,61.0,723.362531616396,2,3.0,0
Male,36.0,753.268391510113,1,4.0,0
Female,41.0,333.684795842889,3,2.0,1
Female,49.0,93.7995793995769,1,4.0,0
Female,48.0,167.380247412105,2,4.0,0
Male,40.0,501.092881352023,2,3.0,0
Male,34.0,644.052940656383,0,5.0,0
Male,40.0,458.270603299449,1,5.0,0
Male,27.0,349.861297210293,1,4.0,0
Male,37.0,475.822911297463,4,3.0,0
Female,24.0,350.262340862796,1,4.0,0
Male,17.0,982.367301345364,0,3.0,0
Male,36.0,595.633279502244,2,4.0,0
Female,48.0,342.204235558519,2,4.0,0
Female,44.0,205.676178538955,0,4.0,0
Male,52.0,890.953953193721,2,2.0,1
Female,29.0,144.625963334206,0,4.0,1
Male,16.0,819.581300592628,0,4.0,0
Male,13.0,1099.40694218414,0,4.0,0
Female,23.0,540.877125830546,3,1.0,0
Male,43.0,362.993106305649,2,4.0,0
Male,29.0,880.415378583651,3,5.0,0
Female,40.0,299.992693407231,2,5.0,0
Female,51.0,177.648895784371,0,3.0,0
Female,24.0,223.697466749811,1,3.0,0
Male,40.0,397.95533571567,3,5.0,0
Male,40.0,747.186644537908,2,2.0,1
Male,26.0,367.933379100331,2,4.0,0
Male,49.0,108.789746608471,0,5.0,0
Female,32.0,895.944878670179,1,4.0,0
Female,31.0,476.345187356003,3,4.0,0
Male,56.0,410.430457612981,3,2.0,1
Female,40.0,286.906158469078,4,2.0,0
Male,44.0,679.789590493516,3,5.0,0
Female,49.0,184.619658427243,1,4.0,1
Male,28.0,321.217241349906,1,4.0,0
Male,47.0,123.388562702931,1,3.0,0
Female,30.0,366.454724156993,1,5.0,0
Female,30.0,418.116058384796,3,4.0,0
Male,32.0,724.61664736702,1,4.0,0
Female,29.0,34.0457852822112,1,4.0,1
Male,43.0,269.057340969678,3,3.0,0
Female,38.0,264.998534739795,0,4.0,0
Male,30.0,501.092881352023,4,4.0,0
Female,42.0,411.529172436767,3,5.0,0
Female,32.0,822.055100500212,1,5.0,0
Female,32.0,629.141982739966,2,3.0,0
Male,35.0,474.234481053277,2,2.0,0
Male,40.0,37.026293282195,0,5.0,0
Female,39.0,194.435509363694,2,4.0,1
Female,31.0,792.417259117173,0,1.0,0
Female,43.0,579.025909269174,2,3.0,0
Male,33.0,443.496360322464,1,4.0,0
Male,28.0,129.321811116773,2,4.0,1
Male,20.0,116.796315908597,0,3.0,1
Female,37.0,327.468538155746,1,2.0,0
Female,45.0,176.408561459904,1,4.0,1
Male,30.0,501.092881352023,1,4.0,0
Female,21.0,521.734330357758,1,1.0,0
Female,36.0,54.6869960126395,2,3.0,1
Female,38.0,615.626805261825,1,5.0,0
Male,32.0,527.907557892282,2,4.0,0
Male,50.0,197.465246120806,1,4.0,0
Female,46.0,768.68020046624,1,4.0,0
Female,43.0,474.142482843036,3,4.0,0
Female,40.0,501.092881352023,2,4.0,0
Male,2.0,198.687628075022,3,4.0,0
Female,48.0,108.16072759849,1,5.0,0
Male,25.0,439.493191863978,2,4.0,0
Male,30.0,384.732336016733,4,5.0,0
Female,33.0,450.37141499739,0,2.0,0
Female,39.0,804.391123959936,1,5.0,0
Male,41.0,448.94846172742,2,3.0,0
Male,44.0,27.0697426708887,3,4.0,0
Female,43.0,415.136238099809,4,4.0,0
Male,38.0,501.092881352023,2,4.0,0
Male,39.0,399.955573846144,2,3.0,0
Female,27.0,907.70644548143,0,3.0,0
Female,44.0,172.761895463316,2,2.0,0
Male,43.0,502.370718646375,2,1.0,0
Female,42.0,278.755063978059,5,5.0,0
Male,30.0,181.162615533538,1,1.0,1
Female,44.0,909.768201252721,3,5.0,0
Male,23.0,716.684330839858,2,4.0,0
Female,32.0,66.9756945202118,1,4.0,0
Male,52.0,630.095467075926,0,4.0,0
Male,20.0,600.099067219517,0,5.0,0
Male,53.0,501.092881352023,1,4.0,0
Female,31.0,21.3867052518707,4,5.0,1
Male,37.0,501.092881352023,3,4.0,0
Male,28.0,619.435024584949,2,4.0,0
Male,34.0,722.506018099186,1,4.0,0
Male,28.0,617.260100926057,3,5.0,0
Female,28.0,314.606272392188,5,3.0,0
Female,40.0,786.273718675814,3,4.0,0
Male,26.0,398.091035772894,1,3.0,0
Female,27.0,128.598157290053,3,4.0,0
Male,21.0,238.687576306588,1,4.0,0
Male,30.0,212.011117534373,2,4.0,0
Male,48.0,676.300241569197,3,5.0,0
Male,27.0,683.392342414001,3,5.0,0
Female,37.0,1045.65895242927,1,5.0,0
Male,31.0,49.1848223468412,1,3.0,0
Female,33.0,400.224965761909,0,3.0,0
Male,38.0,255.179947799552,0,4.0,0
Female,44.0,424.05102103207,7,3.0,0
Female,44.0,662.103188208972,0,5.0,0
Female,33.0,359.103390903111,3,4.0,0
Female,55.0,361.049690494072,2,2.0,0
Male,34.0,493.619364411228,1,2.0,0
Male,31.0,985.625506668656,6,5.0,0
Female,29.0,451.456689903858,2,4.0,0
Male,18.0,601.802586161407,0,3.0,0
Male,43.0,483.146222537808,4,5.0,0
Female,12.0,702.910286022024,1,4.0,0
Male,35.0,600.116557092959,2,2.0,1
Female,57.0,893.634522870868,2,2.0,1
Male,17.0,496.504268957319,1,4.0,0
Female,26.0,358.282588374749,2,4.0,0
Male,34.0,1028.13415030869,1,3.0,0
Female,30.0,579.264674976204,4,4.0,0
Male,34.0,700.83632341663,0,4.0,0
Male,22.0,515.020296100894,0,5.0,0
Male,39.0,400.697406153451,3,2.0,1
Male,35.0,526.770849768257,3,3.0,0
Female,29.0,1042.56634920295,2,3.0,0
Male,45.0,627.494865057279,1,2.0,1
Male,53.0,1217.36109103483,0,2.0,1
Male,32.0,429.612997534847,3,3.0,0
Male,49.0,11.5762946540714,2,2.0,1
Female,32.0,270.569055288309,1,2.0,0
Male,25.0,563.825015670475,2,4.0,0
Male,52.0,530.860312486352,1,4.0,0
Female,40.0,47.411604896943,4,3.0,0
Male,35.0,549.204794732149,0,5.0,0
Female,42.0,554.802608143385,5,4.0,0
Male,34.0,482.306180175937,0,4.0,0
Female,22.0,797.154454029784,2,3.0,0
Female,95.0,10925.990675698,2,5.0,0
Female,41.0,440.504233221388,3,4.0,0
Female,34.0,501.092881352023,2,3.0,0
Female,39.0,933.473555756772,4,5.0,0
Male,26.0,868.202156304688,2,4.0,0
Female,22.0,667.039592213032,2,4.0,0
Male,33.0,192.786152505906,1,3.0,1
Female,30.0,501.092881352023,3,2.0,0
Male,38.0,541.891497383561,5,3.0,0
Female,28.0,1284.55716471505,4,2.0,0
Female,29.0,413.809904656383,1,2.0,0
Female,46.0,32.863959902698,1,2.0,0
Male,36.0,164.664141459936,0,3.0,1
Male,28.0,909.345787629034,3,4.0,0
Female,35.0,37.5376330397971,1,5.0,1
Male,49.0,286.11221523308,6,3.0,1
Male,38.0,998.250331110652,2,4.0,0
Male,41.0,936.119572312501,2,3.0,0
Female,27.0,332.662120565789,3,4.0,0
Female,45.0,501.092881352023,1,3.0,0
Male,58.0,655.480264614528,1,4.0,0
Male,27.0,842.648642724886,6,5.0,1
Male,23.0,268.411082143991,3,4.0,0
Male,37.0,356.836265791018,2,4.0,0
Male,44.0,403.551049636624,0,4.0,0
Male,34.0,800.767326182943,3,4.0,0
Male,24.0,847.687398286449,2,5.0,0
Female,41.0,55.5401511964965,4,3.0,0
Male,31.0,934.245534314282,3,4.0,0
Male,41.0,787.060642839587,0,5.0,0
Female,47.0,1053.18371622063,0,5.0,0
Male,37.0,422.971091877771,3,4.0,0
Male,35.0,477.107597014771,4,4.0,0
Female,43.0,329.8100226985,4,3.0,0
Female,26.0,555.180508873936,0,2.0,1
Male,25.0,569.799080594397,2,4.0,0
Female,32.0,34.1831198889658,0,2.0,1
Female,30.0,843.511772011488,2,5.0,0
Male,27.0,795.589376669619,2,4.0,0
Female,57.0,691.720766019932,2,1.0,0
Female,31.0,313.93840914467,2,4.0,0
Female,36.0,647.075965543816,2,4.0,0
Male,33.0,374.679294598061,3,4.0,0
Female,46.0,528.623843284353,2,3.0,0
Female,48.0,773.967782563587,0,4.0,0
Male,17.0,644.432026362266,2,2.0,1
Male,40.0,713.943564927586,5,3.0,1
Male,22.0,28.5753462146226,0,4.0,1
Male,53.0,423.901090133648,0,5.0,0
Female,39.0,441.397767287597,2,2.0,1
Male,27.0,1162.58350245376,3,2.0,0
Male,33.0,73.4490269885041,2,4.0,1
Male,32.0,569.354251166435,3,2.0,0
Female,45.0,1074.21106874507,3,3.0,0
Male,24.0,689.830013198591,1,5.0,0
Female,53.0,309.453428752421,2,4.0,0
Female,51.0,402.914368652997,1,3.0,0
Male,26.0,788.639317774063,2,3.0,0
Male,36.0,722.993430667661,4,4.0,0
Male,52.0,710.560328923591,5,4.0,1
Male,47.0,112.945024837236,3,2.0,0
Male,32.0,178.855957797823,4,5.0,1
Female,43.0,1025.63609172471,1,4.0,0
Female,65.0,375.187919420517,3,3.0,0
Female,36.0,525.067065368448,2,5.0,0
Female,29.0,10.0040920206351,3,3.0,0
Male,37.0,168.956446570594,6,2.0,1
Female,37.0,122.576046408945,1,4.0,1
Male,30.0,582.412426850359,0,3.0,0
Male,39.0,172.635037084464,5,5.0,1
Female,22.0,822.234820513723,2,3.0,0
Male,28.0,519.724912078062,2,4.0,0
Female,43.0,720.336560038642,4,1.0,0
Female,17.0,620.782868273325,1,4.0,0
Male,44.0,610.685221923993,3,4.0,0
Male,15.0,374.335770357805,1,3.0,0
Male,18.0,517.879727767092,4,3.0,0
Female,30.0,737.040793200145,2,3.0,0
Female,38.0,719.020811262833,1,4.0,0
Male,48.0,616.644355866634,2,4.0,0
Female,36.0,501.092881352023,2,2.0,1
Female,33.0,101.833374811743,0,4.0,0
Male,41.0,794.303922469488,7,1.0,1
Male,26.0,824.74131067404,2,4.0,0
Male,23.0,361.762084656271,4,5.0,0
Male,36.0,9.6148661351865,2,5.0,0
Male,34.0,369.668636704624,2,3.0,0
Male,27.0,259.123469771131,1,5.0,0
Female,37.0,1303.04116291108,2,2.0,1
Male,37.0,651.109206616221,4,4.0,0
Male,47.0,459.745568168329,2,3.0,0
Female,19.0,128.755510747722,0,5.0,0
Female,34.0,20.3598695858391,3,2.0,0
Male,27.0,666.230282190091,2,4.0,0
Male,44.0,729.154971081319,2,5.0,0
Female,43.0,508.057515680135,5,4.0,0
Male,40.0,740.369382072029,2,4.0,0
Male,28.0,281.042238411453,2,3.0,0
Female,44.0,590.985388003181,5,4.0,0
Male,20.0,678.484426528234,2,5.0,0
Male,22.0,924.737916540665,2,4.0,0
Male,35.0,1073.51267085775,2,5.0,0
Male,42.0,968.07725418163,3,4.0,0
Female,48.0,563.279590732125,2,3.0,0
Male,36.0,504.881328623546,3,4.0,0
Female,19.0,260.244528391176,2,3.0,0
Male,36.0,465.822670841712,1,4.0,0
Female,46.0,484.085673570824,5,1.0,0
Male,41.0,605.783771706781,4,4.0,0
Female,46.0,244.117087631921,2,4.0,0
Male,21.0,191.611894337593,0,4.0,0
Male,31.0,774.349376938111,3,4.0,0
Female,26.0,290.389376193633,1,5.0,0
Female,52.0,406.786927751078,2,3.0,0
Male,41.0,382.336796380933,1,5.0,0
Male,63.0,737.987342804893,3,4.0,0
Female,30.0,633.163884264936,0,5.0,0
Female,28.0,636.713900342606,3,4.0,0
Male,34.0,11.6284649384069,3,2.0,0
Male,49.0,861.189139965099,1,3.0,0
Male,31.0,423.522076177106,0,3.0,0
Male,36.0,733.919694792971,2,4.0,0
Female,36.0,501.092881352023,2,3.0,0
Female,35.0,501.092881352023,3,3.0,0
Female,28.0,324.473890460487,2,4.0,0
Female,33.0,816.255415626186,2,4.0,0
Female,35.0,647.308435862472,5,3.0,0
Male,44.0,790.855802265832,0,4.0,0
Male,53.0,395.791653119537,1,5.0,0
Female,27.0,568.047230646092,3,3.0,0
Male,31.0,368.769813452624,2,4.0,0
Male,27.0,509.429533432982,5,4.0,0
Female,37.0,765.051389928452,2,1.0,1
Female,30.0,753.648642451692,4,2.0,1
Male,37.0,493.136543988269,4,1.0,1
Male,46.0,770.802616509604,2,4.0,0
Male,40.0,488.617610245616,1,5.0,0
Female,26.0,447.911098359177,1,3.0,0
Female,47.0,542.492985757369,0,5.0,0
Male,44.0,480.70342518579,3,4.0,0
Male,41.0,501.092881352023,4,3.0,0
Female,28.0,115.37587236549,1,5.0,0
Female,29.0,899.610111772091,1,3.0,0
Male,43.0,523.237746333375,2,3.0,0
Female,27.0,32.5508426436243,4,2.0,1
Female,49.0,751.381571849454,2,4.0,0
Female,32.0,625.956817550524,0,4.0,0
Female,40.0,494.861313869677,1,2.0,0
Male,56.0,286.958547097333,3,4.0,0
Male,28.0,250.514372629667,0,4.0,0
Female,36.0,501.092881352023,3,2.0,1
Female,46.0,677.161701524432,0,2.0,0
Female,45.0,617.051911826765,3,4.0,0
Male,32.0,501.092881352023,1,3.0,0
Male,30.0,1017.91254310667,1,2.0,0
Female,33.0,259.436821570562,2,4.0,0
Male,49.0,589.691074061831,0,5.0,0
Male,32.0,499.034967958454,2,3.0,0
Female,36.0,559.60863077845,2,4.0,0
Female,31.0,419.069663177415,8,4.0,1
Female,42.0,501.092881352023,3,5.0,0
Female,37.0,607.109438851789,4,3.0,0
Male,25.0,285.228420351674,4,4.0,0
Male,25.0,82.0916891704634,5,4.0,1
Female,15.0,497.595927519311,2,4.0,0
Female,27.0,675.596016586354,2,3.0,0
Female,43.0,283.110484401567,3,4.0,0
Female,48.0,693.458280321458,4,4.0,0
Male,42.0,537.324208093015,4,5.0,0
Female,41.0,262.275887028745,4,3.0,0
Male,34.0,501.092881352023,2,1.0,1
Male,43.0,627.445774849072,4,4.0,0
Male,38.0,628.777695651743,7,2.0,1
Male,53.0,231.660185263706,1,1.0,1
Male,34.0,816.704058842887,6,3.0,0
Male,48.0,314.736874955748,1,4.0,0
Male,44.0,499.920418070216,1,4.0,0
Male,42.0,343.531934734991,3,5.0,0
Female,15.0,374.7689830931,2,2.0,0
Male,44.0,522.12883743128,1,2.0,1
Male,34.0,299.69742959557,3,5.0,0
Female,31.0,580.440428283921,4,3.0,0
Female,20.0,134.249502544987,2,4.0,0
Male,35.0,411.185051799558,1,5.0,0
Female,22.0,517.567531571107,1,4.0,0
Male,20.0,310.002990962061,2,2.0,1
Male,40.0,799.220938432067,0,4.0,0
Male,44.0,499.150736896236,2,2.0,1
Female,37.0,217.367038679313,3,4.0,0
Male,47.0,582.807327630428,3,5.0,0
Male,34.0,846.708455512587,3,2.0,0
Male,34.0,302.93031753188,6,4.0,0
Female,19.0,761.450240284635,1,3.0,0
Male,54.0,721.27799186238,1,4.0,0
Female,46.0,434.763666394206,2,3.0,0
Female,21.0,339.296671719816,4,5.0,0
Female,37.0,27.6175387242507,3,4.0,1
Male,34.0,523.44106973639,1,5.0,0
Female,32.0,743.662445981872,0,3.0,0
Male,31.0,43.5010253732801,3,3.0,1
Female,39.0,643.205152933846,0,4.0,0
Male,43.0,46.3167345785075,3,3.0,0
Male,39.0,905.19831678265,0,4.0,0
Male,34.0,387.576316829369,1,5.0,0
Female,33.0,464.338432687248,3,2.0,0
Male,44.0,264.310234086509,4,5.0,0
Female,40.0,61.234602971427,1,4.0,0
Male,36.0,140.012614786761,5,4.0,0
Female,35.0,104.165453281058,1,3.0,0
Female,38.0,668.996077811927,1,4.0,0
Female,30.0,529.776590848916,5,4.0,0
Female,43.0,562.468324316026,2,3.0,0
Female,24.0,543.268917282085,4,4.0,0
Male,31.0,882.47414702264,4,2.0,1
Female,41.0,501.092881352023,1,4.0,0
Male,24.0,710.862129145827,0,2.0,1
Female,19.0,171.374299153711,3,5.0,0
Female,36.0,501.194328820444,4,5.0,0
Male,18.0,394.376113498407,0,3.0,0
Male,22.0,203.143889903096,5,4.0,1
Female,43.0,1234.52356079004,1,4.0,0
Female,33.0,697.212690429696,1,3.0,0
Male,48.0,32.102257370359,5,3.0,1
Female,23.0,128.531370285017,4,1.0,1
Female,34.0,796.637374258535,3,4.0,0
Male,39.0,934.247147589817,2,5.0,0
Male,23.0,387.623060278951,2,4.0,0
Male,45.0,553.765306972706,1,3.0,0
Female,40.0,1004.95789577805,3,3.0,0
Female,19.0,23.3797280083637,1,4.0,1
Male,39.0,527.798478576081,2,4.0,0
Male,29.0,788.480520947481,1,4.0,0
Male,20.0,482.726701936113,2,4.0,0
Male,38.0,555.050253563317,1,5.0,0
Male,57.0,559.676399660167,0,5.0,0
Female,31.0,550.721269698353,2,1.0,1
Male,51.0,298.53866433041,1,4.0,0
Female,27.0,117.681007734246,2,1.0,0
Male,37.0,501.092881352023,1,3.0,0
Female,43.0,511.830294151554,2,4.0,0
Male,32.0,396.290350550875,3,3.0,0
Male,42.0,89.4498800137261,3,2.0,0
Male,54.0,178.610384135647,4,3.0,0
Female,38.0,221.901947826442,0,3.0,0
Female,30.0,607.069789132818,4,3.0,0
Male,33.0,501.092881352023,2,4.0,0
Male,60.0,739.458212748313,1,5.0,0
Male,36.0,148.930996065781,2,4.0,0
Male,29.0,339.9418293982,3,4.0,0
Female,24.0,730.549983786413,3,1.0,0
Male,17.0,941.929910755769,0,4.0,0
Male,39.0,454.640273649276,1,4.0,0
Male,42.0,710.386679423358,3,4.0,0
Male,31.0,433.030546704292,0,4.0,0
Male,35.0,1117.33875358212,2,5.0,0
Male,23.0,178.285251990916,0,1.0,0
Female,36.0,739.289189053598,1,5.0,0
Female,40.0,34.497091980435,4,2.0,1
Female,30.0,430.549746201853,1,4.0,0
Male,52.0,599.826443753389,5,4.0,0
Female,27.0,735.659675094317,4,4.0,0
Male,38.0,512.950436598152,1,5.0,0
Male,34.0,457.22084154652,2,4.0,0
Male,33.0,501.092881352023,2,4.0,0
Female,21.0,524.160952554668,1,5.0,0
Male,49.0,603.754311023883,1,4.0,0
Male,33.0,165.274487295368,0,2.0,0
Male,40.0,453.695875077349,2,4.0,0
Male,42.0,1041.92492625086,2,3.0,0
Female,29.0,606.280185962192,1,4.0,0
Female,33.0,549.904058026122,3,1.0,0
Male,48.0,648.181477140842,2,4.0,0
Male,24.0,290.654676757361,2,2.0,1
Male,56.0,687.991834665167,3,4.0,0
Male,28.0,911.01868195385,1,3.0,0
Male,23.0,501.092881352023,1,2.0,1
Male,36.0,501.092881352023,0,3.0,0
Female,57.0,269.24670404251,3,4.0,0
Male,16.0,216.373964535954,0,3.0,0
Male,34.0,337.924930633932,0,4.0,0
Male,40.0,779.137730316477,0,4.0,0
Female,35.0,638.805818542404,1,4.0,0
Male,28.0,89.4750946939026,1,4.0,0
Female,29.0,978.795208296101,1,5.0,0
Female,34.0,1023.8149189549,4,3.0,0
Male,24.0,961.569459279498,4,1.0,1
Male,35.0,623.237988849318,3,3.0,0
Male,31.0,572.279702864071,0,4.0,0
Female,30.0,692.472953912896,3,3.0,0
Female,38.0,201.319601503164,0,3.0,0
Male,17.0,296.099046151481,2,4.0,0
Male,33.0,501.092881352023,6,4.0,1
Male,58.0,869.998668123236,4,2.0,0
Female,24.0,179.603643434906,1,4.0,1
Female,48.0,410.914527558747,2,4.0,0
Male,36.0,638.261183532903,4,5.0,0
Female,29.0,699.433386695546,1,4.0,0
Male,36.0,464.220558113158,0,4.0,0
Female,50.0,133.729672248564,4,3.0,0
Female,31.0,45.0836112448836,1,5.0,0
Female,34.0,737.377611911672,2,4.0,0
Female,45.0,66.7660869492906,0,4.0,0
Male,38.0,812.697358572893,0,5.0,0
Male,19.0,409.203173162948,4,3.0,0
Female,50.0,501.092881352023,2,2.0,1
Male,35.0,682.090815391923,1,2.0,1
Male,39.0,206.359854794406,1,5.0,0
Male,33.0,774.158877723906,3,3.0,0
Female,17.0,385.364579134148,1,1.0,0
Male,18.0,591.367538601502,3,5.0,0
Male,45.0,756.375141354938,2,4.0,0
Male,28.0,279.35207468535,2,3.0,0
Male,35.0,990.698063683984,3,5.0,0
Female,29.0,283.030200215282,1,4.0,0
Female,36.0,179.442322612508,3,5.0,1
Male,33.0,438.153391094941,1,4.0,0
Male,23.0,4.48890486452012,0,4.0,0
Male,30.0,842.112947975782,4,4.0,0
Female,39.0,494.763712349118,3,5.0,0
Male,35.0,220.358067447648,1,4.0,0
Male,34.0,673.448623325487,1,4.0,0
Female,54.0,225.832385252997,0,5.0,0
Female,42.0,77.5302072166958,3,5.0,0
Male,44.0,510.550073294274,5,5.0,0
Male,33.0,552.665204847525,1,5.0,0
Male,37.0,172.424536264769,1,4.0,1
Female,43.0,161.373032091829,2,4.0,0
Female,34.0,928.549748258754,4,5.0,0
Female,37.0,978.046976739446,3,4.0,0
Male,37.0,346.79661182945,2,3.0,0
Male,35.0,387.265538590052,0,3.0,0
Female,28.0,695.016825884255,1,2.0,1
Male,28.0,589.116781545976,1,5.0,0
Male,42.0,219.186342177817,2,5.0,0
Female,29.0,800.341774791203,1,3.0,0
Male,32.0,911.662948581456,2,3.0,0
Male,24.0,387.507791340379,1,4.0,0
Male,40.0,655.263756428302,2,4.0,0
Female,40.0,474.262038864653,1,3.0,0
Male,32.0,402.661027806972,1,2.0,1
Male,16.0,1117.35974194861,3,1.0,1
Male,28.0,404.948330889152,3,4.0,0
Female,33.0,501.092881352023,7,3.0,0
Male,23.0,648.929175282393,2,4.0,0
Male,32.0,294.583855405932,3,2.0,1
Male,42.0,706.205112784103,2,4.0,0
Male,48.0,866.201506877945,2,4.0,0
Male,30.0,1098.058939698,4,4.0,0
Male,42.0,835.43357455878,2,3.0,0
Male,41.0,313.562258322604,2,3.0,0
Male,47.0,697.3398838161,1,4.0,0
Male,31.0,478.361671865564,2,1.0,0
Female,17.0,179.319113514022,1,3.0,1
Male,36.0,391.356241858149,2,4.0,0
Male,25.0,539.197649208623,3,4.0,0
Male,28.0,959.417802936147,1,5.0,0
Male,32.0,673.464741858786,1,4.0,0
Male,36.0,740.561051859112,2,5.0,0
Male,42.0,1035.11218057277,3,4.0,0
Female,31.0,591.433747091238,0,4.0,0
Male,35.0,373.1723526272,1,4.0,0
Female,44.0,560.733839097326,1,3.0,0
Male,33.0,315.72532728916,3,2.0,1
Male,34.0,389.96389279031,3,4.0,0
Male,31.0,602.741673957128,1,4.0,0
Male,33.0,591.517522986119,1,3.0,0
Female,27.0,628.331941198481,3,4.0,0
Male,26.0,540.253135163075,0,3.0,0
Male,43.0,203.969650457393,1,4.0,0
Male,24.0,894.490131427015,2,4.0,0
Female,32.0,356.93690742119,0,5.0,0
Male,45.0,246.680165245581,3,4.0,0
Female,31.0,501.092881352023,2,4.0,0
Male,43.0,510.647339530838,2,4.0,0
Female,29.0,501.092881352023,1,4.0,0
Male,24.0,243.279282570051,2,4.0,0
Female,19.0,1043.77347142614,4,5.0,0
Male,48.0,134.463539556533,4,2.0,1
Male,24.0,250.437962950327,4,5.0,0
Male,42.0,393.264600903613,1,3.0,0
Female,25.0,542.833384840814,2,4.0,0
Male,48.0,501.092881352023,2,4.0,0
Female,57.0,511.768584370231,3,3.0,0
Male,18.0,232.716569950641,3,4.0,0
Male,24.0,973.451979945943,2,4.0,0
Female,43.0,501.092881352023,1,4.0,0
Male,40.0,788.540326143844,1,4.0,0
Male,43.0,86.5909978508121,2,5.0,0
Male,29.0,735.379382366914,2,4.0,0
Male,55.0,400.221095472998,3,2.0,0
Male,36.0,365.803997443138,1,1.0,1
Female,23.0,667.839307164874,3,2.0,1
Female,32.0,501.092881352023,2,3.0,0
Male,23.0,548.633196575929,3,3.0,0
Male,51.0,584.800929023487,1,5.0,0
Male,28.0,501.092881352023,3,3.0,0
Female,40.0,197.051592732521,3,5.0,0
Female,30.0,870.103312081304,3,2.0,0
Female,29.0,1029.0055640149,3,4.0,0
Male,16.0,261.166348342279,1,5.0,0
Male,41.0,53.0536728412452,2,4.0,1
Male,48.0,843.469285936707,3,3.0,0
Male,26.0,61.8876113172473,2,3.0,0
Male,20.0,156.782585731151,1,4.0,0
Male,43.0,114.379490377568,0,3.0,0
Female,19.0,514.891048207827,2,3.0,0
Male,47.0,98.166291158721,3,4.0,0
Male,26.0,582.269928515933,1,4.0,0
Male,24.0,761.945294977733,2,4.0,0
Female,37.0,637.212534734259,4,4.0,0
Female,25.0,680.837371633058,3,1.0,0
Female,28.0,519.916834100551,2,5.0,0
Male,39.0,793.090297428238,2,5.0,0
Male,11.0,522.115552641084,1,4.0,0
Male,51.0,647.40275228314,1,4.0,0
Male,35.0,378.420453651084,2,2.0,1
Male,22.0,226.13716792147,1,5.0,0
Male,25.0,1057.32708610014,4,5.0,0
Male,45.0,575.444530371316,0,3.0,0
Male,41.0,611.612892916857,0,4.0,0
Female,49.0,627.139928548127,2,2.0,0
Male,28.0,478.283915446573,5,2.0,1
Male,39.0,13.6731638573672,1,5.0,1
Male,42.0,429.30300043903,2,4.0,0
Female,46.0,501.092881352023,0,3.0,0
Female,28.0,369.451058533411,2,4.0,0
Male,34.0,655.930492395783,0,4.0,0
Male,29.0,145.431764784534,2,5.0,0
Female,34.0,199.0153292784,1,4.0,0
Female,42.0,165.472259057442,1,4.0,0
Male,46.0,984.011788403447,3,5.0,0
Male,24.0,958.240469336529,1,4.0,0
Male,32.0,1237.97700638422,5,4.0,1
Male,38.0,46.2187607594802,1,5.0,1
Female,38.0,516.210808066291,0,3.0,0
Male,23.0,500.705122835379,0,4.0,0
Female,25.0,1147.78523071626,2,4.0,0
Female,44.0,501.092881352023,0,4.0,0
Male,29.0,489.346842692302,3,2.0,0
Female,30.0,1001.91708829315,4,4.0,0
Female,45.0,783.280602400748,0,2.0,1
Female,25.0,239.462517921791,7,3.0,0
Male,38.0,497.038048029057,4,3.0,0
Female,35.0,539.041272528818,2,4.0,0
Female,35.0,173.553769387837,1,1.0,1
Male,30.0,501.092881352023,1,4.0,0
Male,29.0,705.017621584587,1,1.0,0
Male,40.0,980.711832654805,1,2.0,1
Female,28.0,710.262383973578,3,4.0,0
Female,45.0,529.69363671936,2,5.0,0
Male,33.0,418.418388764405,1,3.0,0
Male,24.0,1135.59165322723,0,4.0,0
Female,33.0,501.092881352023,2,2.0,1
Male,31.0,501.092881352023,1,4.0,0
Female,45.0,60.9015889882612,1,4.0,0
Female,31.0,837.512030482043,2,3.0,0
Female,32.0,355.537869115511,0,3.0,0
Female,40.0,196.902027640098,1,5.0,1
Male,52.0,207.475677027144,0,3.0,0
Male,48.0,899.787760442549,1,1.0,0
Female,26.0,537.812202073889,2,1.0,0
Male,45.0,893.912057537999,6,4.0,1
Male,50.0,501.092881352023,1,3.0,0
Female,50.0,502.216552650561,1,4.0,0
Male,45.0,372.511269199143,3,4.0,0
Female,45.0,485.891974889455,2,4.0,0
Female,32.0,494.936768206623,1,5.0,0
Male,27.0,229.361721641819,1,1.0,0
Female,31.0,690.707200177824,2,4.0,0
Male,18.0,117.096462251969,0,3.0,1
Female,32.0,591.734539757934,4,5.0,0
Male,48.0,62.282359561522,3,3.0,0
Female,23.0,501.092881352023,2,4.0,0
Female,30.0,393.175965651612,0,5.0,0
Male,22.0,501.092881352023,1,4.0,0
Female,46.0,166.845587253306,1,3.0,1
Female,35.0,501.092881352023,3,5.0,0
Female,39.0,510.767277831115,2,5.0,0
Male,37.0,167.860935514304,2,5.0,1
Male,27.0,384.649302980358,1,4.0,0
Male,55.0,452.497521428163,3,5.0,0
Male,62.0,434.154406659926,5,2.0,0
Male,51.0,495.485310451879,2,2.0,1
Male,40.0,712.87767708491,0,5.0,0
Male,32.0,782.883778355774,0,3.0,0
Male,27.0,502.88203791344,2,4.0,0
Male,28.0,614.729541083024,3,3.0,0
Female,29.0,915.557338011726,3,5.0,0
Female,57.0,800.941161954274,4,2.0,0
Male,53.0,648.351319808198,2,5.0,0
Male,42.0,501.092881352023,2,2.0,1
Male,44.0,98.1896360856799,3,5.0,1
Male,33.0,69.9535105692978,2,4.0,1
Female,13.0,966.602760516763,2,4.0,0
Female,38.0,162.583642037095,4,4.0,1
Male,27.0,86.6845231413091,1,4.0,0
Male,27.0,626.687700795467,2,4.0,0
Female,32.0,1037.33890243947,0,5.0,0
Male,30.0,501.092881352023,0,5.0,0
Male,35.0,477.068081732663,2,5.0,0
Male,34.0,493.171842870954,0,3.0,0
Male,16.0,895.929384306649,2,5.0,0
Female,50.0,333.474194137846,3,5.0,0
Male,25.0,508.158451460124,0,3.0,0
Male,25.0,180.683119723658,2,4.0,0
Female,32.0,466.372280151944,1,4.0,0
Female,34.0,764.511150248107,2,4.0,0
Male,50.0,509.79432895816,3,4.0,0
Male,38.0,923.783093896941,3,3.0,0
Male,41.0,636.486970336116,2,5.0,0
Female,38.0,851.147592560793,4,5.0,0
Female,37.0,147.218495504674,1,5.0,0
Female,38.0,190.16958328993,2,4.0,1
Male,16.0,623.807315643681,0,5.0,0
Female,33.0,268.732061583309,0,4.0,0
Female,74.0,664.536757399318,1,3.0,0
Male,23.0,968.103452529118,2,4.0,0
Male,39.0,501.092881352023,1,1.0,1
Male,29.0,181.626480072415,2,2.0,0
Male,55.0,736.749102639415,3,3.0,0
Female,21.0,268.888495441111,2,4.0,0
Female,32.0,419.573495278175,1,4.0,0
Male,35.0,1016.52710644768,1,2.0,1
Female,46.0,816.084673353999,1,3.0,0
Male,24.0,1065.61609056331,1,4.0,0
Male,42.0,269.800220281622,0,3.0,0
Female,35.0,361.23520878794,1,3.0,0
Female,45.0,490.301380576439,1,5.0,0
Male,22.0,723.548068207212,4,5.0,0
Female,43.0,941.506960885238,5,5.0,0
Male,29.0,244.359341973918,1,4.0,0
Male,46.0,459.617057551273,1,3.0,0
Male,38.0,579.147725316681,0,4.0,0
Female,33.0,243.249654754083,1,5.0,0
Male,29.0,893.189528234382,5,4.0,0
Male,43.0,347.039573203287,2,1.0,1
Female,48.0,992.305220844336,1,1.0,0
Female,30.0,300.492309911267,2,3.0,0
Male,42.0,708.311587165646,1,3.0,0
Female,21.0,915.680618193434,1,4.0,0
Female,22.0,622.360223421642,5,5.0,0
Female,31.0,446.890527579284,2,4.0,0
Male,22.0,443.779716346821,2,1.0,0
Female,16.0,944.948749109749,0,4.0,0
Male,24.0,304.790567202131,0,1.0,0
Male,41.0,677.932743458956,1,4.0,0
Female,22.0,493.583898244371,4,1.0,0
Female,32.0,202.98675352934,2,3.0,0
Male,35.0,501.092881352023,2,4.0,0
Female,38.0,186.073997838601,1,4.0,1
Male,26.0,601.043380569188,2,3.0,0
Female,57.0,762.231136926236,0,5.0,0
Male,48.0,286.31321276144,1,2.0,0
Male,33.0,8.15663562120119,1,5.0,0
Female,35.0,281.09768692161,2,4.0,0
Male,32.0,347.369244112736,1,2.0,0
Female,32.0,841.158835434219,1,2.0,1
Male,39.0,772.064970783445,2,4.0,0
Female,41.0,325.160893866958,1,2.0,1
Female,29.0,236.199074126785,0,5.0,0
Female,27.0,564.073706029172,0,4.0,0
Male,21.0,535.643700853338,3,4.0,0
Female,19.0,225.491170759774,1,4.0,0
Male,38.0,1072.71361190857,2,4.0,0
Female,44.0,637.996518592337,1,4.0,0
Female,44.0,942.429326601986,2,2.0,0
Male,11.0,635.71183852873,1,4.0,0
Female,33.0,496.731108391263,2,4.0,0
Female,24.0,512.681622912616,4,5.0,0
Male,36.0,713.56795475874,2,4.0,0
Male,31.0,602.306299521899,1,4.0,0
Male,41.0,758.561222050303,1,5.0,0
Male,35.0,53.1983332013836,2,5.0,0
Female,16.0,286.825382322799,1,4.0,0
Male,25.0,165.480825556766,2,4.0,0
Male,35.0,555.512601930676,1,5.0,0
Female,36.0,896.912208914648,3,2.0,1
Female,21.0,745.896664503567,0,2.0,0
Female,21.0,281.789544819937,1,2.0,0
Male,18.0,566.973996653059,0,4.0,0
Male,31.0,374.652032921324,2,4.0,0
Male,30.0,501.092881352023,1,3.0,0
Female,26.0,408.432426612493,3,4.0,0
Male,28.0,575.849687420949,0,3.0,0
Male,35.0,10.671837732294,2,3.0,0
Male,28.0,6.76038873670132,1,3.0,0
Male,36.0,749.579647521125,0,2.0,0
Male,37.0,273.509983628814,1,4.0,0
Female,44.0,540.843763290561,3,3.0,0
Male,43.0,800.633696313584,4,4.0,0
Male,43.0,918.952582709168,2,5.0,0
Female,37.0,791.17717593157,5,1.0,0
Male,31.0,371.420887898314,1,4.0,0
Female,31.0,491.682083845473,1,3.0,0
Male,26.0,501.092881352023,0,5.0,0
Female,35.0,33.4947493621022,2,4.0,0
Female,42.0,134.73963507644,3,5.0,1
Male,28.0,840.680532348326,1,2.0,1
Male,35.0,85.2858876047034,0,2.0,1
Female,28.0,469.87482878335,0,2.0,1
Female,37.0,592.175575404068,3,2.0,0
Male,30.0,280.628880082439,1,4.0,0
Female,28.0,89.5515806076747,1,1.0,1
Male,28.0,841.591136394558,0,5.0,0
Male,31.0,564.145815841146,1,1.0,1
Male,38.0,1123.48410773302,1,5.0,0
Female,31.0,363.916574320601,1,3.0,0
Female,46.0,666.461886537538,4,2.0,0
Male,25.0,710.051275397137,0,3.0,0
Female,33.0,501.494591791551,2,3.0,0
Female,21.0,575.98904718094,3,4.0,0
Female,32.0,492.478890204436,3,3.0,0
Female,18.0,516.012578729318,2,2.0,1
Female,42.0,947.604710049797,2,5.0,0
Male,43.0,178.212572753207,4,2.0,0
Male,43.0,164.45840876012,1,2.0,0
Male,35.0,507.504613569581,2,3.0,0
Female,26.0,289.599149207419,3,1.0,0
Male,27.0,501.092881352023,3,4.0,0
Female,49.0,380.147525852913,3,4.0,0
Female,36.0,370.299608426046,1,2.0,1
Male,30.0,549.179063254289,2,4.0,0
Female,28.0,295.429683784772,3,2.0,0
Female,37.0,488.01876440428,2,3.0,0
Male,49.0,569.972021031281,0,3.0,0
Male,27.0,640.48465210325,3,4.0,0
Female,43.0,509.444726737536,3,5.0,0
Female,35.0,531.766334303867,2,3.0,0
Female,25.0,203.61010135642,6,2.0,0
Female,28.0,639.091369970427,2,4.0,0
Male,38.0,336.212258974032,2,3.0,0
Female,21.0,755.233641030003,2,3.0,0
Female,36.0,530.218687896817,0,5.0,0
Male,40.0,92.9770091341868,1,4.0,0
Female,45.0,43.8246137292355,2,3.0,0
Female,21.0,452.956679690926,0,3.0,0
Female,48.0,501.092881352023,0,5.0,0
Male,52.0,986.694085070267,4,3.0,0
Female,39.0,765.861034657235,6,2.0,1
Female,25.0,501.092881352023,2,3.0,0
Male,32.0,574.623146855983,4,2.0,0
Male,35.0,219.116724160235,2,5.0,0
Female,38.0,696.60627026504,3,5.0,0
Female,35.0,823.752552271403,3,5.0,0
Female,34.0,579.375066117184,1,4.0,0
Male,38.0,32.5552909522116,6,4.0,0
Female,30.0,15.1787672523523,3,4.0,1
Male,32.0,728.877768641471,1,3.0,0
Female,29.0,470.735678565871,1,5.0,0
Male,54.0,457.037658728113,3,5.0,0
Female,50.0,967.763300574005,5,3.0,1
Male,41.0,418.606236501496,2,4.0,0
Male,48.0,263.426437231747,2,5.0,0
Female,37.0,621.758733387288,1,5.0,0
Male,20.0,182.094283755175,3,5.0,0
Male,32.0,424.217720201009,1,3.0,0
Female,32.0,789.308225184342,2,4.0,0
Male,24.0,20.979394976076,2,3.0,0
Female,20.0,7.55414222797509,2,3.0,0
Female,40.0,501.092881352023,2,5.0,0
Female,38.0,703.787265029539,0,5.0,0
Female,23.0,944.320973057609,0,4.0,0
Female,28.0,262.639016005037,2,4.0,0
Male,47.0,357.230239115733,0,5.0,0
Female,26.0,571.189784024419,5,5.0,0
Female,37.0,608.469832888381,0,4.0,0
Male,33.0,293.502619815864,1,3.0,0
Female,40.0,680.38318483089,1,4.0,0
Male,26.0,333.209726259956,1,5.0,0
Male,36.0,460.15822792482,1,5.0,0
Male,37.0,336.208561768045,2,5.0,0
Male,37.0,501.092881352023,2,3.0,0
Female,36.0,857.610781717945,1,1.0,1
Male,57.0,289.318093409969,4,4.0,0
Male,61.0,870.630973329962,4,5.0,0
Male,29.0,29.482614813046,2,1.0,1
Male,12.0,857.906280762478,2,3.0,0
Male,41.0,755.951410710886,1,4.0,0
Female,37.0,401.201784199033,2,4.0,0
Female,46.0,84.1486549564776,0,5.0,1
Male,38.0,201.410573523639,4,5.0,0
Male,36.0,662.16645778538,2,4.0,0
Female,46.0,354.948255574712,3,5.0,0
Male,48.0,610.454080856485,3,4.0,0
Female,21.0,235.500439245927,0,4.0,0
Female,27.0,161.253460929362,3,3.0,0
Female,34.0,258.541276858377,2,4.0,0
Male,36.0,331.767302090891,3,4.0,0
Male,33.0,641.942553974172,0,5.0,0
Male,39.0,929.990631655791,0,4.0,0
Male,45.0,148.853976468524,2,4.0,1
Male,52.0,396.273055227877,4,4.0,0
Female,26.0,481.580283454752,3,5.0,0
Male,34.0,492.366008802774,2,4.0,0
Female,34.0,98.0027847116173,3,3.0,1
Male,40.0,306.952322925259,3,3.0,0
Male,39.0,832.408762361899,4,1.0,1
Male,56.0,251.575830117174,2,3.0,0
Male,30.0,1074.13219767785,3,4.0,0
Male,39.0,501.092881352023,2,3.0,0
Male,36.0,772.011426549965,1,3.0,0
Female,26.0,1109.92944723943,2,2.0,0
Female,36.0,518.453692054338,1,3.0,0
Female,27.0,315.6981034588,1,4.0,0
Male,36.0,463.059832078775,2,4.0,0
Female,26.0,135.885671585132,2,3.0,0
Male,43.0,170.330139760646,1,4.0,0
Male,37.0,624.644184393964,0,4.0,0
Female,45.0,493.87813889465,3,4.0,0
Male,24.0,277.569304853918,1,2.0,0
Male,39.0,502.976040508075,1,4.0,0
Female,43.0,916.756153385875,2,4.0,0
Female,31.0,879.982561826823,3,4.0,0
Female,35.0,418.390477991402,5,5.0,1
Female,47.0,448.505070832778,2,3.0,0
Male,31.0,202.690899561211,1,5.0,0
Male,22.0,128.087604905506,1,3.0,1
Male,31.0,622.118107265069,2,4.0,0
Female,30.0,152.169225915246,2,4.0,1
Male,39.0,491.214872837121,1,5.0,0
Male,34.0,423.473656791021,2,5.0,0
Female,27.0,306.727612341296,3,4.0,0
Male,46.0,559.347309658461,2,5.0,0
Male,36.0,422.353797086031,1,3.0,0
Male,39.0,720.477347452236,1,3.0,0
Female,18.0,475.548704249218,3,5.0,0
Male,11.0,740.318260206612,1,4.0,0
Female,21.0,408.250766469082,2,3.0,0
Male,30.0,195.915052418999,1,3.0,0
Male,41.0,685.119793736328,1,2.0,1
Male,12.0,453.726750998419,4,5.0,0
Male,37.0,329.231067642308,1,5.0,0
Male,49.0,498.474068887053,2,5.0,0
Male,26.0,400.653185311985,0,4.0,0
Female,40.0,388.401692162135,2,3.0,0
Male,36.0,385.107949743609,2,4.0,0
Male,43.0,820.167441577867,2,5.0,0
Female,33.0,501.092881352023,1,3.0,0
Male,40.0,322.969287176401,1,5.0,0
Male,46.0,258.346490993601,1,5.0,0
Female,28.0,557.592087469509,1,3.0,0
Female,37.0,220.768632615555,3,5.0,0
Female,16.0,1045.70687682707,1,3.0,0
Male,42.0,78.1060467154575,3,2.0,1
Male,55.0,585.079709485648,3,2.0,1
Female,23.0,626.232508763379,1,4.0,0
Male,34.0,259.420990565728,1,4.0,0
Female,44.0,249.657180077711,1,3.0,0
Female,35.0,40.1158291871592,2,4.0,0
Male,37.0,1402.78915408561,2,4.0,0
Male,31.0,191.013224585112,2,3.0,0
Female,31.0,316.021596059855,1,4.0,0
Female,34.0,726.64183152172,0,4.0,0
Male,35.0,726.929207258565,4,4.0,0
Male,23.0,35.5760495506228,2,4.0,0
Female,34.0,51.2308293890402,2,4.0,1
Male,51.0,344.923965173167,2,4.0,0
Male,31.0,329.22578555281,2,3.0,0
Male,23.0,475.019107626822,3,3.0,0
Female,33.0,514.880088142575,1,4.0,0
Male,28.0,386.66935218596,2,4.0,0
Female,22.0,1161.42711774961,1,5.0,0
Male,36.0,431.555033928356,1,3.0,0
Male,28.0,970.980050703013,0,4.0,0
Male,29.0,220.399567806181,2,3.0,0
Female,37.0,317.165790628947,3,3.0,0
Male,20.0,495.745573520509,3,4.0,0
Male,18.0,390.148260619541,1,4.0,0
Female,42.0,903.215581524832,1,4.0,0
Female,25.0,673.908904952205,0,3.0,0
Male,17.0,166.51070060052,2,4.0,0
Male,30.0,494.068818686927,2,3.0,0
Female,39.0,332.776597912932,4,3.0,0
Male,36.0,255.517178388704,2,3.0,0
Male,59.0,192.039331907286,0,3.0,1
Male,46.0,110.046428854277,1,5.0,1
Male,26.0,869.981740319639,1,5.0,0
Male,23.0,301.618401063331,3,4.0,0
Female,62.0,686.825612591593,4,2.0,0
Male,46.0,64.2826130742083,3,5.0,1
Male,41.0,374.303717123003,1,4.0,0
Male,36.0,556.085151920624,1,4.0,0
Female,38.0,119.071417292209,1,4.0,0
Female,20.0,476.412830201712,2,2.0,0
Female,37.0,94.93310510296,2,4.0,0
Male,36.0,274.507224583981,1,4.0,0
Male,26.0,994.333910232102,1,1.0,1
Male,30.0,686.093260550377,2,3.0,0
Female,50.0,248.95065075541,3,4.0,0
Male,34.0,677.094940871529,2,4.0,0
Female,56.0,527.271718762225,2,3.0,0
Male,18.0,558.385026938073,3,3.0,0
Female,30.0,219.760973479084,2,4.0,0
Male,20.0,124.588156231394,2,5.0,1
Female,23.0,550.410367549953,3,3.0,0
Male,27.0,209.359060590671,2,4.0,0
Male,38.0,289.833407538453,4,5.0,0
Male,38.0,253.346689398886,1,4.0,0
Male,28.0,716.503576312814,3,4.0,0
Female,50.0,227.206716966608,0,4.0,0
Male,32.0,985.397974233877,2,3.0,0
Male,24.0,636.88444649544,0,3.0,0
Female,38.0,465.643310317019,2,5.0,0
Female,37.0,1168.28139299135,2,1.0,1
Female,32.0,756.262344656846,2,3.0,0
Male,36.0,630.774382938999,4,5.0,0
Female,23.0,657.248382906355,1,5.0,0
Female,43.0,364.721196633388,3,3.0,0
Female,25.0,621.773275899389,1,5.0,0
Male,29.0,406.677095507732,0,3.0,0
Male,41.0,515.057396698034,1,2.0,1
Male,47.0,483.507528108941,5,5.0,0
Female,51.0,316.611326838581,2,4.0,0
Female,46.0,322.009784762884,1,3.0,0
Male,32.0,424.511161159965,1,1.0,0
Female,20.0,766.929144985112,3,4.0,0
Male,49.0,1231.89936247856,2,4.0,0
Male,49.0,501.092881352023,2,4.0,0
Male,28.0,435.255104817411,1,4.0,0
Female,32.0,205.085812819807,2,3.0,0
Female,50.0,312.851884883565,1,4.0,0
Female,30.0,123.772304122214,3,4.0,0
Female,55.0,399.566955476324,2,4.0,0
Female,43.0,592.540487952458,3,5.0,0
Male,53.0,824.068025731607,2,4.0,0
Female,30.0,507.376632269213,1,4.0,0
Female,39.0,335.021586785313,4,4.0,0
Male,25.0,688.780226573906,1,4.0,0
Male,43.0,80.1142487346853,1,4.0,0
Female,44.0,454.728481600501,4,2.0,1
Female,59.0,652.454309461097,1,3.0,0
Male,40.0,501.092881352023,1,5.0,0
Male,30.0,468.677871732202,3,2.0,0
Male,40.0,812.21283964565,2,3.0,0
Female,31.0,555.075883281715,0,4.0,0
Male,36.0,71.0061768279864,2,5.0,0
Female,37.0,91.8892782024412,6,4.0,0
Male,36.0,755.824999179211,1,3.0,0
Male,31.0,92.1999688080917,3,4.0,0
Male,31.0,149.26273629635,4,5.0,1
Female,46.0,580.020063158446,2,2.0,0
Female,37.0,450.387811286637,1,3.0,0
Male,38.0,422.291969598262,1,5.0,0
Male,39.0,221.603354936795,2,4.0,0
Male,40.0,331.391563593041,3,2.0,1
Male,31.0,257.579972113963,0,3.0,0
Female,56.0,269.82433917495,4,3.0,0
Male,12.0,180.658604907267,0,3.0,1
Female,43.0,674.477460342617,1,4.0,0
Female,42.0,453.922359363853,1,2.0,1
Male,40.0,383.906267593948,3,4.0,0
Male,37.0,727.716404074798,2,4.0,0
Male,41.0,850.356098344767,2,5.0,0
Female,44.0,685.186563057092,2,2.0,1
Female,28.0,421.940810050352,0,5.0,0
Male,38.0,501.092881352023,4,4.0,0
Male,33.0,129.88656419684,2,3.0,1
Female,24.0,687.825606330395,3,3.0,0
Female,42.0,368.366343065306,1,5.0,0
Male,29.0,93.0151522946518,1,4.0,1
Male,20.0,353.582096219617,0,1.0,1
Male,30.0,730.35206093522,2,4.0,0
Female,27.0,501.092881352023,2,1.0,1
Male,45.0,680.922503572163,1,4.0,0
Male,37.0,149.896196248949,1,3.0,0
Female,49.0,513.790137002554,2,5.0,0
Male,28.0,606.419456535274,0,4.0,0
Male,44.0,552.181031017283,2,4.0,0
Male,63.0,87.9375384289473,0,5.0,0
Female,39.0,109.243974001767,3,3.0,0
Female,42.0,501.092881352023,1,4.0,0
Male,21.0,486.001824010616,2,4.0,0
Male,41.0,641.522575292153,1,3.0,0
Male,38.0,501.092881352023,1,4.0,0
Female,32.0,97.9109671535372,1,5.0,0
Male,26.0,446.351312799054,0,3.0,0
Female,42.0,806.785722647942,2,3.0,0
Male,25.0,600.51858918426,4,4.0,0
Male,56.0,113.94497419728,4,1.0,1
Female,36.0,224.012422652489,2,4.0,0
Male,23.0,730.681213561003,2,4.0,0
Male,30.0,515.39979969419,1,4.0,0
Male,32.0,338.90941821155,0,4.0,0
Female,59.0,1224.80272720846,1,5.0,0
Female,26.0,586.778788239365,0,5.0,0
Male,34.0,106.168114170105,1,4.0,1
Female,30.0,663.418083200319,2,3.0,0
Male,40.0,481.093169137924,2,3.0,0
Male,30.0,1097.42754565045,4,5.0,0
Female,95.0,4325.67328721228,2,4.0,0
Male,29.0,837.968796221381,1,5.0,0
Male,30.0,693.293402108744,1,5.0,0
Male,47.0,501.092881352023,2,4.0,0
Female,32.0,1019.87486716578,0,5.0,0
Male,24.0,327.495058570735,0,4.0,0
Male,30.0,609.917525849177,4,3.0,0
Female,36.0,386.094770314715,2,5.0,0
Female,51.0,512.306955168773,3,4.0,0
Female,44.0,672.367738224298,2,4.0,0
Male,49.0,799.684187022764,2,5.0,0
Female,39.0,386.199121893326,0,4.0,0
Male,14.0,317.274487121424,3,4.0,0
Female,50.0,452.731940032811,2,2.0,0
Male,26.0,165.36383738453,2,4.0,0
Male,27.0,591.573556108121,1,5.0,0
Female,37.0,497.242629999623,0,3.0,0
Female,49.0,219.060840109812,0,4.0,0
Female,44.0,309.988787865257,0,2.0,0
Male,32.0,501.092881352023,0,4.0,0
Male,32.0,501.092881352023,2,3.0,0
Male,38.0,794.240041309437,2,3.0,0
Female,34.0,718.178863888001,1,4.0,0
Male,44.0,385.314278981836,1,4.0,0
Male,43.0,145.861301172263,1,3.0,1
Male,41.0,454.983836940859,4,2.0,0
Male,10.0,202.541168657804,1,3.0,0
Male,36.0,161.988848068833,2,5.0,0
Female,34.0,628.003689375935,3,4.0,0
Female,37.0,680.92636653949,4,4.0,0
Female,27.0,535.168325121824,2,1.0,0
Male,22.0,384.797643602026,1,2.0,1
Female,40.0,194.753449350517,5,5.0,0
Male,31.0,440.330247312634,4,3.0,0
Female,41.0,375.442075783236,2,5.0,0
Male,49.0,1092.33377462867,2,2.0,0
Female,45.0,343.558838193718,3,2.0,1
Female,38.0,725.000112742707,3,5.0,0
Male,33.0,343.824656802198,1,4.0,0
Female,44.0,245.486238388153,5,5.0,0
Male,39.0,501.092881352023,2,5.0,0
Male,37.0,749.689779003221,2,3.0,0
Male,45.0,30.3923338522935,3,2.0,0
Male,49.0,620.498222055426,1,3.0,0
Female,22.0,501.092881352023,1,5.0,0
Male,24.0,626.24719721181,2,5.0,0
Male,20.0,176.087838114928,2,3.0,0
Male,34.0,483.697103837348,2,5.0,0
Female,41.0,55.2812607859355,3,4.0,1
Female,35.0,488.686132312354,2,4.0,0
Male,30.0,464.458200556501,2,3.0,0
Male,36.0,342.511230859459,2,4.0,0
Female,38.0,50.7098066075394,1,3.0,1
Female,47.0,889.871209451553,3,5.0,0
Male,34.0,930.51087560303,1,5.0,0
Male,56.0,649.021407908822,0,4.0,0
Female,31.0,903.612928553926,3,4.0,0
Male,55.0,501.395994334913,3,4.0,0
Female,25.0,754.805464422403,0,5.0,0
Female,40.0,228.439122743891,3,3.0,0
Female,29.0,721.472320891062,3,3.0,0
Male,46.0,404.76107067328,2,5.0,0
Male,30.0,446.255358566239,4,4.0,0
Female,38.0,598.603034955026,1,4.0,0
Male,28.0,518.593642523574,1,3.0,0
Male,44.0,316.987337305763,1,1.0,0
Male,28.0,491.266906350683,0,4.0,0
Female,52.0,1073.00282900331,1,3.0,0
Male,25.0,711.667210045839,5,2.0,0
Female,22.0,376.329987303806,4,3.0,0
Male,45.0,418.022742608055,1,2.0,1
Male,29.0,886.419430527934,2,4.0,0
Male,35.0,152.602434174254,3,5.0,0
Female,32.0,230.960327973725,2,4.0,0
Female,22.0,490.460297244131,3,4.0,0
Male,34.0,204.155045669772,2,2.0,1
Male,48.0,954.917679980067,3,3.0,0
Female,45.0,844.801176046045,1,4.0,0
Male,37.0,1025.84389225001,0,4.0,0
Male,46.0,489.821370133869,2,5.0,0
Female,32.0,514.89162057954,2,4.0,0
Male,34.0,472.801816676259,1,4.0,0
Female,33.0,681.435357687053,2,3.0,0
Female,23.0,950.72353504937,1,5.0,0
Female,14.0,74.6796909094514,0,3.0,0
Female,43.0,153.51626222544,0,4.0,0
Male,37.0,713.793048859452,2,5.0,0
Male,44.0,249.29624518709,7,4.0,0
Male,31.0,287.241470275318,1,3.0,0
Male,28.0,806.336395498358,0,3.0,0
Female,35.0,450.32947209755,6,4.0,1
Female,44.0,172.925507063275,1,5.0,0
Female,33.0,432.914074213305,2,4.0,0
Female,43.0,764.66066120958,1,4.0,0
Male,25.0,674.785025041974,0,4.0,0
Male,33.0,885.748517254931,5,3.0,0
Male,34.0,808.998389572583,2,3.0,0
Male,37.0,660.528800559687,0,4.0,0
Female,52.0,501.092881352023,3,1.0,0
Male,22.0,501.092881352023,0,4.0,0
Male,36.0,585.851142482752,2,2.0,0
Male,37.0,238.062441210341,2,4.0,0
Female,41.0,142.69937755215,1,5.0,1
Male,27.0,327.843432139502,2,4.0,0
Female,52.0,348.953280578464,0,2.0,1
Female,35.0,399.252348741254,0,5.0,0
Male,24.0,563.532912567225,4,4.0,0
Male,35.0,241.299988056322,2,5.0,0
Female,32.0,501.092881352023,3,5.0,0
Female,63.0,956.301358012199,3,4.0,0
Female,45.0,10.4377542423001,1,3.0,1
Male,35.0,408.518567320263,2,2.0,0
Male,34.0,812.829588258197,3,4.0,0
Female,45.0,703.757378616985,4,2.0,0
Female,45.0,218.323918038643,2,4.0,0
Female,6.0,752.871487614219,4,5.0,0
Female,41.0,270.839273517454,5,4.0,1
Female,35.0,1219.57846357885,2,3.0,0
Female,44.0,524.417453864767,1,3.0,0
Female,57.0,1327.35287021277,1,5.0,0
Female,41.0,632.79997788987,2,3.0,0
Male,46.0,582.640299248719,2,5.0,0
Male,53.0,741.945323774029,0,3.0,0
Male,16.0,461.725854277919,2,5.0,0
Female,33.0,433.570096602818,1,3.0,0
Female,27.0,755.696982803504,2,2.0,0
Female,33.0,622.49228707867,2,5.0,0
Male,35.0,380.265382690748,4,3.0,0
Female,16.0,613.872117497833,1,5.0,0
Female,34.0,187.56577165061,2,3.0,0
Male,22.0,501.092881352023,1,3.0,0
Male,19.0,346.070086516052,2,3.0,0
Female,45.0,698.658854194793,2,3.0,0
Female,31.0,468.773530744513,3,3.0,0
Male,30.0,427.463174471598,0,4.0,0
Female,38.0,779.718973454743,5,5.0,0
Female,26.0,315.891915174936,1,3.0,0
Male,38.0,749.850100656958,1,4.0,0
Male,28.0,82.0789848033238,3,5.0,0
Female,29.0,762.754170857467,3,5.0,0
Female,39.0,501.092881352023,1,3.0,0
Male,22.0,324.329091479917,0,3.0,0
Male,37.0,72.4538925813799,3,3.0,1
Male,35.0,1255.49180650511,1,4.0,0
Male,37.0,335.831181957671,4,1.0,1
Male,38.0,596.194581265959,0,4.0,0
Male,36.0,471.266811582241,2,4.0,0
Female,15.0,845.094262288571,3,2.0,1
Male,18.0,676.757535147981,5,4.0,1
Male,54.0,359.73537923027,2,5.0,0
Male,45.0,307.860707574903,4,5.0,0
Female,32.0,501.092881352023,1,3.0,0
Male,34.0,222.380474982476,1,3.0,0
Male,30.0,829.042975884821,1,4.0,0
Male,60.0,439.232635726856,2,3.0,0
Male,38.0,654.985395230365,2,4.0,0
Male,30.0,501.092881352023,3,4.0,0
Male,18.0,454.704718621897,2,5.0,0
Male,55.0,525.345377777995,1,5.0,0
Male,33.0,155.210513353611,0,2.0,1
Male,42.0,169.788136580989,2,2.0,0
Male,30.0,558.782461151483,5,4.0,0
Male,42.0,354.813008535651,6,3.0,0
Female,29.0,456.001715209495,1,3.0,0
Female,25.0,1006.40874157707,0,5.0,0
Male,47.0,381.541841198646,2,4.0,0
Female,39.0,943.549225474592,1,5.0,0
Female,41.0,58.3082716390502,2,4.0,0
Male,19.0,446.728912595248,1,5.0,0
Male,29.0,793.170226367499,4,3.0,0
Female,32.0,720.596193953664,0,5.0,0
Female,27.0,85.632854330641,1,5.0,1
Female,39.0,100.756870277933,2,3.0,0
Male,47.0,298.201167905651,3,4.0,0
Male,48.0,846.381554037902,2,2.0,0
Female,32.0,592.91900978626,2,4.0,0
Male,38.0,484.66033642398,5,4.0,1
Male,39.0,552.478355164104,3,1.0,0
Female,41.0,171.888136105504,1,5.0,0
Male,26.0,881.059481890995,0,4.0,0
Male,53.0,468.435377950484,3,4.0,0
Female,44.0,849.223746294705,0,2.0,1
Male,40.0,91.1731905758427,5,3.0,0
Male,25.0,237.323986447021,2,4.0,0
Female,34.0,253.755532974697,3,4.0,0
Female,18.0,444.358166814815,3,2.0,1
Male,39.0,824.92446146643,3,5.0,0
Male,33.0,489.082073030105,7,4.0,1
Male,47.0,344.637427422243,2,3.0,0
Male,32.0,464.843003337751,1,4.0,0
Female,35.0,360.624479095905,2,4.0,0
Female,32.0,97.6618256019582,1,4.0,0
Female,10.0,229.342955679105,1,1.0,0
Female,29.0,414.931306614017,4,4.0,0
Female,44.0,1025.55590039704,5,3.0,1
Female,39.0,203.756941915679,2,3.0,0
Male,29.0,1418.8405063057,0,4.0,0
Female,35.0,986.429663234236,2,2.0,1
Female,24.0,541.189652629589,1,4.0,0
Female,35.0,501.092881352023,1,5.0,0
Male,64.0,1358.2510937839,2,3.0,0
Male,53.0,244.965779191007,2,4.0,0
Female,36.0,501.092881352023,2,4.0,0
Female,37.0,574.941428897961,1,4.0,0
Female,25.0,526.876612749056,4,1.0,1
Male,27.0,634.971889871631,3,5.0,0
Female,39.0,629.264412176329,2,1.0,0
Female,30.0,315.941608386848,0,3.0,0
Female,44.0,201.979405252126,2,2.0,1
Female,51.0,180.967439492784,2,4.0,1
Female,38.0,501.092881352023,2,3.0,0
Female,36.0,111.36557636199,2,4.0,0
Female,18.0,501.092881352023,0,4.0,0
Male,42.0,501.092881352023,4,4.0,0
Male,24.0,501.092881352023,3,4.0,0
Male,31.0,75.3002499905524,3,3.0,0
Male,45.0,1149.82883944621,3,3.0,0
Female,45.0,526.750212414152,2,1.0,0
Female,30.0,501.092881352023,1,4.0,0
Female,31.0,501.092881352023,1,2.0,1
Male,28.0,501.092881352023,0,3.0,0
Female,23.0,886.7370293151,3,4.0,0
Female,29.0,102.436057519672,1,5.0,1
Male,19.0,501.092881352023,3,2.0,1
Male,42.0,501.092881352023,2,4.0,0
Male,41.0,843.308299421504,2,4.0,0
Female,25.0,363.49982677055,4,1.0,1
Male,23.0,1058.90423056971,1,5.0,0
Female,36.0,906.085662563506,4,3.0,0
Male,36.0,514.989533165512,3,4.0,0
Female,34.0,536.553395966014,4,2.0,1
Male,32.0,796.359609544664,1,3.0,0
Female,52.0,606.013815215489,1,5.0,0
Male,39.0,393.026987251473,2,3.0,0
Male,55.0,843.041090817821,3,5.0,0
Male,48.0,358.387184966131,3,4.0,0
Female,52.0,357.908013742554,6,3.0,1
Female,24.0,178.236272645982,1,4.0,1
Male,41.0,946.688279161845,4,5.0,0
Male,31.0,461.887010197278,0,4.0,0
Male,18.0,622.522581335496,2,4.0,0
Female,50.0,708.012882535536,0,5.0,0
Female,32.0,164.814829408786,3,5.0,0
Female,24.0,341.84384651633,1,3.0,0
Female,31.0,78.1361169353778,1,3.0,0
Male,27.0,725.598361532501,1,4.0,0
Male,28.0,132.439758346219,2,2.0,0
Male,33.0,501.092881352023,1,3.0,0
Male,52.0,190.986989504851,2,2.0,1
Male,28.0,922.509066777076,2,5.0,0
Male,52.0,170.615318996396,3,3.0,1
Male,43.0,432.547640897079,2,2.0,0
Male,42.0,433.675890575799,2,2.0,0
Male,35.0,92.5228755946295,2,2.0,0
Female,48.0,275.964299798743,1,3.0,0
Male,41.0,408.253494162213,3,5.0,0
Male,18.0,562.857579677886,2,3.0,0
Female,38.0,33.31985026421,2,5.0,1
Male,43.0,473.414631322243,0,4.0,0
Male,32.0,118.001469620104,0,4.0,0
Male,36.0,800.996516970791,2,4.0,0
Male,29.0,563.337406139804,3,4.0,0
Male,21.0,501.092881352023,1,4.0,0
Female,19.0,481.771713379183,1,4.0,0
Female,20.0,199.968019801836,2,5.0,1
Male,42.0,636.012223031379,3,4.0,0
Male,10.0,831.944911742529,1,4.0,0
Female,28.0,501.092881352023,1,1.0,0
Male,27.0,505.951100446946,2,3.0,0
Female,32.0,358.523360910003,1,2.0,1
Male,16.0,220.598696883071,1,2.0,1
Male,39.0,334.271348511573,1,4.0,0
Female,22.0,368.59411964097,0,4.0,0
Male,46.0,615.331222527454,3,4.0,0
Female,29.0,255.5461985326,5,3.0,1
Male,34.0,317.009429200434,4,1.0,1
Female,35.0,1007.94747544838,0,3.0,0
Male,37.0,559.015027070649,0,3.0,0
Female,31.0,195.400999780464,2,4.0,0
Male,38.0,761.488019075192,1,3.0,0
Female,40.0,847.531892023681,2,2.0,0
Female,39.0,1226.67488731332,1,5.0,0
Male,47.0,664.572632367584,4,4.0,0
Female,42.0,381.168289105047,6,4.0,1
Male,44.0,385.273011582786,0,4.0,0
Male,37.0,239.100405398406,0,3.0,0
Male,26.0,365.212194943464,2,5.0,0
Female,27.0,248.847793966755,1,4.0,0
Female,44.0,501.092881352023,2,4.0,0
Female,63.0,670.941786240324,0,5.0,0
Female,23.0,314.915193342963,3,5.0,0
Male,27.0,533.558347679199,2,4.0,0
Male,58.0,334.390242795256,3,3.0,0
Female,33.0,508.439542390898,2,4.0,0
Female,25.0,450.110366687814,0,5.0,0
Male,51.0,416.67897322946,0,5.0,0
Male,40.0,960.884666597557,1,2.0,1
Male,27.0,754.508472432138,4,3.0,0
Female,25.0,459.15464538835,2,2.0,0
Female,38.0,599.3596673958,1,4.0,0
Female,35.0,739.537406153514,2,1.0,1
Male,43.0,356.39333560074,0,5.0,0
Male,40.0,511.908895463938,1,4.0,0
Male,32.0,501.092881352023,1,5.0,0
Male,30.0,1126.69915094737,1,5.0,0
Male,33.0,340.343421638125,0,4.0,0
Female,29.0,388.239972616114,4,5.0,0
Female,34.0,586.732283715708,2,4.0,0
Female,35.0,420.116642274077,1,1.0,0
Male,41.0,590.589113246765,1,1.0,1
Female,31.0,463.78026392433,0,4.0,0
Male,27.0,231.67365239813,1,4.0,0
Male,31.0,501.092881352023,1,3.0,0
Female,37.0,795.783738139808,4,3.0,0
Male,36.0,501.092881352023,2,4.0,0
Male,39.0,667.976804900908,2,3.0,0
Male,44.0,762.777456852986,1,4.0,0
Female,38.0,562.621135918393,1,3.0,0
Male,24.0,233.591203814909,1,4.0,0
Male,32.0,671.482225078804,4,1.0,0
Female,25.0,721.229409219202,1,3.0,0
Female,52.0,442.087545887296,2,3.0,0
Male,55.0,464.409241617871,2,2.0,0
Male,42.0,499.358976045923,2,4.0,0
Male,44.0,501.092881352023,5,1.0,0
Male,38.0,535.196681401575,0,4.0,0
Male,19.0,585.80216466548,0,4.0,0
Male,34.0,213.287992586437,6,5.0,1
Male,26.0,117.609225629061,2,5.0,1
Male,38.0,807.195297810193,1,5.0,0
Male,34.0,501.092881352023,6,3.0,1
Male,54.0,725.513474043416,2,4.0,0
Female,44.0,406.23206458653,4,2.0,1
Female,38.0,501.092881352023,2,5.0,0
Male,32.0,300.988617527298,1,5.0,0
Male,52.0,365.724586135557,1,4.0,0
Male,35.0,272.818871712369,3,5.0,0
Male,38.0,64.5015307891581,2,2.0,0
Male,31.0,517.555257322189,3,3.0,0
Male,35.0,734.843629325739,1,2.0,1
Female,15.0,529.507640512199,4,3.0,0
Male,20.0,902.151258546777,1,3.0,0
Male,38.0,609.441855617911,2,5.0,0
Male,51.0,657.517648872664,0,2.0,1
Female,38.0,193.657165402889,1,4.0,0
Male,28.0,481.794446239267,0,5.0,0
Male,21.0,227.902223530146,5,4.0,0
Male,43.0,560.619300792712,2,3.0,0
Female,41.0,238.607170617521,1,4.0,0
Female,39.0,484.142321880085,2,3.0,0
Male,40.0,495.522416995233,0,4.0,0
Male,35.0,554.915255454084,2,4.0,0
Female,39.0,259.700201025502,0,5.0,0
Male,34.0,310.707227486374,2,4.0,0
Male,29.0,501.092881352023,3,4.0,0
Male,25.0,436.363323147972,3,3.0,0
Male,11.0,776.375327863742,1,2.0,0
Male,50.0,672.635888654764,3,5.0,0
Female,42.0,434.914814207667,2,4.0,0
Female,37.0,360.845427427497,2,5.0,0
Female,28.0,1076.77432012327,1,3.0,0
Male,45.0,813.508329366783,1,4.0,0
Female,34.0,130.027783366044,2,4.0,0
Female,51.0,1001.87809493087,0,2.0,0
Male,25.0,285.590432060163,2,4.0,0
Male,28.0,738.486810866907,1,4.0,0
Female,27.0,870.502993533004,2,3.0,0
Female,20.0,512.371221461995,1,3.0,0
Female,26.0,475.982417109143,3,4.0,0
Female,36.0,790.068097831649,4,3.0,0
Female,28.0,857.880957856837,2,5.0,0
Male,46.0,589.202922967526,0,3.0,0
Male,18.0,912.595209664825,0,1.0,1
Female,41.0,777.566588221581,1,4.0,0
Female,35.0,355.010388219587,2,3.0,0
Male,56.0,456.693747232659,1,3.0,0
Male,30.0,139.507048239885,0,3.0,1
Male,28.0,192.364451233325,3,3.0,0
Male,50.0,595.410610681282,5,5.0,0
Male,20.0,255.637800201403,3,2.0,1
Male,37.0,716.30551606271,4,5.0,0
Male,32.0,676.742361484902,2,4.0,0
Male,39.0,520.770180109812,2,5.0,0
Female,37.0,194.616693799015,5,4.0,0
Male,40.0,342.431007189929,4,2.0,0
Male,36.0,1035.39218399784,2,4.0,0
Male,39.0,719.99995503753,2,3.0,0
Male,36.0,732.001707764239,1,2.0,0
Male,28.0,783.194063039069,2,3.0,0
Male,35.0,531.615874703895,0,3.0,0
Female,28.0,715.339514796725,3,4.0,0
Male,27.0,19.5806105852997,3,2.0,1
Female,34.0,830.168726565169,1,2.0,0
Female,35.0,560.244215608474,3,3.0,0
Female,44.0,599.118230622367,2,1.0,1
Female,30.0,233.821778653536,2,5.0,0
Male,37.0,233.350148983151,2,3.0,0
Female,36.0,350.199107501198,0,4.0,0
Male,29.0,578.203095808936,3,2.0,1
Male,36.0,501.092881352023,3,5.0,0
Female,45.0,330.867332585566,1,3.0,0
Female,37.0,354.171499100271,3,5.0,0
Female,37.0,509.411418798437,4,5.0,0
Male,28.0,391.449450727123,2,5.0,0
Female,55.0,719.361682761138,1,5.0,0
Male,29.0,501.092881352023,1,3.0,0
Male,18.0,537.333379605668,2,3.0,0
Male,44.0,399.888625803164,4,3.0,0
Male,34.0,392.673452486155,1,5.0,0
Male,32.0,377.276921760401,1,3.0,0
Female,30.0,152.658369537608,2,4.0,0
Female,54.0,1042.52815192807,3,3.0,0
Male,39.0,536.966602177807,0,2.0,1
Female,40.0,676.937782848788,1,5.0,0
Female,37.0,96.8745355570139,2,3.0,0
Female,38.0,859.987629633917,2,5.0,0
Female,49.0,731.59505171389,4,3.0,0
Male,32.0,554.526113379745,1,3.0,0
Female,20.0,848.071746938816,3,2.0,0
Female,44.0,761.498993767235,4,4.0,0
Male,40.0,332.625909397951,2,4.0,0
Female,40.0,536.02710819286,2,5.0,0
Male,35.0,492.459697001552,0,3.0,0
Male,34.0,304.808446102952,2,3.0,0
Female,29.0,496.533740450871,2,5.0,0
Male,47.0,469.812450555539,3,2.0,1
Female,21.0,518.749664892374,2,2.0,0
Female,59.0,1152.94073115718,2,5.0,0
Male,44.0,711.873260077822,1,3.0,0
Female,17.0,501.092881352023,3,4.0,0
Male,33.0,723.171131533306,1,4.0,0
Male,33.0,1042.62232323565,2,4.0,0
Male,39.0,534.185482932891,2,4.0,0
Female,25.0,753.677650583996,1,4.0,0
Male,35.0,132.44108482662,4,4.0,1
Male,34.0,615.609481234711,5,4.0,0
Male,28.0,310.994769256117,3,4.0,0
Female,26.0,456.905151213829,2,4.0,0
Female,44.0,852.773330646038,2,3.0,0
Male,18.0,741.913927959661,2,4.0,0
Male,40.0,776.796539774186,2,3.0,0
Male,33.0,873.907438840572,4,4.0,0
Female,47.0,683.078474777979,2,5.0,0
Female,28.0,63.8285222080376,3,2.0,1
Male,29.0,68.9780956241731,2,3.0,1
Female,30.0,440.279392177094,1,4.0,0
Female,47.0,118.158101138487,1,4.0,1
Female,48.0,501.092881352023,1,5.0,0
Male,21.0,573.513091123522,1,4.0,0
Male,45.0,256.67499945055,0,4.0,0
Male,43.0,110.79053491791,5,4.0,0
Female,51.0,309.986044538353,1,3.0,0
Female,39.0,757.384883877516,0,3.0,0
Male,35.0,621.533057790645,1,2.0,1
Female,46.0,622.82868639429,2,2.0,1
Male,42.0,750.552776040805,3,4.0,0
Female,57.0,501.092881352023,1,3.0,0
Male,45.0,16.6874183901202,5,4.0,0
Male,37.0,33.7110412321958,2,5.0,1
Male,23.0,126.617123271901,3,1.0,1
Male,29.0,509.481365237049,2,4.0,0
Female,21.0,455.67515813297,0,3.0,0
Female,33.0,501.092881352023,2,5.0,0
Male,44.0,287.956559648886,1,5.0,0
Male,35.0,446.29639428515,1,4.0,0
Male,45.0,280.689726945721,4,4.0,0
Male,38.0,405.103917867701,3,5.0,0
Female,31.0,471.015719448651,2,2.0,0
Male,36.0,802.683266845064,2,3.0,0
Female,40.0,786.441239310597,1,4.0,0
Female,36.0,300.45049774874,0,2.0,1
Female,37.0,91.382003716256,3,4.0,1
Female,27.0,192.647962145529,2,3.0,0
Male,31.0,47.6394702864577,3,5.0,1
Male,58.0,827.757855811839,1,4.0,0
Male,20.0,478.530789961801,1,4.0,0
Male,11.0,531.446282270567,2,3.0,0
Female,36.0,248.711447509127,1,1.0,1
Female,44.0,402.151740860434,3,4.0,0
Male,30.0,501.092881352023,1,4.0,0
Male,45.0,501.092881352023,3,5.0,0
Male,36.0,379.806226341049,2,4.0,0
Male,33.0,488.028943492904,1,5.0,0
Female,43.0,501.092881352023,2,1.0,0
Male,30.0,929.429918820174,2,3.0,0
Female,32.0,14.3416974836833,2,1.0,1
Male,42.0,0.267290661917684,2,4.0,0
Male,35.0,461.686967316001,2,4.0,0
Female,54.0,412.7142585369,2,4.0,0
Male,42.0,408.200812578157,0,4.0,0
Male,41.0,266.181204057589,3,4.0,0
Female,35.0,513.775397171554,2,3.0,0
Female,44.0,501.092881352023,3,1.0,1
Female,32.0,945.390242774547,0,4.0,0
Male,38.0,829.119670784576,1,1.0,0
Male,26.0,672.050551228645,4,4.0,0
Female,45.0,352.041876182675,2,3.0,0
Male,38.0,593.816929929781,1,2.0,1
Male,55.0,371.955662924809,0,3.0,0
Female,59.0,798.76689222123,3,4.0,0
Female,43.0,348.872287512588,3,4.0,0
Female,36.0,944.755679584758,0,4.0,0
Female,26.0,504.260276275248,3,2.0,0
Female,44.0,453.656964364048,1,4.0,0
Female,37.0,14.2384603476096,3,3.0,1
Male,40.0,131.643778498956,2,5.0,0
Male,52.0,938.609814135596,1,1.0,0
Male,27.0,287.277819702613,2,5.0,0
Male,26.0,865.716555600404,2,4.0,0
Male,43.0,468.952101637597,1,3.0,0
Male,26.0,746.196354576938,4,4.0,0
Male,43.0,610.280427477053,2,4.0,0
Female,23.0,601.212276608523,1,3.0,0
Female,27.0,629.589240241498,2,5.0,0
Male,34.0,380.501547926845,2,3.0,0
Male,29.0,585.242727732858,2,4.0,0
Female,44.0,60.5626119480304,1,2.0,1
Male,38.0,253.89617120538,1,3.0,0
Female,53.0,1216.09980092588,2,5.0,0
Female,34.0,547.528620882992,3,3.0,0
Male,47.0,534.282366187674,3,4.0,0
Female,34.0,604.008474207169,0,1.0,1
Male,50.0,408.931871228674,1,5.0,0
Male,11.0,322.672322781106,1,5.0,0
Female,47.0,351.429610648216,1,4.0,0
Female,44.0,390.752633757919,2,4.0,0
Female,45.0,697.371014383691,2,4.0,0
Female,16.0,773.792947166318,3,3.0,0
Female,28.0,582.06857397269,2,3.0,0
Female,29.0,561.354623003263,0,3.0,0
Female,27.0,567.477917252392,0,5.0,0
Female,52.0,154.102265382824,1,4.0,1
Female,35.0,1091.92721315983,4,4.0,0
Male,35.0,501.092881352023,3,4.0,0
Male,41.0,417.719565755539,1,5.0,0
Male,41.0,490.36000289549,2,3.0,0
Female,2.0,423.07238426986,2,3.0,0
Female,21.0,623.357129114012,0,4.0,0
Female,39.0,316.949752614227,1,4.0,0
Male,32.0,438.415600789028,5,5.0,0
Female,35.0,579.299053942249,2,5.0,0
Male,14.0,340.732494971504,0,3.0,0
Male,32.0,629.80323029479,1,3.0,0
Female,46.0,561.251228865518,1,2.0,1
Male,49.0,260.821841885791,2,4.0,0
Male,42.0,717.003023231553,1,3.0,0
Female,22.0,443.474213336746,1,4.0,0
Male,48.0,463.421101628853,3,5.0,0
Male,42.0,1062.12280984833,2,3.0,0
Male,34.0,501.092881352023,1,5.0,0
Male,15.0,885.840171958302,3,3.0,0
Male,45.0,24.5724287451029,2,5.0,1
Female,29.0,1075.1009688619,3,2.0,0
Female,38.0,433.044243231788,1,2.0,0
Male,36.0,450.274028367394,3,3.0,0
Male,34.0,501.092881352023,1,1.0,0
Female,35.0,374.639102488393,2,4.0,0
Male,51.0,84.2374101360477,0,5.0,0
Male,28.0,547.509146864962,2,1.0,1
Male,43.0,643.049652651278,1,4.0,0
Male,33.0,354.833716862276,1,2.0,0
Female,25.0,119.897635682688,1,4.0,1
Male,42.0,684.800301397725,2,4.0,0
Male,49.0,204.682777746758,0,4.0,0
Male,50.0,597.072639653766,1,3.0,0
Female,32.0,845.577560026631,5,3.0,0
Female,25.0,538.510471779581,0,4.0,0
Female,32.0,866.874209221758,3,5.0,0
Male,23.0,388.012332046288,4,1.0,1
Male,33.0,358.218231909421,4,4.0,0
Male,32.0,591.629453321398,0,4.0,0
Male,42.0,501.092881352023,1,3.0,0
Male,13.0,136.42905989548,1,3.0,1
Female,28.0,78.429471456549,2,4.0,1
Male,28.0,663.25351269938,4,3.0,0
Male,47.0,1070.89145337845,3,5.0,0
Female,24.0,66.1241244206423,1,4.0,0
Male,37.0,433.549199443053,5,5.0,1
Male,34.0,630.071771155926,2,3.0,0
Female,45.0,501.092881352023,3,3.0,0
Female,41.0,440.004116661127,2,4.0,0
Female,36.0,462.667756462924,2,4.0,0
Male,29.0,323.673484465538,3,1.0,1
Female,16.0,582.206091724773,0,4.0,0
Male,40.0,338.536670068927,3,5.0,0
Female,19.0,296.988410460722,4,3.0,0
Male,23.0,228.26200135825,2,5.0,0
Male,38.0,269.450924854104,1,4.0,0
Male,38.0,224.869649365125,1,4.0,0
Male,25.0,608.342674578628,3,2.0,0
Female,17.0,441.496197328454,0,4.0,0
Male,49.0,39.5973440823415,1,4.0,1
Female,22.0,243.401141337151,1,4.0,0
Male,40.0,691.578822855662,2,2.0,0
Female,35.0,10.7352650187677,1,1.0,1
Female,48.0,501.092881352023,2,4.0,0
Male,27.0,141.846549012639,0,4.0,1
Female,36.0,316.685251372617,2,4.0,0
Male,18.0,438.83750087934,5,4.0,0
Female,16.0,596.393471495791,3,3.0,0
Male,41.0,486.739029037107,0,3.0,0
Male,17.0,1142.39831724729,2,4.0,0
Male,33.0,920.689396431219,2,3.0,0
Male,45.0,437.411335253328,4,4.0,0
Female,95.0,5391.05000804718,1,5.0,0
Female,28.0,6.10305024037956,2,3.0,0
Male,19.0,1018.33482840317,2,3.0,0
Male,40.0,863.848020310567,3,4.0,0
Male,48.0,414.092369891116,0,5.0,0
Female,28.0,641.437803501477,0,1.0,0
Female,27.0,871.640140015355,1,3.0,0
Male,30.0,973.210504540999,1,1.0,0
Female,41.0,302.887122023735,4,3.0,0
Female,47.0,158.131973745189,1,4.0,0
Female,23.0,764.492516049276,0,3.0,0
Female,20.0,740.655961798399,1,4.0,0
Male,58.0,543.676931640263,0,5.0,0
Male,33.0,403.666077290066,2,4.0,0
Female,38.0,466.386622953207,5,4.0,0
Male,28.0,930.988245689199,3,4.0,0
Male,40.0,732.552625799154,1,4.0,0
Female,45.0,82.9459400045679,2,4.0,0
Male,38.0,588.717710942604,0,4.0,0
Male,52.0,305.297571602521,2,4.0,0
Female,32.0,597.306909540817,2,4.0,0
Male,32.0,578.548171550796,3,5.0,0
Female,37.0,44.879101471748,1,2.0,1
Male,40.0,501.092881352023,2,4.0,0
Female,37.0,421.322751484741,2,2.0,1
Male,22.0,1009.7900324418,3,4.0,0
Male,38.0,104.21921870634,3,4.0,0
Male,31.0,684.356414532046,0,2.0,1
Male,29.0,821.202902794216,0,3.0,0
Female,35.0,172.99866453431,1,5.0,0
Female,9.0,809.207900246332,2,5.0,0
Male,52.0,974.850197095283,1,2.0,1
Male,41.0,891.647579956835,1,5.0,0
Female,34.0,67.8276645313674,4,2.0,0
Male,28.0,467.853552525543,2,1.0,1
Male,6.0,504.606513203107,2,4.0,0
Male,28.0,610.937453080031,1,5.0,0
Female,42.0,241.188897970348,0,5.0,0
Male,44.0,371.006713006287,2,4.0,0
Male,41.0,764.964670568817,2,3.0,0
Female,37.0,520.414329749253,1,2.0,1
Female,48.0,887.928232569742,0,5.0,0
Male,32.0,541.854820262254,2,3.0,0
Male,46.0,475.578853928613,2,4.0,0
Male,31.0,817.691329268841,5,5.0,1
Male,26.0,40.0486406386316,2,3.0,1
Male,25.0,853.158953669843,0,4.0,0
Male,24.0,530.295513720563,2,4.0,0
Male,42.0,679.38799890056,3,3.0,0
Female,28.0,34.2861206551513,4,4.0,1
Female,25.0,273.978055541515,3,5.0,0
Male,42.0,940.663105629117,3,4.0,0
Male,38.0,124.209499443746,5,5.0,0
Female,45.0,664.533232623924,2,3.0,0
Male,40.0,501.092881352023,1,4.0,0
Female,27.0,781.42084494939,1,5.0,0
Male,36.0,774.963323982046,2,5.0,0
Male,36.0,165.074027641679,1,4.0,0
Female,26.0,656.657317965871,1,5.0,0
Male,28.0,816.163887032215,0,3.0,0
Male,55.0,1132.44429669134,3,4.0,0
Male,47.0,640.613763156236,2,1.0,1
Male,30.0,366.351120889746,0,4.0,0
Male,44.0,501.092881352023,5,5.0,0
Female,44.0,393.29332896184,1,4.0,0
Male,45.0,645.058945325782,1,2.0,0
Male,39.0,651.736216037954,6,4.0,1
Female,49.0,881.635111259106,3,4.0,0
Female,39.0,982.00976166362,5,4.0,1
Female,52.0,102.764147162498,2,4.0,0
Male,19.0,353.630293612708,3,4.0,0
Female,38.0,508.388983060682,2,4.0,0
Male,38.0,165.29684332186,4,3.0,0
Male,26.0,390.186230788455,2,5.0,0
Female,41.0,560.870301543525,2,3.0,0
Male,20.0,34.5682146163264,2,4.0,1
Male,28.0,501.092881352023,2,2.0,0
Male,15.0,837.874607090968,4,5.0,0
Male,51.0,120.928763680429,3,4.0,1
Male,57.0,697.26950135691,2,4.0,0
Male,43.0,225.440137451939,4,5.0,0
Male,39.0,356.648221605251,3,5.0,0
Male,29.0,144.17074514865,2,4.0,0
Male,25.0,501.092881352023,3,4.0,0
Female,40.0,700.649000638919,1,5.0,0
Male,34.0,370.128174035913,3,5.0,0
Female,22.0,515.740816835326,3,4.0,0
Male,20.0,568.339018746855,1,3.0,0
Male,25.0,501.092881352023,2,4.0,0
Male,53.0,517.908280670967,1,3.0,0
Male,57.0,999.899780291607,5,1.0,0
Male,37.0,664.474653012031,4,4.0,0
Female,36.0,426.688154298685,1,4.0,0
Male,32.0,316.698181617643,0,4.0,0
Female,26.0,230.692087434533,1,2.0,1
Male,49.0,502.067875701502,3,4.0,0
Male,54.0,499.153784885212,2,1.0,0
Male,26.0,370.865509477347,0,4.0,0
Male,34.0,116.383403018363,3,2.0,1
Male,31.0,270.433629394686,5,5.0,1
Female,31.0,287.138138885947,2,4.0,0
Male,47.0,563.126136400843,0,3.0,0
Male,22.0,1186.14632834819,2,5.0,0
Male,40.0,602.487141485189,4,4.0,0
Male,42.0,446.057398360659,1,4.0,0
Male,34.0,501.092881352023,2,3.0,0
Male,44.0,238.815936503624,4,4.0,0
Female,36.0,412.153741676453,3,5.0,0
Male,47.0,820.72129003498,2,3.0,0
Female,20.0,914.463619681732,3,3.0,0
Male,32.0,631.260876917726,1,5.0,0
Female,34.0,501.092881352023,3,4.0,0
Female,8.0,388.288212008478,3,4.0,0
Male,24.0,70.7393240532269,1,2.0,1
Male,27.0,518.420481903172,3,4.0,0
Female,28.0,622.931051391534,1,4.0,0
Male,27.0,544.71396943607,1,5.0,0
Male,43.0,913.853435468628,1,4.0,0
Female,19.0,735.654282702805,1,4.0,0
Male,14.0,805.340337101621,2,3.0,0
Female,31.0,224.372807863178,2,2.0,0
Male,21.0,210.438330392948,1,3.0,0
Male,21.0,291.272335203119,2,4.0,0
Female,41.0,3.60229861877838,5,5.0,1
Female,44.0,427.43241800934,2,3.0,0
Male,43.0,240.502550835084,1,2.0,1
Female,46.0,767.45310508669,3,4.0,0
Female,47.0,247.25372438643,2,4.0,0
Male,40.0,423.841078712586,2,2.0,0
Female,41.0,622.613484039501,1,3.0,0
Female,18.0,737.479983485738,1,4.0,0
Female,41.0,417.122753035864,6,2.0,0
Female,40.0,619.9456622719,2,4.0,0
Male,36.0,339.912200017422,3,3.0,0
Male,26.0,337.079092278261,2,4.0,0
Male,42.0,391.774310376738,5,4.0,1
Female,42.0,454.205302377751,4,4.0,0
Male,36.0,113.767877547255,1,5.0,1
Female,23.0,353.056498387156,2,4.0,0
Male,31.0,412.034253062905,1,3.0,0
Female,43.0,295.673050395427,1,5.0,0
Male,48.0,345.921360848582,0,5.0,0
Male,32.0,129.676430757589,5,3.0,1
Male,33.0,377.789649451773,0,4.0,0
Female,33.0,494.437737654208,3,4.0,0
Male,38.0,609.823095800446,1,3.0,0
Female,29.0,544.656332596967,4,1.0,1
Male,6.0,31.4283601242205,3,3.0,0
Male,47.0,377.011863647545,3,4.0,0
Female,53.0,530.534409014309,2,5.0,0
Female,29.0,501.092881352023,1,4.0,0
Male,24.0,170.868429916672,3,3.0,1
Male,34.0,931.900699924737,2,5.0,0
Female,33.0,272.692046084598,2,4.0,0
Male,45.0,502.170849541733,4,4.0,0
Female,36.0,682.163261150648,2,3.0,0
Female,22.0,868.851447603678,1,5.0,0
Male,44.0,14.8763347978925,0,4.0,1
Female,41.0,973.466660094552,1,4.0,0
Female,46.0,401.295382317167,6,4.0,1
Male,25.0,51.6042443461311,5,4.0,1
Male,53.0,268.278795799343,0,4.0,0
Male,18.0,144.766299635754,5,5.0,0
Female,42.0,650.97165717397,1,3.0,0
Female,16.0,128.752100489009,0,3.0,0
Female,27.0,340.679773630518,1,4.0,0
Female,51.0,804.075696968038,0,3.0,0
Male,43.0,429.787110393433,3,4.0,0
Male,30.0,653.431058769127,3,4.0,0
Male,30.0,918.690446694911,2,3.0,0
Male,36.0,372.885854832758,0,3.0,0
Male,40.0,462.031335509691,5,4.0,1
Female,48.0,407.160461888287,2,4.0,0
Male,30.0,216.922624448463,2,1.0,1
Female,19.0,109.948164947908,0,5.0,0
Female,37.0,493.650344759443,2,5.0,0
Male,30.0,968.507761428116,4,4.0,0
Male,22.0,812.356289147202,6,4.0,1
Male,38.0,497.349925689034,2,3.0,0
Female,33.0,54.555168098794,2,3.0,1
Male,38.0,591.057252731191,2,3.0,0
Female,26.0,551.658016561307,2,3.0,0
Male,22.0,487.108963289108,4,4.0,0
Female,27.0,902.068224034893,0,2.0,1
Female,33.0,589.591289431084,1,2.0,0
Female,52.0,313.301381141354,1,3.0,0
Female,43.0,484.919488442694,3,4.0,0
Male,46.0,198.294016644011,3,3.0,0
Female,49.0,325.117924119135,1,4.0,0
Female,71.0,501.092881352023,0,3.0,0
Male,35.0,192.311237088169,3,4.0,1
Female,49.0,865.25534652073,1,5.0,0
Male,45.0,399.431820103156,2,1.0,1
Male,45.0,510.130257533009,0,4.0,0
Male,53.0,901.069223912802,4,2.0,0
Male,31.0,447.378519821129,1,3.0,0
Male,30.0,13.8368005528503,2,2.0,1
Female,33.0,633.181549522433,3,3.0,0
Female,38.0,878.655082057778,1,3.0,0
Male,51.0,230.807922477367,1,1.0,1
Male,30.0,59.0823076820621,2,5.0,1
Female,32.0,345.989570275576,2,5.0,0
Male,37.0,119.081701840818,1,4.0,0
Female,16.0,497.661510594356,2,4.0,0
Female,29.0,134.982006518013,0,4.0,0
Female,42.0,278.818131233163,0,5.0,0
Female,49.0,361.307551552567,3,4.0,0
Female,23.0,726.956460154649,1,4.0,0
Male,35.0,617.082004257631,3,4.0,0
Male,31.0,99.2508693311191,3,5.0,1
Female,18.0,485.340499343743,3,3.0,0
Male,49.0,582.614281495194,1,3.0,0
Male,27.0,899.327600625889,3,2.0,1
Female,52.0,304.65443220916,2,3.0,0
Female,46.0,476.332319255086,0,5.0,0
Female,29.0,501.092881352023,3,4.0,0
Female,33.0,481.196619183927,1,3.0,0
Male,34.0,363.968827066025,0,4.0,0
Female,38.0,523.070290833206,4,4.0,0
Female,27.0,591.627525362086,3,4.0,0
Female,38.0,896.032005636595,1,4.0,0
Female,28.0,439.540971225277,2,4.0,0
Female,33.0,440.394255583602,2,4.0,0
Female,27.0,0.738165658351534,4,4.0,0
Male,36.0,732.197561392601,3,5.0,0
Female,36.0,693.436652013898,1,3.0,0
Male,38.0,941.673604307123,0,4.0,0
Female,53.0,855.850464217843,1,3.0,0
Female,34.0,505.371342148598,0,4.0,0
Male,45.0,319.790160338523,1,4.0,0
Female,37.0,464.029782041816,3,3.0,0
Female,33.0,545.996065003334,1,4.0,0
Female,34.0,382.416875952982,2,3.0,0
Male,34.0,798.310548361892,2,2.0,1
Female,38.0,501.092881352023,1,4.0,0
Female,25.0,642.067755134537,1,3.0,0
Male,20.0,140.903414520189,3,4.0,1
Male,42.0,384.800949659161,3,2.0,0
Male,44.0,568.868305967068,1,3.0,0
Female,42.0,1024.20976372228,2,3.0,0
Male,37.0,277.880825108143,3,4.0,0
Male,43.0,425.424266671864,3,3.0,0
Female,42.0,501.092881352023,3,4.0,0
Male,43.0,747.969385612389,1,5.0,0
Male,26.0,501.092881352023,0,2.0,1
Female,24.0,120.310537768808,3,5.0,0
Female,31.0,485.134798905969,1,4.0,0
Female,35.0,202.614603881786,1,1.0,0
Male,33.0,487.324389164908,2,3.0,0
Female,16.0,129.310875222539,1,4.0,1
Female,52.0,498.438544636255,2,2.0,0
Male,37.0,501.092881352023,0,3.0,0
Male,47.0,505.557121483467,1,1.0,0
Male,12.0,501.092881352023,4,4.0,0
Female,30.0,68.0268734391086,5,4.0,0
Female,31.0,825.076690126353,1,3.0,0
Male,32.0,200.716148605392,4,2.0,0
Male,33.0,359.176928174667,6,2.0,1
Male,49.0,394.700296566324,0,3.0,0
Female,42.0,323.328424013747,2,2.0,1
Male,45.0,493.028136380387,2,5.0,0
Female,35.0,718.654233954238,3,3.0,0
Male,21.0,158.341032610806,3,4.0,1
Female,20.0,361.843271081732,2,5.0,0
Male,39.0,529.431212730898,2,1.0,1
Female,35.0,598.08808192887,3,2.0,1
Male,33.0,1085.33571298646,3,4.0,0
Male,31.0,820.614656572827,0,4.0,0
Female,55.0,728.410841464393,4,4.0,0
Male,27.0,55.1237191284425,2,5.0,1
Female,44.0,486.716934873758,1,4.0,0
Male,35.0,895.231055292676,2,4.0,0
Male,34.0,958.097813555849,5,3.0,1
Female,47.0,313.026853567895,2,5.0,0
Female,50.0,162.142823604772,1,3.0,0
Female,33.0,309.762861689385,2,3.0,0
Male,39.0,471.11689095401,2,4.0,0
Female,35.0,472.466245238178,4,4.0,0
Male,37.0,104.51031095999,2,4.0,1
Male,32.0,954.539019384656,1,4.0,0
Female,29.0,707.876596320897,2,3.0,0
Female,44.0,392.246580827254,3,2.0,0
Female,34.0,289.646674660349,3,2.0,0
Male,22.0,500.329779259591,0,2.0,0
Male,28.0,525.451208602823,3,4.0,0
Male,3.0,154.373233620028,3,5.0,0
Male,35.0,619.066426505461,4,4.0,0
Male,34.0,257.558425539428,3,4.0,0
Male,55.0,27.4991471065595,3,4.0,0
Male,41.0,927.001534592654,2,3.0,0
Female,40.0,674.78768071682,0,3.0,0
Male,19.0,208.757833673404,3,3.0,0
Male,31.0,501.092881352023,2,3.0,0
Female,27.0,650.387493924165,3,5.0,0
Female,27.0,288.031133643444,5,3.0,1
Male,17.0,488.743716839731,2,3.0,0
Female,22.0,501.092881352023,1,3.0,0
Male,34.0,514.022277155335,0,2.0,0
Male,30.0,463.45101733904,5,3.0,0
Male,35.0,211.920424992677,1,2.0,1
Male,47.0,345.105747148641,2,2.0,1
Male,35.0,684.00377900465,2,3.0,0
Male,40.0,77.2033689145192,3,2.0,0
Male,27.0,770.429310028397,3,4.0,0
Male,29.0,542.573014908586,0,5.0,0
Male,39.0,148.723142998493,0,3.0,1
Female,54.0,162.730656014249,0,3.0,1
Male,49.0,548.480065280107,1,5.0,0
Female,41.0,503.548476648225,3,3.0,0
Male,37.0,521.171772311907,2,5.0,0
Male,49.0,501.092881352023,1,2.0,1
Male,12.0,499.345501527514,4,4.0,0
Female,24.0,690.064748338279,1,5.0,0
Male,38.0,791.515198636596,3,3.0,0
Male,17.0,501.691856130956,0,4.0,0
Male,26.0,416.25415973989,2,3.0,0
Female,28.0,1331.82037959667,1,3.0,0
Male,32.0,849.44699440235,5,3.0,0
Male,32.0,370.697450556221,1,4.0,0
Female,32.0,501.092881352023,1,3.0,0
Female,43.0,517.656591420533,2,4.0,0
Female,32.0,646.085729974294,3,4.0,0
Male,31.0,616.108630535565,2,4.0,0
Female,22.0,186.927472504327,1,4.0,1
Female,45.0,24.6105963117509,2,3.0,0
Male,28.0,553.721253025336,0,5.0,0
Female,24.0,652.734695309755,0,4.0,0
Male,37.0,338.89957713355,2,4.0,0
Male,27.0,273.294108442588,3,3.0,0
Male,30.0,501.092881352023,1,3.0,0
Female,38.0,160.603346837436,0,5.0,1
Male,32.0,683.651429469639,3,2.0,0
Male,58.0,480.576612657059,3,4.0,0
Male,34.0,675.264374946118,2,4.0,0
Male,41.0,979.714147480199,1,4.0,0
Male,16.0,227.617827117883,2,4.0,0
Male,26.0,425.199116223888,0,4.0,0
Female,24.0,241.64090847587,2,2.0,0
Male,25.0,8.12738526559411,1,3.0,1
Male,39.0,417.356662851047,3,4.0,0
Male,45.0,850.184458737884,2,4.0,0
Female,38.0,181.533519525429,4,2.0,1
Male,33.0,571.514584050785,1,5.0,0
Male,29.0,132.515146628858,1,2.0,0
Male,46.0,272.96840608885,0,1.0,1
Male,56.0,583.818467136917,1,4.0,0
Male,36.0,501.092881352023,2,4.0,0
Male,44.0,898.671321499758,3,5.0,0
Female,38.0,492.269106515921,1,4.0,0
Female,43.0,246.878963068591,3,4.0,0
Male,23.0,527.378719925856,2,4.0,0
Female,30.0,16.7705291943581,2,3.0,1
Male,47.0,426.534387302591,0,3.0,0
Male,27.0,939.799650521492,1,4.0,0
Male,30.0,483.923225442716,3,4.0,0
Male,45.0,774.179761006983,2,4.0,0
Female,19.0,74.2354490667332,1,3.0,1
Male,37.0,789.899055558414,1,1.0,0
Female,34.0,400.970645138431,3,5.0,0
Male,41.0,270.325913028192,2,4.0,0
Male,23.0,774.881592063659,0,3.0,0
Female,32.0,943.224906595236,0,4.0,0
Male,47.0,247.555053581038,5,3.0,0
Female,23.0,501.092881352023,3,4.0,0
Male,50.0,783.814434986232,3,3.0,0
Male,43.0,279.355780224914,6,4.0,0
Male,31.0,45.7972144250311,1,5.0,1
Female,24.0,340.963425205392,4,5.0,0
Male,30.0,534.142800019144,2,4.0,0
Male,40.0,501.092881352023,1,4.0,0
Male,35.0,248.27663870607,5,5.0,0
Male,46.0,724.085459986143,0,4.0,0
Male,49.0,337.468418983092,1,3.0,0
Male,22.0,510.484883879977,2,2.0,1
Female,22.0,1246.85054826172,2,4.0,0
Female,46.0,986.109308390461,5,2.0,1
Male,41.0,538.907883490962,3,3.0,0
Male,30.0,395.494080595903,1,5.0,0
Male,35.0,630.416188406493,3,4.0,0
Female,49.0,261.591628588724,4,4.0,0
Male,8.0,918.500775835623,2,3.0,0
Male,38.0,844.934121850502,2,4.0,0
Male,37.0,439.618607783319,5,4.0,0
Female,39.0,277.482105980603,4,3.0,0
Female,23.0,510.193781999363,0,4.0,0
Male,26.0,839.742039790397,0,5.0,0
Male,32.0,393.196258074174,1,4.0,0
Male,46.0,771.019537778937,1,3.0,0
Female,27.0,492.72037785711,2,2.0,1
Male,40.0,467.681995456927,4,3.0,0
Male,38.0,534.184746043762,3,1.0,1
Female,51.0,374.181157372836,2,5.0,0
Female,35.0,457.222192161287,1,4.0,0
Female,17.0,119.08885060625,0,2.0,1
Male,41.0,628.787214723416,2,5.0,0
Male,56.0,841.668209152293,4,4.0,0
Female,42.0,43.2832384266365,2,4.0,1
Female,27.0,985.950439408147,0,5.0,0
Female,24.0,696.624649662791,3,4.0,0
Male,25.0,386.45759205756,5,3.0,1
Male,55.0,277.091796674358,1,4.0,0
Female,32.0,899.214766766596,1,2.0,1
Female,28.0,335.999586605195,0,1.0,0
Female,33.0,1011.14019090523,1,2.0,1
Female,51.0,563.547082950125,2,4.0,0
Female,25.0,558.620409945017,0,4.0,0
Female,47.0,286.293069754951,2,3.0,0
Male,36.0,512.727747947275,2,2.0,0
Female,47.0,501.092881352023,3,5.0,0
Female,51.0,156.507018115495,3,4.0,1
Male,36.0,813.24346172697,2,4.0,0
Male,32.0,674.093336281251,3,4.0,0
Male,36.0,269.289850807936,1,3.0,0
Male,34.0,671.817585135719,2,3.0,0
Male,18.0,577.421507407378,4,4.0,0
Female,51.0,501.528286599334,1,4.0,0
Male,37.0,1009.43965024401,3,4.0,0
Male,23.0,501.092881352023,0,2.0,0
Female,14.0,533.923282020568,4,4.0,0
Male,12.0,691.740281813594,0,3.0,0
Female,43.0,1033.27303556549,4,2.0,0
Female,29.0,580.71121564011,2,3.0,0
Female,30.0,311.321258142443,1,4.0,0
Male,40.0,199.458057002575,1,5.0,1
Female,30.0,694.406120146055,2,3.0,0
Female,40.0,483.404733491183,1,4.0,0
Female,19.0,501.092881352023,1,4.0,0
Male,27.0,175.404387975113,1,4.0,0
Female,41.0,501.092881352023,0,4.0,0
Male,28.0,462.247150571911,2,4.0,0
Male,58.0,273.398847105725,4,4.0,0
Male,42.0,1021.51039662264,5,4.0,0
Male,50.0,441.33710104443,3,4.0,0
Male,42.0,65.1195110664331,2,2.0,0
Female,30.0,863.4044679957,2,4.0,0
Male,37.0,448.310904089756,2,3.0,0
Female,55.0,570.42702757191,3,3.0,0
Male,30.0,389.319071701549,1,4.0,0
Male,25.0,361.064324505932,1,3.0,0
Male,24.0,118.884129902985,2,4.0,1
Male,33.0,457.819565003284,1,3.0,0
Female,25.0,501.092881352023,1,3.0,0
Female,52.0,501.092881352023,1,4.0,0
Male,37.0,164.065969954613,2,5.0,0
Female,32.0,589.838534939255,1,4.0,0
Female,24.0,520.768648043376,2,1.0,0
Female,22.0,126.229497102975,1,1.0,0
Female,26.0,421.619251689599,2,4.0,0
Female,38.0,265.501063092377,0,4.0,0
Female,40.0,985.22726685974,1,5.0,0
Male,41.0,157.190237714238,1,5.0,0
Male,20.0,262.602616524245,3,4.0,0
Male,35.0,506.849251819255,3,4.0,0
Female,25.0,501.092881352023,1,4.0,0
Female,39.0,67.7743562423717,0,5.0,1
Female,40.0,501.092881352023,1,2.0,1
Male,23.0,328.685527774617,3,4.0,0
Female,45.0,329.246751796597,2,3.0,0
Female,58.0,529.686470596304,2,3.0,0
Male,43.0,767.298126716973,3,4.0,0
Female,33.0,245.94958678018,0,3.0,0
Female,32.0,558.632521161075,1,3.0,0
Male,33.0,518.180619946096,6,4.0,0
Female,27.0,734.341211228887,2,3.0,0
Male,38.0,893.078708406638,2,4.0,0
Female,24.0,538.44791129024,2,3.0,0
Male,16.0,40.613918368114,2,4.0,0
Female,35.0,20.8666927213891,1,5.0,0
Male,29.0,254.881808637479,2,3.0,0
Male,22.0,800.074811827173,3,5.0,0
Male,38.0,344.82130998906,7,5.0,1
Male,25.0,188.413539667202,0,4.0,0
Male,34.0,534.592798847943,2,5.0,0
Male,53.0,410.035616829499,3,4.0,0
Male,21.0,373.597707347294,2,4.0,0
Male,22.0,224.181210168011,0,4.0,0
Male,37.0,286.653917606199,2,4.0,0
Male,21.0,412.57164708222,0,3.0,0
Male,15.0,348.912450617611,1,4.0,0
Female,40.0,738.265317291155,2,5.0,0
Female,38.0,501.092881352023,0,4.0,0
Male,40.0,691.613987318828,3,5.0,0
Female,38.0,338.015224932604,1,4.0,0
Male,34.0,679.56809907152,3,4.0,0
Female,28.0,826.298417907335,2,4.0,0
Male,40.0,847.705160706402,3,4.0,0
Female,50.0,247.561184685111,1,4.0,0
Female,30.0,406.194969036363,2,4.0,0
Male,25.0,380.928629266434,2,3.0,0
Male,24.0,501.092881352023,3,4.0,0
Male,26.0,229.813667334694,2,4.0,0
Male,37.0,501.092881352023,2,5.0,0
Female,14.0,564.371988309659,2,4.0,0
Female,39.0,1030.75689299392,3,3.0,0
Female,41.0,860.576738199869,3,5.0,0
Female,17.0,953.149116812341,1,5.0,0
Female,25.0,427.310964004299,4,3.0,0
Female,36.0,653.648611019644,3,4.0,0
Male,34.0,296.959693405655,3,4.0,0
Male,40.0,503.846308303771,3,4.0,0
Male,34.0,412.503479281255,0,5.0,0
Female,48.0,501.092881352023,2,4.0,0
Male,32.0,746.038623581582,0,2.0,0
Male,25.0,281.774884835234,1,4.0,0
Male,24.0,397.657584408439,0,5.0,0
Female,42.0,32.5540764777824,2,4.0,0
Male,35.0,842.418493093407,2,3.0,0
Male,41.0,727.030078566369,2,5.0,0
Male,15.0,713.896578955462,0,1.0,0
Female,24.0,159.872592100896,1,5.0,0
Male,25.0,40.0684952631051,2,5.0,0
Male,27.0,627.655682886775,4,4.0,0
Female,31.0,730.213789862484,0,3.0,0
Male,45.0,131.463902942483,3,5.0,0
Male,47.0,327.938155581206,4,4.0,0
Female,32.0,399.99615103916,2,4.0,0
Male,32.0,503.920925617803,2,3.0,0
Male,28.0,481.817656749083,2,4.0,0
Male,36.0,79.5674901720295,3,2.0,0
Female,37.0,534.879812775908,3,3.0,0
Female,43.0,326.029326386206,2,4.0,0
Female,43.0,837.52897150858,0,4.0,0
Female,12.0,841.898498865599,2,3.0,0
Male,33.0,62.3325123214067,4,1.0,0
Male,49.0,913.480056287523,3,4.0,0
Female,31.0,661.804435532038,2,5.0,0
Male,46.0,909.919272554599,2,5.0,0
Male,32.0,52.7668132012506,3,3.0,1
Female,37.0,450.846066500158,4,4.0,0
Male,24.0,647.827350190848,2,4.0,0
Male,42.0,484.194435906096,1,4.0,0
Female,35.0,731.561960168107,1,5.0,0
Female,23.0,552.758729056857,3,3.0,0
Male,35.0,703.591842857046,4,4.0,0
Male,48.0,367.060303310936,1,1.0,0
Female,52.0,808.654254573654,0,4.0,0
Male,32.0,615.730527853974,5,5.0,1
Female,18.0,236.116329002509,4,4.0,0
Male,43.0,939.912019928649,2,5.0,0
Female,32.0,468.154492949991,0,2.0,0
Male,44.0,710.841172289563,3,1.0,0
Male,38.0,632.632323689836,2,2.0,0
Male,26.0,513.190929709258,2,5.0,0
Male,36.0,557.754654475031,1,3.0,0
Male,48.0,456.386050551386,6,4.0,1
Female,34.0,748.706256304674,2,4.0,0
Male,25.0,501.092881352023,0,3.0,0
Male,19.0,1029.41542907002,5,4.0,0
Female,27.0,600.425314725994,1,5.0,0
Female,31.0,422.969441365388,1,4.0,0
Male,43.0,343.954848739033,2,3.0,0
Female,24.0,678.372242868388,1,4.0,0
Female,51.0,501.092881352023,1,3.0,0
Female,22.0,1025.44015436523,3,3.0,0
Male,58.0,129.679156542718,2,4.0,0
Female,52.0,1122.67934409292,2,5.0,0
Male,36.0,765.032037676384,0,1.0,0
Male,19.0,189.473702409567,1,5.0,0
Male,34.0,354.993388157109,0,3.0,0
Female,22.0,731.422076324828,0,3.0,0
Female,38.0,215.610748757779,2,4.0,0
Male,27.0,809.077221608584,2,4.0,0
Female,28.0,1293.11928701889,2,4.0,0
Female,33.0,593.367931075194,0,4.0,0
Male,29.0,204.182333605804,2,4.0,0
Male,30.0,417.613223265756,3,2.0,0
Female,39.0,177.049262390965,1,5.0,1
Female,36.0,62.9665370963763,2,3.0,0
Female,39.0,291.04136795199,1,4.0,0
Female,39.0,27.9325848985875,3,3.0,1
Female,44.0,536.810690357334,2,3.0,0
Female,38.0,878.456256459373,1,3.0,0
Male,37.0,710.488905098472,1,5.0,0
Female,36.0,993.05082343329,4,3.0,0
Male,34.0,286.240397461406,3,1.0,1
Male,26.0,953.799957410315,0,5.0,0
Female,34.0,217.801009060936,2,1.0,1
Female,37.0,595.306800455546,1,4.0,0
Male,39.0,75.4276373967954,2,4.0,0
Male,37.0,321.256798150077,1,4.0,0
Male,33.0,652.535938995721,1,1.0,1
Male,29.0,278.461807079028,2,4.0,0
Female,38.0,19.9310481396489,1,1.0,0
Male,33.0,720.109340311416,1,4.0,0
Female,37.0,52.5213033893991,2,2.0,1
Male,45.0,938.995721004579,2,5.0,0
Male,41.0,516.40190099583,0,1.0,0
Male,35.0,372.14518863377,4,5.0,0
Male,55.0,672.334701046884,2,4.0,0
Female,33.0,323.514947805846,1,4.0,0
Female,42.0,70.6000028587407,2,4.0,0
Male,21.0,455.245475822887,0,5.0,0
Female,44.0,663.527585066843,2,2.0,1
Female,31.0,163.219380903103,4,3.0,1
Male,13.0,285.909566496389,0,5.0,0
Male,35.0,501.092881352023,2,3.0,0
Male,24.0,37.1057701742876,2,1.0,1
Male,36.0,423.445028366678,5,3.0,0
Female,51.0,706.94426818337,2,4.0,0
Male,43.0,1013.69721593177,3,4.0,0
Male,50.0,1019.6101838136,2,4.0,0
Male,29.0,620.303432078154,2,4.0,0
Male,34.0,687.985848295369,3,5.0,0
Female,25.0,490.980160067188,4,4.0,0
Male,28.0,501.092881352023,2,3.0,0
Male,26.0,376.730478223877,3,2.0,1
Male,22.0,252.025706083006,5,4.0,1
Female,49.0,56.068692005344,0,5.0,0
Male,14.0,501.092881352023,3,5.0,0
Female,49.0,638.026446251296,2,3.0,0
Female,47.0,501.092881352023,1,1.0,0
Female,40.0,705.457732012155,1,4.0,0
Male,24.0,352.561506742294,2,4.0,0
Female,19.0,131.22399766568,4,4.0,0
Female,30.0,578.276093464287,3,3.0,0
Male,35.0,765.719897527071,2,4.0,0
Male,25.0,729.872992418401,3,5.0,0
Male,46.0,253.409731193056,6,3.0,1
Male,52.0,636.154018506059,6,4.0,0
Female,33.0,157.430403432745,2,3.0,1
Male,36.0,501.092881352023,3,3.0,0
Male,20.0,525.520329085182,1,4.0,0
Male,31.0,483.53312895157,2,4.0,0
Male,40.0,210.588354161016,1,3.0,0
Male,39.0,683.703125411033,3,3.0,0
Female,30.0,1053.07308709454,1,2.0,0
Male,32.0,419.646826329589,0,3.0,0
Male,31.0,528.680388826688,2,3.0,0
Female,32.0,501.092881352023,2,2.0,0
Male,39.0,274.039395021714,3,3.0,0
Female,38.0,856.000649669359,2,4.0,0
Female,29.0,776.46673349058,0,4.0,0
Female,30.0,501.092881352023,1,4.0,0
Male,30.0,571.815582033752,5,2.0,1
Female,30.0,390.835440534315,1,4.0,0
Female,35.0,501.092881352023,3,3.0,0
Male,36.0,910.908050981238,1,4.0,0
Male,14.0,891.479649059251,0,4.0,0
Female,42.0,259.534632875268,0,3.0,0
Male,32.0,857.472196786301,0,4.0,0
Male,54.0,252.037027233091,1,5.0,0
Male,23.0,420.189248041129,2,5.0,0
Female,26.0,913.919070220193,4,3.0,0
Male,33.0,770.538424135706,3,3.0,0
Female,39.0,97.7874140119999,0,4.0,1
Female,15.0,665.847152805432,3,2.0,1
Male,27.0,495.622697402547,0,5.0,0
Female,41.0,863.797202515187,1,3.0,0
Male,26.0,745.044480511158,1,4.0,0
Female,49.0,789.763630464682,2,5.0,0
Female,30.0,402.283018025215,2,4.0,0
Male,26.0,670.281013877257,4,3.0,0
Female,41.0,291.29903528877,1,2.0,1
Male,51.0,345.462377838136,5,3.0,0
Male,39.0,209.142638537533,1,5.0,0
Male,48.0,354.278287933143,1,3.0,0
Male,52.0,773.017279240438,1,3.0,0
Female,26.0,679.464231301144,0,3.0,0
Male,44.0,846.916718954604,2,4.0,0
Female,20.0,519.525928856041,2,4.0,0
Female,39.0,45.3079208981937,2,5.0,0
Female,34.0,580.744420889435,3,4.0,0
Female,47.0,605.939443918287,4,4.0,0
Male,41.0,793.533762070767,2,2.0,1
Male,38.0,501.092881352023,0,4.0,0
Male,40.0,286.581405201926,1,2.0,1
Male,36.0,314.773720505628,4,4.0,0
Male,34.0,614.175424144622,1,4.0,0
Female,49.0,725.232809654489,4,2.0,1
Male,51.0,155.718590777965,2,2.0,0
Female,34.0,410.188361595951,1,3.0,0
Male,37.0,743.008004373066,3,5.0,0
Male,36.0,121.887892492534,4,3.0,1
Male,51.0,748.255840286151,1,4.0,0
Female,56.0,436.334825574961,2,2.0,0
Male,47.0,763.611237826563,2,5.0,0
Male,39.0,302.359150007695,0,4.0,0
Female,41.0,232.239102485573,6,4.0,0
Female,26.0,1167.07551161493,1,5.0,0
Male,49.0,962.095532741237,2,3.0,0
Female,29.0,501.092881352023,2,3.0,0
Female,46.0,541.987676089633,3,5.0,0
Male,21.0,151.497328104879,1,4.0,1
Female,23.0,276.311757850158,1,1.0,1
Male,54.0,465.8216561756,3,4.0,0
Female,35.0,501.092881352023,0,1.0,1
Male,30.0,595.918477811121,1,4.0,0
Female,49.0,476.10462020687,0,4.0,0
Male,47.0,626.930242021151,1,5.0,0
Male,29.0,501.092881352023,4,4.0,0
Female,32.0,547.059830305765,2,3.0,0
Male,38.0,501.092881352023,0,4.0,0
Female,42.0,59.5702337640944,2,5.0,0
Female,30.0,339.771293730151,3,4.0,0
Male,37.0,776.925240911976,2,5.0,0
Male,38.0,428.666295308699,4,2.0,0
Male,48.0,468.04597396491,2,4.0,0
Female,43.0,534.454401902255,4,3.0,0
Female,20.0,522.123298086828,1,1.0,1
Female,33.0,831.526784633311,0,1.0,1
Female,26.0,671.573263109295,3,4.0,0
Female,41.0,429.527963892288,2,4.0,0
Female,44.0,656.593123936534,3,3.0,0
Male,36.0,421.579038969576,1,5.0,0
Male,36.0,143.973756753932,2,3.0,1
Female,37.0,501.092881352023,5,4.0,1
Female,29.0,125.821739387964,1,3.0,1
Male,23.0,407.635974329615,2,4.0,0
Male,48.0,508.844460009658,3,4.0,0
Female,40.0,228.685016022353,2,5.0,0
Male,39.0,407.808437361727,4,5.0,0
Male,48.0,476.246736592932,2,4.0,0
Male,22.0,347.210478172435,1,5.0,0
Male,18.0,173.983621491487,3,4.0,1
Male,39.0,1116.73377774861,2,1.0,1
Male,38.0,508.3972998624,2,3.0,0
Male,18.0,755.767446053881,3,4.0,0
Female,39.0,595.329074902787,3,4.0,0
Male,31.0,26.124395046866,2,5.0,1
Male,27.0,501.092881352023,4,2.0,0
Male,32.0,420.613796790447,3,4.0,0
Female,11.0,640.874076222061,4,3.0,0
Female,29.0,864.690382762699,2,5.0,0
Female,28.0,654.664642969074,3,4.0,0
Female,41.0,145.474585679337,5,5.0,1
Male,33.0,379.562548528356,0,3.0,0
Male,41.0,192.51236565374,3,3.0,0
Male,10.0,415.535378127098,0,4.0,0
Female,27.0,345.294118277855,1,3.0,0
Male,41.0,522.739378581354,3,5.0,0
Female,32.0,135.994725961114,2,5.0,0
Male,43.0,211.104411547694,0,2.0,0
Male,17.0,648.719069783451,4,2.0,0
Male,42.0,903.66958183048,5,3.0,1
Female,29.0,940.623240593618,0,4.0,0
Male,28.0,537.264896787239,2,4.0,0
Male,45.0,404.412727697173,2,4.0,0
Male,47.0,501.092881352023,2,5.0,0
Male,45.0,408.044029109582,1,4.0,0
Female,55.0,596.507869414191,2,4.0,0
Female,48.0,921.276822135838,2,4.0,0
Female,27.0,677.985150965664,2,2.0,1
Female,36.0,189.352983511852,2,2.0,1
Female,31.0,715.616561687706,0,2.0,0
Female,46.0,211.621507259122,5,4.0,1
Male,33.0,321.733341288019,0,3.0,0
Female,23.0,501.092881352023,4,3.0,0
Female,38.0,685.685771247416,5,4.0,1
Male,26.0,210.549539410077,2,4.0,0
Male,18.0,334.980589824868,2,3.0,0
Female,43.0,784.773250872457,2,5.0,0
Female,44.0,401.378695361172,2,2.0,1
Female,40.0,955.735824771954,1,2.0,1
Male,33.0,501.092881352023,1,4.0,0
Female,22.0,830.522253920194,0,2.0,1
Female,23.0,451.178878172771,5,3.0,1
Male,25.0,349.090822598116,3,1.0,1
Female,33.0,462.884551363505,4,4.0,0
Female,46.0,77.1684615904928,1,4.0,1
Male,46.0,348.552890579336,1,4.0,0
Female,19.0,636.932928408655,1,5.0,0
Female,28.0,521.215964256641,1,2.0,1
Male,28.0,826.820524673689,1,3.0,0
Male,10.0,1043.57750472492,0,4.0,0
Male,41.0,681.976431782829,2,2.0,0
Male,33.0,770.489681827343,2,5.0,0
Male,34.0,82.0393749644198,1,3.0,1
Male,48.0,480.979420333531,5,4.0,0
Female,36.0,501.092881352023,0,4.0,0
Female,31.0,76.4521889986402,2,3.0,0
Female,41.0,684.082861800487,1,5.0,0
Male,46.0,445.817680831347,0,5.0,0
Female,38.0,666.104902895873,2,4.0,0
Male,42.0,192.819199977884,3,4.0,1
Male,34.0,1204.5107578812,2,5.0,0
Female,34.0,648.544585880143,4,3.0,0
Female,27.0,755.829823768215,2,5.0,0
Male,49.0,328.025831913808,1,4.0,0
Female,55.0,873.773054739037,1,3.0,0
Female,51.0,375.875257988095,3,3.0,0
Male,22.0,1021.13917947122,5,3.0,1
Male,21.0,559.352048257141,6,4.0,0
Female,23.0,720.964494618165,3,2.0,0
Male,36.0,286.861350065583,3,4.0,0
Female,7.0,501.092881352023,0,4.0,0
Male,29.0,933.863206977048,2,4.0,0
Female,49.0,810.593338006578,1,3.0,0
Male,45.0,427.140008786359,2,1.0,1
Male,30.0,710.923450983578,1,4.0,0
Female,31.0,812.790661861567,1,4.0,0
Female,41.0,401.966408191322,1,3.0,0
Female,44.0,501.092881352023,5,5.0,0
Female,30.0,181.860434483805,2,3.0,1
Male,33.0,651.86769107958,3,2.0,1
Female,29.0,697.044469858493,1,5.0,0
Male,33.0,707.672394201905,1,4.0,0
Female,22.0,484.754348341762,3,4.0,0
Female,41.0,501.092881352023,2,4.0,0
Female,42.0,107.583921152019,0,4.0,0
Male,27.0,521.469169574656,6,4.0,1
Male,15.0,501.092881352023,2,5.0,0
Female,40.0,770.8553050524,8,5.0,0
Male,26.0,620.038600917592,2,4.0,0
Male,22.0,351.05987588359,1,4.0,0
Female,32.0,782.044378839019,2,5.0,0
Male,51.0,492.106032442895,3,4.0,0
Female,30.0,494.587371467131,4,3.0,0
Female,24.0,171.796434267073,2,3.0,1
Male,42.0,501.092881352023,4,4.0,0
Female,37.0,399.290458456138,1,4.0,0
Female,14.0,524.109760405181,2,1.0,1
Female,42.0,95.2532996780525,2,5.0,1
Female,56.0,122.252180871935,1,4.0,0
Male,9.0,411.040916769696,3,4.0,0
Female,23.0,779.672633912381,0,4.0,0
Male,7.0,656.998969883249,1,2.0,1
Female,45.0,180.375812796837,1,1.0,1
Female,36.0,437.184475250055,2,4.0,0
Male,49.0,769.107219350436,1,5.0,0
Male,43.0,533.374777727547,1,5.0,0
Male,52.0,1197.73343103366,1,4.0,0
Female,47.0,362.594692676436,1,3.0,0
Male,31.0,269.141069220895,0,4.0,0
Female,36.0,873.220997644182,1,3.0,0
Male,26.0,843.827289371973,0,3.0,0
Male,33.0,123.490770037923,0,4.0,0
Male,36.0,216.2664599105,3,4.0,0
Male,48.0,199.779914991314,1,4.0,1
Female,32.0,407.800778759828,1,5.0,0
Female,26.0,907.561416812122,2,4.0,0
Male,26.0,501.092881352023,0,4.0,0
Female,42.0,1012.57819564042,1,4.0,0
Male,21.0,657.083023734752,1,4.0,0
Male,33.0,828.850484822166,3,5.0,0
Female,38.0,968.80308450915,2,4.0,0
Female,34.0,659.9171745803,1,4.0,0
Male,35.0,390.294137530374,3,4.0,0
Male,25.0,863.166927864696,3,3.0,0
Male,26.0,501.092881352023,0,4.0,0
Male,33.0,501.092881352023,1,4.0,0
Male,38.0,226.811662780124,2,3.0,0
Male,44.0,94.7978779162973,1,3.0,1
Male,36.0,388.184495307178,1,4.0,0
Female,49.0,836.274870184599,0,4.0,0
Male,51.0,23.510948215223,2,4.0,1
Female,43.0,525.280396173095,2,5.0,0
Female,25.0,976.269016648766,2,4.0,0
Female,24.0,703.597189330617,3,4.0,0
Male,40.0,419.135557256194,0,5.0,0
Female,22.0,648.217250106523,2,2.0,0
Male,32.0,624.370407249565,2,3.0,0
Female,43.0,542.766072713227,1,3.0,0
Male,49.0,513.046433966469,3,2.0,1
Male,32.0,174.80823334226,2,3.0,0
Male,29.0,250.309222029514,2,4.0,0
Male,38.0,439.991561445968,2,4.0,0
Male,33.0,501.092881352023,2,4.0,0
Female,35.0,490.007162049412,3,4.0,0
Female,35.0,236.555992743401,2,4.0,0
Female,36.0,768.040914031927,0,4.0,0
Male,27.0,805.346749535791,3,4.0,0
Female,28.0,143.59761161331,0,5.0,1
Female,28.0,81.6016357281283,1,5.0,1
Male,19.0,809.948362004056,0,5.0,0
Male,38.0,1051.28831306167,1,4.0,0
Male,44.0,276.898022881856,3,5.0,0
Male,43.0,501.092881352023,4,2.0,0
Female,27.0,88.9843676973637,3,1.0,1
Male,42.0,371.340241455664,1,3.0,0
Male,41.0,113.075856235962,2,4.0,1
Female,37.0,1102.78355951985,3,4.0,0
Male,52.0,269.367276966983,4,3.0,0
Female,35.0,536.507116247894,1,4.0,0
Female,32.0,601.902241105283,1,4.0,0
Female,31.0,431.759908628806,1,4.0,0
Male,19.0,467.240167772199,0,1.0,1
Male,42.0,336.535960641,1,3.0,0
Male,40.0,1028.98543016936,2,5.0,0
Female,53.0,361.675787201509,3,2.0,1
Male,31.0,136.138441997021,3,4.0,0
Male,12.0,461.408981414138,0,5.0,0
Male,40.0,405.702252394887,3,4.0,0
Male,37.0,951.073652542042,3,3.0,0
Female,39.0,501.092881352023,2,3.0,0
Male,43.0,867.376212872563,2,4.0,0
Female,26.0,245.649396021493,1,3.0,0
Female,32.0,462.883598252978,1,5.0,0
Male,50.0,243.219820315587,3,5.0,0
Female,28.0,330.94723250127,4,3.0,0
Male,36.0,118.417605402636,3,4.0,0
Male,9.0,397.69791322259,1,5.0,0
Female,20.0,492.243134417537,1,5.0,0
Female,37.0,226.294502781569,0,5.0,0
Male,47.0,467.125864078489,2,3.0,0
Female,21.0,726.723323888191,1,4.0,0
Male,36.0,752.478181083771,3,5.0,0
Female,31.0,643.749452913492,4,3.0,0
Female,45.0,340.565556623635,0,3.0,0
Female,23.0,501.092881352023,1,4.0,0
Female,39.0,1031.40425489553,3,5.0,0
Male,28.0,629.566535059815,2,4.0,0
Male,37.0,407.347475266229,1,5.0,0
Female,36.0,125.687165770723,5,4.0,0
Male,32.0,596.966115715637,2,4.0,0
Female,40.0,1076.15226838975,1,3.0,0
Male,35.0,265.123346964661,0,4.0,0
Male,34.0,840.673486013607,3,4.0,0
Male,31.0,775.307381523249,4,4.0,0
Male,37.0,98.8516458333319,1,2.0,0
Female,25.0,491.914777022814,2,5.0,0
Male,32.0,679.872842679653,3,3.0,0
Male,24.0,753.357996160696,1,5.0,0
Female,35.0,12.9887090961128,1,4.0,1
Female,29.0,942.188764183089,2,5.0,0
Female,43.0,723.603195166145,1,5.0,0
Female,42.0,494.970974026814,3,4.0,0
Male,26.0,738.185478282117,3,4.0,0
Male,35.0,644.69457719556,2,3.0,0
Male,41.0,721.453107506547,1,2.0,1
Male,33.0,271.213575547771,2,3.0,0
Female,28.0,225.793517763295,2,3.0,0
Female,24.0,523.459279431628,1,3.0,0
Male,44.0,421.43789761295,2,4.0,0
Female,44.0,126.250835618408,0,4.0,1
Male,33.0,635.407245792635,1,5.0,0
Male,5.0,169.383548293773,2,3.0,1
Female,48.0,816.525952143256,3,5.0,0
Male,33.0,1187.1763527368,1,3.0,0
Female,36.0,564.800217659742,3,4.0,0
Female,49.0,412.20257156435,2,2.0,1
Female,24.0,424.793195527432,2,4.0,0
Female,50.0,249.8702672152,1,4.0,0
Male,39.0,746.508975388121,2,2.0,1
Female,41.0,13.8015551643263,1,4.0,0
Female,32.0,117.495545468337,5,5.0,1
Male,22.0,493.237015748574,5,5.0,0
Male,44.0,501.092881352023,1,5.0,0
Female,38.0,501.092881352023,2,4.0,0
Female,49.0,428.886566593177,1,5.0,0
Female,33.0,407.957849002433,2,4.0,0
Female,31.0,578.438843554753,1,3.0,0
Female,49.0,501.092881352023,2,3.0,0
Male,54.0,602.152698442602,1,4.0,0
Male,35.0,737.232101308893,1,2.0,0
Male,27.0,558.293415650931,1,5.0,0
Female,43.0,1054.76889673245,1,2.0,1
Female,32.0,54.17373518971,2,5.0,1
Male,32.0,599.193656945892,2,4.0,0
Female,51.0,175.954243237022,2,5.0,1
Female,28.0,152.637527589644,2,4.0,0
Male,40.0,821.992403795301,3,4.0,0
Female,30.0,611.410806161837,3,4.0,0
Female,32.0,139.944684981372,0,4.0,1
Female,31.0,501.092881352023,2,4.0,0
Female,44.0,79.9415739371077,2,5.0,1
Female,41.0,460.943493536477,0,5.0,0
Male,34.0,10.8038169736403,2,5.0,0
Male,36.0,450.235774352071,1,5.0,0
Male,44.0,546.650873782357,3,4.0,0
Female,44.0,783.138228402131,4,3.0,0
Female,8.0,608.021894738764,0,4.0,0
Male,32.0,475.641529002031,4,4.0,0
Male,42.0,660.282797250844,2,4.0,0
Male,34.0,0.72466873609568,3,3.0,1
Female,42.0,580.003370830129,1,4.0,0
Female,24.0,501.092881352023,0,4.0,0
Female,38.0,761.288637362785,2,3.0,0
Male,44.0,777.06299714708,3,3.0,0
Female,20.0,219.492992903319,1,3.0,0
Male,60.0,126.973683150133,2,4.0,1
Male,47.0,607.077085462263,3,2.0,1
Male,35.0,261.017889636438,2,3.0,0
Female,27.0,509.477442906974,5,3.0,1
Female,33.0,574.351299751155,0,5.0,0
Male,36.0,793.973177286144,2,2.0,0
Male,39.0,767.682189400778,1,3.0,0
Female,50.0,498.96972673073,1,5.0,0
Female,30.0,159.071878323468,2,5.0,1
Male,41.0,561.589194156749,2,4.0,0
Male,22.0,535.361895981116,1,2.0,0
Female,39.0,74.9447240917642,3,4.0,1
Male,42.0,514.480698636202,2,1.0,1
Male,27.0,515.514395282052,0,5.0,0
Male,31.0,696.942645006858,3,1.0,1
Male,50.0,597.328146966722,1,1.0,1
Female,47.0,272.788487228936,1,5.0,0
Male,13.0,908.132230264822,2,4.0,0
Male,35.0,475.114202714704,0,5.0,0
Male,32.0,377.440958501027,5,5.0,0
Female,30.0,714.046071470377,1,3.0,0
Female,39.0,99.2026506892677,1,3.0,0
Male,39.0,406.193128423612,2,5.0,0
Male,45.0,1300.61598342703,3,4.0,0
Male,26.0,560.399637604664,1,4.0,0
Male,32.0,597.827470728241,6,5.0,1
Female,37.0,489.034725087217,2,3.0,0
Female,33.0,762.383596895357,2,4.0,0
Female,26.0,528.927139393023,3,3.0,0
Male,40.0,1113.1359412045,2,4.0,0
Male,45.0,455.320556372035,2,4.0,0
Female,44.0,206.332140216997,4,3.0,0
Male,32.0,721.202121676092,3,5.0,0
Male,39.0,207.345313307463,1,5.0,0
Male,52.0,501.092881352023,1,5.0,0
Female,46.0,442.857490753464,0,4.0,0
Female,27.0,864.961486721496,0,3.0,0
Male,10.0,34.575940808152,0,5.0,1
Male,43.0,517.217230206623,2,3.0,0
Female,24.0,670.997217849546,2,4.0,0
Female,35.0,370.243091912334,2,4.0,0
Male,32.0,422.85090955258,3,5.0,0
Male,36.0,937.631987109443,2,2.0,1
Female,30.0,642.638541199143,1,4.0,0
Female,48.0,864.777445409199,3,1.0,1
Male,36.0,869.646024033387,0,4.0,0
Male,26.0,144.981579632108,0,1.0,0
Female,44.0,435.143204752268,2,3.0,0
Female,22.0,720.068206318824,0,4.0,0
Female,48.0,901.842548042104,2,5.0,0
Female,45.0,1005.45037487424,1,3.0,0
Male,49.0,1166.40362237709,0,2.0,1
Male,33.0,1050.87798155205,4,4.0,0
Male,36.0,501.092881352023,2,5.0,0
Male,34.0,224.143689829804,5,4.0,0
Male,28.0,472.852619954505,4,2.0,0
Female,29.0,324.554386399682,2,3.0,0
Male,31.0,393.756214173577,3,4.0,0
Female,23.0,282.517184179575,1,5.0,0
Male,42.0,651.75471186674,1,4.0,0
Male,34.0,42.26068393377,2,4.0,1
Female,32.0,238.508555495296,3,5.0,0
Female,24.0,572.64498603783,4,3.0,0
Male,23.0,501.092881352023,3,5.0,0
Female,54.0,821.049829109715,1,4.0,0
Male,29.0,253.058466559826,2,2.0,0
Male,41.0,893.224628193397,1,4.0,0
Female,37.0,899.7278234754,3,3.0,0
Male,7.0,514.665478079184,0,4.0,0
Female,53.0,603.292978883742,1,2.0,0
Female,42.0,713.807946312043,1,5.0,0
Male,27.0,593.118079367757,0,4.0,0
Male,35.0,1106.60563333439,5,4.0,1
Female,24.0,724.949714383028,0,5.0,0
Female,53.0,972.094411306226,1,1.0,1
Male,26.0,667.864783060812,0,4.0,0
Male,30.0,501.092881352023,1,4.0,0
Male,28.0,7.53185050336487,1,4.0,1
Female,36.0,486.312732913435,2,5.0,0
Female,49.0,106.096872131292,2,3.0,1
Female,31.0,807.912161303992,3,4.0,0
Female,39.0,946.712597752067,0,5.0,0
Female,36.0,262.669032949475,1,3.0,0
Female,25.0,668.40486543577,1,4.0,0
Male,59.0,1032.19846709299,2,3.0,0
Female,49.0,749.118793199378,5,3.0,0
Female,37.0,556.850665754028,2,4.0,0
Male,47.0,336.596461827232,1,4.0,0
Male,36.0,358.148249839351,2,4.0,0
Female,38.0,1101.18855063177,0,4.0,0
Male,50.0,53.2138315222102,4,3.0,1
Male,26.0,533.459932302761,4,3.0,0
Female,52.0,902.183622190624,3,5.0,0
Male,33.0,790.816159163284,2,3.0,0
Male,35.0,425.592532297742,3,1.0,0
Female,38.0,575.652158505815,5,4.0,1
Male,35.0,505.137738236807,2,4.0,0
Female,30.0,569.542470391226,6,3.0,0
Female,32.0,544.537096425228,1,3.0,0
Female,49.0,473.92955710065,0,5.0,0
Female,12.0,419.898437622021,2,4.0,0
Female,23.0,392.45219004741,4,4.0,0
Male,28.0,475.142971187401,4,4.0,0
Male,24.0,571.264338564872,1,5.0,0
Male,95.0,6010.20845712907,2,5.0,0
Male,48.0,434.89809000573,3,2.0,0
Male,41.0,581.373361627818,1,2.0,1
Male,29.0,541.14217520051,3,4.0,0
Female,48.0,501.092881352023,2,1.0,1
Female,19.0,1218.35679717078,2,4.0,0
Male,56.0,352.123476388676,2,3.0,0
Female,28.0,177.481944871713,1,5.0,0
Male,32.0,349.412920189444,1,3.0,0
Male,31.0,501.092881352023,0,4.0,0
Female,24.0,297.712324954656,3,5.0,0
Male,54.0,807.565437651378,2,4.0,0
Male,43.0,846.333482943768,1,2.0,1
Male,47.0,870.000562823273,1,3.0,0
Female,37.0,620.365486778493,2,3.0,0
Male,40.0,648.938407238892,2,5.0,0
Female,38.0,268.343267747406,4,3.0,0
Female,23.0,377.590850944899,4,4.0,0
Female,46.0,240.806374089061,3,4.0,0
Female,36.0,324.577525263871,3,4.0,0
Male,25.0,625.703518193974,2,4.0,0
Male,16.0,109.386599713932,4,5.0,1
Female,41.0,620.068806006462,1,2.0,0
Female,60.0,451.211932834135,1,5.0,0
Female,25.0,670.606960538213,4,3.0,0
Female,37.0,641.837063285892,3,5.0,0
Male,46.0,324.327166451499,2,4.0,0
Male,22.0,570.225493641946,3,4.0,0
Female,30.0,433.904127952487,1,5.0,0
Female,26.0,694.018690908061,1,3.0,0
Male,45.0,586.092004386158,2,2.0,1
Male,48.0,501.092881352023,2,2.0,1
Male,37.0,556.094441970114,0,4.0,0
Female,27.0,410.026562850772,2,4.0,0
Female,31.0,206.015349528447,0,5.0,0
Female,25.0,925.525436523474,1,3.0,0
Male,34.0,402.609775352752,3,4.0,0
Male,41.0,563.946085495468,3,4.0,0
Female,40.0,833.981878647986,1,3.0,0
Male,35.0,501.092881352023,0,5.0,0
Male,36.0,570.928799816166,5,5.0,1
Male,22.0,404.730470659407,2,4.0,0
Female,37.0,123.538399322815,0,4.0,1
Male,29.0,360.309299038881,2,4.0,0
Female,29.0,518.044490969005,1,4.0,0
Male,37.0,935.313111621275,3,5.0,0
Female,43.0,585.130494144725,2,3.0,0
Female,25.0,370.235825096229,1,3.0,0
Male,36.0,179.576936406592,1,4.0,0
Female,17.0,460.48209981353,1,5.0,0
Female,50.0,80.7243907047397,2,3.0,1
Male,21.0,838.030625909243,3,3.0,0
Male,30.0,520.779463373256,2,5.0,0
Female,33.0,239.224533422244,2,2.0,1
Male,23.0,695.735223797395,1,5.0,0
Male,42.0,458.963413915553,0,1.0,0
Female,42.0,501.092881352023,1,2.0,0
Female,29.0,652.133563116163,1,2.0,1
Female,30.0,740.166698122013,2,4.0,0
Male,31.0,879.735613680876,7,5.0,1
Female,33.0,1005.09269797817,3,3.0,0
Male,16.0,177.77118103489,2,3.0,1
Male,33.0,501.092881352023,2,4.0,0
Female,53.0,565.033310667479,5,5.0,0
Male,26.0,755.048575759221,2,4.0,0
Male,29.0,307.004004527573,3,4.0,0
Female,41.0,154.352432370684,1,3.0,0
Female,47.0,570.867333678773,2,3.0,0
Female,23.0,408.850999723939,3,4.0,0
Male,40.0,407.341626640161,2,5.0,0
Male,49.0,501.092881352023,1,2.0,1
Female,40.0,392.412241509493,4,1.0,1
Female,40.0,821.048722051553,1,4.0,0
Female,30.0,284.055203489797,1,3.0,0
Female,37.0,622.353199528343,1,3.0,0
Male,47.0,155.443581720699,1,4.0,0
Male,38.0,1121.40168355871,5,4.0,0
Female,23.0,872.507137759089,1,5.0,0
Male,30.0,427.208191166202,4,4.0,0
Male,47.0,115.964865792647,1,3.0,0
Female,38.0,637.700236720847,1,4.0,0
Female,36.0,12.8554620439826,0,4.0,1
Male,29.0,744.112395292284,5,5.0,1
Female,47.0,360.127766731332,3,3.0,0
Female,52.0,537.688396018596,0,4.0,0
Female,48.0,412.849109742403,1,4.0,0
Male,31.0,548.459634433595,0,4.0,0
Male,30.0,672.622969687462,0,2.0,1
Male,33.0,657.021509665358,2,4.0,0
Female,49.0,564.999067966426,1,5.0,0
Female,47.0,419.20426668985,2,4.0,0
Female,40.0,501.40336270783,0,2.0,0
Female,21.0,429.026222384265,3,2.0,1
Female,18.0,247.688497271282,3,5.0,0
Male,37.0,23.1818575973701,1,1.0,0
Male,44.0,808.404714455593,3,1.0,1
Male,54.0,391.951296051732,2,3.0,0
Male,24.0,649.545586424302,2,2.0,0
Female,23.0,243.867792981488,2,5.0,0
Male,28.0,375.126974406618,4,4.0,0
Female,28.0,879.758739420431,1,2.0,0
Male,40.0,138.801243436517,3,3.0,1
Male,31.0,616.111491291963,6,1.0,1
Male,20.0,662.564600376335,0,4.0,0
Female,44.0,395.603470907633,2,3.0,0
Male,17.0,278.484885160117,4,3.0,0
Female,24.0,867.820861990777,3,2.0,0
Female,19.0,347.966339183074,5,4.0,0
Male,37.0,113.057493087277,1,1.0,1
Male,37.0,289.435635542457,2,2.0,0
Female,44.0,488.068235723832,4,4.0,0
Male,49.0,326.590579013331,2,3.0,0
Male,38.0,39.34730514996,3,1.0,1
Male,25.0,556.242578705728,2,2.0,1
Male,41.0,710.65914064707,0,4.0,0
Male,42.0,113.917366843704,1,4.0,0
Male,30.0,756.64950824634,1,4.0,0
Female,40.0,232.84804330433,5,2.0,1
Female,26.0,245.696348951618,1,5.0,0
Male,25.0,522.039422359952,2,4.0,0
Male,35.0,12.2276783231416,2,4.0,0
Female,23.0,197.342676007311,1,3.0,1
Male,31.0,634.592810627902,2,5.0,0
Male,44.0,926.8624260579,1,5.0,0
Male,25.0,101.75325632861,1,3.0,1
Male,30.0,814.56472052116,1,5.0,0
Female,36.0,173.191920296384,0,4.0,1
Male,37.0,41.3932980100325,5,2.0,0
Female,30.0,420.66389287862,3,4.0,0
Male,43.0,424.964926666495,0,1.0,1
Female,41.0,684.504381383019,2,5.0,0
Female,46.0,576.032035844389,0,4.0,0
Male,34.0,242.679423667868,1,5.0,0
Female,30.0,331.537715613523,3,3.0,0
Male,28.0,493.058708492734,0,2.0,0
Female,38.0,333.229613455333,1,4.0,0
Male,31.0,272.288476971092,2,4.0,0
Female,29.0,458.208126044298,1,5.0,0
Female,31.0,418.519179593087,1,5.0,0
Male,28.0,589.488806212809,1,3.0,0
Female,37.0,491.193655515139,2,3.0,0
Female,21.0,340.353575070277,5,5.0,0
Male,38.0,694.926798997298,1,3.0,0
Male,42.0,215.240546351976,1,4.0,0
Female,29.0,806.684866683072,2,3.0,0
Male,54.0,238.531032166664,2,4.0,0
Female,35.0,313.781160193013,2,1.0,1
Male,19.0,26.6554684808709,3,3.0,0
Female,32.0,839.964374041247,2,4.0,0
Female,36.0,674.761147239247,1,5.0,0
Male,39.0,291.288086802274,3,3.0,0
Female,32.0,724.68768629597,1,4.0,0
Male,25.0,363.189249236028,2,5.0,0
Male,24.0,456.806696606852,3,4.0,0
Male,28.0,380.969420074748,1,2.0,1
Female,29.0,453.982267855134,1,4.0,0
Male,24.0,38.558833066395,3,4.0,0
Male,28.0,512.419030399317,3,2.0,1
Female,42.0,91.0734607697428,5,2.0,1
Male,51.0,501.092881352023,2,3.0,0
Male,43.0,502.138113319032,2,4.0,0
Male,48.0,1019.97766136797,5,4.0,1
Male,45.0,300.146611838479,1,3.0,0
Female,43.0,703.841586182102,3,3.0,0
Male,32.0,687.961628293279,3,4.0,0
Male,36.0,171.512544206556,1,3.0,0
Female,31.0,1113.83721688198,1,4.0,0
Male,33.0,1274.65330027768,1,2.0,1
Male,36.0,819.189132533534,2,4.0,0
Male,42.0,742.407415738661,4,2.0,0
Female,39.0,370.372126271513,1,3.0,0
Male,33.0,648.106195129235,1,2.0,0
Male,36.0,377.672465698797,3,3.0,0
Female,39.0,847.295782030302,0,2.0,0
Male,42.0,478.297487958952,1,3.0,0
Male,20.0,843.779175464606,1,3.0,0
Female,24.0,763.766977460372,1,3.0,0
Female,46.0,347.018526159401,6,4.0,0
Male,34.0,295.72073080928,0,5.0,0
Female,31.0,920.78723780406,5,4.0,0
Male,32.0,87.4204564475124,4,3.0,1
Female,32.0,470.655184126801,1,4.0,0
Female,41.0,563.663365305284,3,3.0,0
Female,24.0,344.344290023983,0,3.0,0
Male,35.0,592.335440834151,1,4.0,0
Male,37.0,501.092881352023,4,4.0,0
Male,39.0,568.884973806208,0,2.0,1
Female,37.0,70.0101658050702,2,4.0,1
Female,29.0,438.304962801916,1,5.0,0
Female,26.0,923.235811499565,2,4.0,0
Female,60.0,702.057172448988,1,4.0,0
Male,32.0,315.558890675449,4,4.0,0
Male,33.0,10.6087903938374,2,1.0,1
Female,42.0,140.910833870523,1,2.0,1
Male,51.0,50.4244902987567,2,3.0,0
Female,30.0,182.687604053036,1,5.0,1
Male,25.0,788.349434861639,0,4.0,0
Male,23.0,714.997754293955,3,1.0,0
Male,51.0,648.039692712491,1,5.0,0
Male,25.0,114.910566884993,2,4.0,0
Female,35.0,880.149972741704,2,4.0,0
Female,25.0,920.440767508318,2,3.0,0
Female,32.0,501.324964893086,0,3.0,0
Male,26.0,1273.40163425906,3,2.0,0
Male,28.0,80.6906854111958,3,4.0,0
Male,39.0,688.863318949742,1,4.0,0
Female,44.0,346.972464418362,3,3.0,0
Male,43.0,1035.2561225688,0,3.0,0
Male,34.0,225.423853405994,1,4.0,0
Male,31.0,992.899070926758,5,2.0,0
Female,37.0,141.051368617537,1,4.0,0
Female,37.0,847.615052253738,2,4.0,0
Female,29.0,405.372512306454,4,2.0,0
Male,36.0,135.835007379941,4,1.0,0
Male,28.0,1214.64518565336,1,4.0,0
Male,33.0,374.819185297382,3,4.0,0
Female,32.0,583.259316135595,2,4.0,0
Female,22.0,938.262266632735,1,4.0,0
Female,11.0,480.970123522125,2,4.0,0
Male,26.0,529.868073185553,1,4.0,0
Male,53.0,976.719759708542,2,5.0,0
Female,32.0,610.811629454925,5,1.0,0
Male,43.0,398.542326152804,4,4.0,0
Male,21.0,460.509448382792,1,4.0,0
Female,33.0,524.140026602873,2,5.0,0
Female,59.0,444.434177778003,2,5.0,0
Male,40.0,733.656410424031,1,4.0,0
Female,52.0,984.530916085544,4,2.0,1
Female,32.0,90.4116847221037,6,5.0,0
Male,49.0,400.931990321508,1,4.0,0
Female,56.0,568.354670930486,1,4.0,0
Female,34.0,648.601107464902,0,4.0,0
Female,30.0,486.902985094963,3,3.0,0
Male,22.0,484.330785859949,3,5.0,0
Male,32.0,501.092881352023,0,1.0,1
Female,36.0,477.775387979745,4,4.0,0
Male,55.0,329.263907237735,2,4.0,0
Female,22.0,885.26653954772,2,3.0,0
Male,36.0,394.976449598757,2,3.0,0
Female,17.0,640.034436015312,0,3.0,0
Male,38.0,785.020123952078,8,3.0,0
Male,40.0,434.660032463632,1,1.0,1
Male,41.0,498.830479058679,4,5.0,0
Male,39.0,33.9546766027176,1,3.0,1
Male,41.0,360.537620050718,1,3.0,0
Male,35.0,501.092881352023,2,4.0,0
Female,25.0,1076.90302794032,1,4.0,0
Male,16.0,501.092881352023,1,3.0,0
Male,30.0,434.740857666025,0,5.0,0
Female,34.0,424.917890885808,1,5.0,0
Female,48.0,50.528980877092,2,4.0,0
Male,34.0,912.924044596566,3,5.0,0
Female,33.0,443.639684192011,3,4.0,0
Male,39.0,548.033583300162,4,3.0,0
Male,32.0,394.836738580901,2,3.0,0
Male,43.0,601.871152876182,1,4.0,0
Female,55.0,336.468545041094,4,4.0,0
Male,57.0,561.139556890489,1,2.0,1
Male,36.0,363.92256833577,2,3.0,0
Male,38.0,501.092881352023,3,1.0,0
Male,51.0,253.503795953071,4,3.0,0
Female,34.0,255.213675676657,2,3.0,0
Male,42.0,854.952822729097,0,3.0,0
Male,32.0,74.1921442104379,2,2.0,0
Female,47.0,275.020137633238,1,4.0,0
Female,28.0,140.854601779675,4,3.0,1
Female,34.0,799.914346311895,2,3.0,0
Female,19.0,501.092881352023,4,3.0,0
Male,55.0,321.877975435376,1,2.0,1
Female,48.0,130.289460393633,4,4.0,0
Female,37.0,570.43475369723,3,4.0,0
Female,39.0,501.092881352023,3,4.0,0
Male,49.0,972.296043459627,1,2.0,0
Female,30.0,233.306160475729,2,4.0,0
Female,42.0,296.751813509122,2,3.0,0
Male,46.0,977.671117652298,1,4.0,0
Male,47.0,501.092881352023,3,3.0,0
Female,12.0,369.408154589936,4,5.0,0
Female,29.0,570.83544678547,2,3.0,0
Female,25.0,524.119719341514,4,3.0,0
Female,36.0,699.886649654515,4,4.0,0
Male,15.0,202.033697175727,0,5.0,0
Male,15.0,441.782653684331,2,3.0,0
Male,57.0,61.1956845503527,2,4.0,1
Male,41.0,559.38165295668,1,1.0,1
Male,36.0,474.503193164762,0,3.0,0
Male,39.0,468.915532369823,2,4.0,0
Female,36.0,501.092881352023,4,1.0,0
Female,45.0,588.142368220109,1,4.0,0
Male,29.0,714.10745411625,2,4.0,0
Male,37.0,355.075386494793,1,3.0,0
Male,48.0,786.504603339587,1,3.0,0
Male,31.0,150.044976928083,4,3.0,0
Male,45.0,821.969267009177,2,4.0,0
Female,36.0,656.209657599111,1,3.0,0
Male,51.0,1039.14631450349,2,2.0,0
Male,25.0,140.75991876834,0,4.0,0
Male,24.0,619.882771604371,3,3.0,0
Female,26.0,590.637496396888,3,3.0,0
Female,36.0,1111.60216215998,2,2.0,0
Male,50.0,564.967863862471,0,3.0,0
Female,51.0,501.092881352023,4,3.0,0
Male,12.0,869.394044622021,0,5.0,0
Male,3.0,273.461210262232,4,3.0,0
Female,43.0,337.641568391192,2,5.0,0
Male,46.0,590.083000572847,2,5.0,0
Male,35.0,839.412584721703,3,4.0,0
Male,36.0,42.8688066039936,3,3.0,1
Male,36.0,367.984187287141,2,4.0,0
Female,27.0,1145.46857570479,1,4.0,0
Male,39.0,130.289056702641,2,3.0,1
Male,33.0,237.350174469398,2,5.0,0
Female,44.0,560.128755911151,1,5.0,0
Female,34.0,340.970355034365,0,4.0,0
Female,26.0,807.638911212579,4,4.0,0
Female,20.0,1195.88623260299,1,2.0,1
Male,16.0,563.677725216817,1,3.0,0
Female,48.0,1026.09059372408,1,5.0,0
Female,30.0,125.349743673157,0,4.0,0
Male,38.0,710.435153841637,4,3.0,0
Male,53.0,93.9546182051454,4,5.0,1
Male,29.0,370.564482981107,3,2.0,0
Male,29.0,790.826143020654,0,5.0,0
Female,34.0,252.125942482143,2,3.0,0
Female,35.0,956.342941502287,2,4.0,0
Male,54.0,667.96514316594,3,3.0,0
Male,41.0,970.08298827677,3,2.0,0
Male,49.0,359.576760408072,1,2.0,1
Male,33.0,423.29256229098,3,5.0,0
Male,38.0,446.676872127259,6,4.0,0
Female,32.0,117.669858867785,1,2.0,1
Male,22.0,485.573826629649,4,4.0,0
Male,47.0,593.601996130052,0,5.0,0
Female,40.0,37.3291065912709,3,4.0,0
Female,35.0,456.558310263914,1,5.0,0
Male,35.0,730.453459302538,3,4.0,0
Male,20.0,600.165920387744,1,4.0,0
Male,25.0,322.5715607391,0,4.0,0
Female,38.0,1025.36136273608,2,3.0,0
Male,30.0,1190.33502313237,2,2.0,0
Female,33.0,642.772724303631,2,3.0,0
Male,34.0,649.55152732379,0,4.0,0
Male,28.0,501.092881352023,1,4.0,0
Male,25.0,536.397219472679,3,4.0,0
Male,19.0,542.391361512592,3,4.0,0
Male,34.0,409.87708249839,0,3.0,0
Male,41.0,501.092881352023,4,4.0,0
Female,19.0,501.092881352023,4,4.0,0
Female,35.0,240.539294921321,3,4.0,0
Male,38.0,335.623951479268,1,4.0,0
Male,25.0,219.04821953145,0,5.0,0
Male,49.0,501.092881352023,0,3.0,0
Female,34.0,731.418559093207,1,4.0,0
Female,33.0,298.292197607208,1,2.0,0
Female,17.0,311.148292234888,0,4.0,0
Male,45.0,229.245877035667,0,5.0,0
Male,25.0,501.092881352023,0,3.0,0
Male,33.0,440.731975738547,0,3.0,0
Male,41.0,1041.97346064971,2,3.0,0
Male,50.0,451.227278157371,1,3.0,0
Female,31.0,211.125639015639,0,3.0,0
Male,49.0,934.007290092129,4,5.0,0
Female,42.0,236.761558327671,1,3.0,0
Female,24.0,679.6806312893,1,5.0,0
Female,31.0,578.526487316072,3,5.0,0
Male,33.0,1018.03192981664,0,2.0,1
Male,26.0,468.598772815952,4,3.0,0
Male,18.0,850.81641988986,2,4.0,0
Male,30.0,665.513575042748,3,4.0,0
Female,49.0,257.625734642818,3,3.0,0
Male,36.0,106.220723405859,6,3.0,0
Male,49.0,279.356547050721,0,4.0,0
Female,37.0,839.847485541284,1,3.0,0
Female,27.0,768.405043082394,1,2.0,0
Female,48.0,275.150223326733,4,4.0,0
Female,37.0,139.587976605796,3,4.0,1
Male,45.0,585.310920669233,2,3.0,0
Male,24.0,501.092881352023,3,2.0,1
Male,45.0,580.837079653803,2,3.0,0
Female,46.0,428.528517976953,1,2.0,1
Male,38.0,323.39445615553,2,3.0,0
Male,27.0,108.381109764376,2,3.0,1
Male,41.0,88.6775788947898,0,2.0,1
Female,37.0,169.091875755093,4,5.0,0
Male,41.0,532.6337780448,2,4.0,0
Male,45.0,810.12077594877,2,3.0,0
Female,29.0,603.132363912541,4,1.0,0
Female,23.0,300.917920521532,0,4.0,0
Male,32.0,677.502381327084,1,5.0,0
Male,43.0,800.134093368898,3,5.0,0
Male,24.0,350.434380434593,3,3.0,0
Female,45.0,359.649070686736,0,3.0,0
Male,49.0,588.980720684608,0,4.0,0
Male,35.0,483.980426048788,5,5.0,1
Male,36.0,1052.5741607995,1,5.0,0
Female,27.0,241.015546415087,1,4.0,0
Male,30.0,430.571668897459,0,4.0,0
Male,49.0,95.8100220750055,2,4.0,0
Female,34.0,867.231955062745,4,5.0,0
Female,22.0,18.386380081899,2,3.0,1
Female,38.0,261.719223507731,2,4.0,0
Female,43.0,783.900599034816,1,5.0,0
Male,35.0,407.594807918153,2,5.0,0
Female,50.0,371.333739303784,2,4.0,0
Female,43.0,506.106613312942,1,3.0,0
Male,25.0,498.41834040388,0,5.0,0
Male,29.0,86.5373213128634,2,2.0,1
Male,37.0,530.936347408632,3,3.0,0
Female,18.0,691.319547865234,2,4.0,0
Male,38.0,751.860926771351,5,3.0,0
Female,17.0,464.076734927489,5,5.0,0
Male,45.0,431.620565095462,3,3.0,0
Female,44.0,501.092881352023,2,3.0,0
Male,28.0,357.088512691753,0,5.0,0
Female,37.0,311.447135109444,2,2.0,1
Female,30.0,969.967191227097,1,4.0,0
Male,25.0,351.538083456934,4,3.0,0
Male,32.0,532.713419596468,4,5.0,0
Male,42.0,348.983949029483,1,4.0,0
Female,35.0,659.7064975844,1,4.0,0
Female,50.0,634.585760266525,2,4.0,0
Female,43.0,422.906629124158,2,1.0,1
Female,42.0,382.892524217308,1,4.0,0
Female,19.0,1083.28651949906,1,4.0,0
Male,32.0,515.412877691947,2,5.0,0
Male,24.0,410.131840448088,2,5.0,0
Female,33.0,245.962378344532,0,5.0,0
Male,28.0,503.116178842801,3,1.0,0
Male,31.0,53.9904580615649,3,5.0,1
Male,46.0,437.477158840855,1,1.0,0
Male,40.0,206.249669683179,1,5.0,0
Female,19.0,597.110077760152,1,5.0,0
Female,36.0,333.887749450502,4,3.0,0
Female,50.0,725.016543236267,1,4.0,0
Female,20.0,723.909579478079,2,5.0,0
Female,33.0,133.156114759602,5,4.0,1
Male,26.0,682.066184238123,1,4.0,0
Male,20.0,501.092881352023,0,4.0,0
Female,26.0,669.724054965141,2,4.0,0
Female,18.0,492.896519375137,3,4.0,0
Male,36.0,60.2339091465863,3,5.0,1
Female,44.0,52.4906598254256,0,4.0,0
Male,38.0,501.092881352023,4,4.0,0
Male,43.0,744.104884353038,1,5.0,0
Male,35.0,411.106353608335,2,4.0,0
Male,19.0,198.538475514552,1,4.0,0
Female,34.0,864.943659498935,1,4.0,0
Female,33.0,381.223144196373,2,5.0,0
Male,30.0,331.664797004898,3,3.0,0
Male,36.0,522.820723759782,3,5.0,0
Male,40.0,317.018259640519,3,3.0,0
Male,59.0,140.782198988931,1,5.0,1
Male,36.0,434.805465940403,1,4.0,0
Female,50.0,70.7475447460741,3,4.0,1
Male,39.0,620.772816013651,3,4.0,0
Male,34.0,304.792451130465,2,4.0,0
Male,36.0,289.554371370467,1,3.0,0
Male,23.0,803.170304217539,1,2.0,0
Female,38.0,632.093290572323,3,4.0,0
Male,15.0,501.092881352023,4,1.0,1
Female,26.0,511.562308328359,0,4.0,0
Female,36.0,567.221090772323,2,3.0,0
Male,47.0,609.387646429457,0,4.0,0
Female,33.0,472.955609756731,0,3.0,0
Male,37.0,602.53224106919,3,5.0,0
Male,45.0,501.092881352023,4,5.0,0
Male,22.0,417.331463045688,3,4.0,0
Female,39.0,794.425825543397,1,3.0,0
Female,27.0,391.038807514738,1,5.0,0
Female,33.0,501.092881352023,0,4.0,0
Male,30.0,13.2010382330994,0,3.0,1
Male,39.0,547.170156281414,2,2.0,1
Female,41.0,755.929642432538,0,5.0,0
Male,44.0,474.462135365456,2,4.0,0
Male,38.0,684.132383915378,1,4.0,0
Female,37.0,218.580935384603,1,5.0,0
Male,54.0,182.567653475155,2,4.0,1
Female,20.0,537.670588176442,6,3.0,0
Female,52.0,329.56299293308,4,4.0,0
Female,32.0,1085.10300228074,5,1.0,0
Male,28.0,251.788260788586,1,4.0,0
Male,40.0,68.4769608337262,0,4.0,1
Female,45.0,187.575079012805,1,4.0,1
Female,71.0,588.029753964471,0,1.0,0
Female,47.0,482.882649501392,2,3.0,0
Male,44.0,328.160504288409,1,4.0,0
Female,31.0,387.606721384048,2,3.0,0
Male,29.0,447.429513186609,2,5.0,0
Male,32.0,676.610478321004,2,3.0,0
Female,46.0,494.450285005605,0,4.0,0
Male,25.0,648.325589980049,1,5.0,0
Male,24.0,55.5824514945465,2,3.0,1
Female,40.0,365.514933697502,1,1.0,0
Female,38.0,331.325154440706,3,1.0,0
Female,27.0,516.041540483957,4,1.0,1
Female,24.0,663.768062023447,2,4.0,0
Female,49.0,128.870269675638,4,5.0,0
Male,39.0,433.246960278087,6,1.0,0
Female,21.0,438.200154087795,1,5.0,0
Male,22.0,147.317070721093,0,5.0,0
Female,31.0,28.1844201265838,2,3.0,1
Male,42.0,670.89415643171,1,1.0,0
Female,41.0,800.95179492106,0,4.0,0
Male,46.0,496.455788266975,5,4.0,1
Female,20.0,790.990596158096,0,4.0,0
Female,37.0,1202.56173615479,3,3.0,0
Female,49.0,457.439159149668,3,5.0,0
Male,48.0,312.396973646607,2,3.0,0
Male,39.0,525.206657380092,2,3.0,0
Female,58.0,603.968607331902,2,4.0,0
Female,41.0,521.355521078471,5,5.0,0
Female,45.0,420.928640277035,1,5.0,0
Male,35.0,514.806206206878,1,3.0,0
Female,27.0,585.303909637706,5,3.0,0
Female,26.0,486.101092911659,1,4.0,0
Female,37.0,501.092881352023,0,4.0,0
Female,33.0,501.092881352023,2,3.0,0
Female,17.0,262.452503738615,1,4.0,0
Female,25.0,318.43876827135,2,5.0,0
Male,32.0,266.126581727459,4,2.0,0
Female,42.0,501.092881352023,1,5.0,0
Male,35.0,491.3609668052,4,3.0,0
Male,34.0,615.429176874635,0,3.0,0
Male,25.0,289.545124529573,1,4.0,0
Male,35.0,333.545061202149,3,4.0,0
Female,48.0,480.691796842438,1,3.0,0
Female,20.0,693.984599894296,0,3.0,0
Female,22.0,623.273973986746,4,5.0,0
Female,41.0,322.499256560245,0,4.0,0
Male,33.0,565.946576650582,4,1.0,1
Male,34.0,501.092881352023,1,4.0,0
Male,40.0,105.706307844783,2,2.0,1
Male,32.0,694.738873758578,1,4.0,0
Female,33.0,536.578692745289,1,4.0,0
Male,26.0,348.359996466796,1,3.0,0
Female,44.0,1056.7394107448,1,4.0,0
Female,33.0,131.097020580411,3,2.0,1
Female,41.0,469.349861612147,2,5.0,0
Male,23.0,703.627628073029,1,4.0,0
Male,52.0,898.253673291869,0,3.0,0
Female,48.0,879.940935668021,1,4.0,0
Female,27.0,1362.49049354015,4,4.0,0
Male,40.0,880.058112206888,0,4.0,0
Female,22.0,290.559062130741,2,4.0,0
Male,34.0,1034.9443323953,3,5.0,0
Female,33.0,74.2695016233199,2,3.0,1
Female,40.0,648.017095510409,2,3.0,0
Male,28.0,423.548049106523,4,3.0,0
Female,13.0,511.764568446365,1,4.0,0
Male,45.0,323.472230005402,5,4.0,0
Male,60.0,596.098636343616,2,4.0,0
Male,43.0,63.7361690285918,2,4.0,1
Male,15.0,644.013958268336,5,4.0,0
Male,53.0,1108.37443366904,7,1.0,1
Female,40.0,673.673732300572,2,4.0,0
Male,25.0,314.578521664024,2,4.0,0
Male,43.0,903.506144699623,3,3.0,0
Female,29.0,31.2955257914565,3,4.0,1
Male,38.0,214.036398904051,3,3.0,0
Male,37.0,332.612096330772,3,4.0,0
Male,52.0,905.314035932679,3,5.0,0
Female,53.0,545.93311599006,6,5.0,0
Female,29.0,134.663783542518,1,5.0,1
Male,46.0,288.572791798303,0,5.0,0
Female,39.0,670.161418654161,1,1.0,1
Male,21.0,858.419257615237,3,5.0,0
Male,28.0,1076.1175800461,2,3.0,0
Male,58.0,881.446697303629,2,3.0,0
Female,39.0,608.655677314085,4,4.0,0
Female,45.0,836.146983502249,2,4.0,0
Female,33.0,634.111996400783,2,2.0,0
Male,30.0,441.267804934484,1,5.0,0
Male,35.0,391.536995688352,4,4.0,0
Female,32.0,524.613957345379,0,3.0,0
Male,20.0,227.399567442183,4,4.0,0
Female,42.0,612.329446331788,2,3.0,0
Female,31.0,321.549787834943,3,4.0,0
Male,35.0,207.979119694823,3,4.0,0
Female,37.0,501.092881352023,3,4.0,0
Female,38.0,560.043302025419,0,3.0,0
Female,46.0,360.63410319894,1,5.0,0
Male,24.0,578.555451790252,2,5.0,0
Male,41.0,502.670871669214,3,2.0,1
Male,43.0,314.735442216436,3,4.0,0
Male,45.0,1086.52153939912,1,4.0,0
Female,21.0,263.566872231948,1,4.0,0
Male,38.0,252.572264450815,3,3.0,0
Male,52.0,51.4509356739271,0,4.0,1
Female,34.0,270.098804887841,1,3.0,0
Male,40.0,372.749444735915,1,4.0,0
Male,43.0,252.75572875878,0,3.0,0
Male,25.0,385.711408089754,2,4.0,0
Male,53.0,556.777006833435,3,4.0,0
Male,40.0,563.29183944867,4,4.0,0
Male,40.0,298.187598381966,2,5.0,0
Female,18.0,489.155741984204,1,4.0,0
Female,43.0,665.750479931027,2,3.0,0
Male,40.0,1022.82177760234,0,4.0,0
Male,51.0,148.629085040949,2,1.0,1
Male,32.0,660.342024802696,1,4.0,0
Male,25.0,643.568270067058,3,5.0,0
Male,28.0,16.3272855638169,3,3.0,0
Male,30.0,52.9007738189125,5,4.0,1
Female,24.0,648.880575879299,3,4.0,0
Female,48.0,233.891957703992,0,3.0,0
Female,48.0,452.782791155294,1,2.0,1
Female,33.0,519.848681955085,1,4.0,0
Male,31.0,977.245824128929,6,2.0,1
Female,52.0,501.982709717804,4,3.0,0
Female,29.0,916.574026158867,2,4.0,0
Female,34.0,31.3978728896636,3,4.0,1
Male,39.0,682.897614027236,1,2.0,0
Male,52.0,164.48267933577,1,4.0,0
Male,37.0,444.813059088722,1,4.0,0
Male,37.0,759.001532313787,7,3.0,1
Male,37.0,472.910705456281,0,4.0,0
Female,21.0,482.114378292907,1,4.0,0
Female,21.0,389.034672873731,1,5.0,0
Female,27.0,347.242341556361,3,4.0,0
Female,45.0,560.453688285034,1,4.0,0
Male,32.0,544.091240383726,1,3.0,0
Male,30.0,860.645095996945,3,5.0,0
Female,34.0,306.198450318194,2,5.0,0
Male,52.0,501.092881352023,0,1.0,0
Male,33.0,916.032936215644,1,1.0,0
Male,27.0,501.092881352023,1,4.0,0
Male,35.0,134.467429282962,1,3.0,0
Female,53.0,907.504800113956,1,4.0,0
Male,30.0,816.465982137201,4,3.0,0
Female,23.0,575.660884300537,3,3.0,0
Female,30.0,291.802656609781,3,3.0,0
Male,36.0,54.9579216339286,2,4.0,0
Male,42.0,950.174002082934,1,4.0,0
Male,45.0,720.613387809215,3,4.0,0
Female,25.0,594.542336739645,2,5.0,0
Female,32.0,92.7239160118534,1,3.0,1
Female,42.0,96.4983978000858,1,4.0,1
Male,22.0,129.8018440657,0,3.0,1
Female,29.0,330.097362563831,3,4.0,0
Female,29.0,303.483374229835,2,3.0,0
Female,44.0,334.866336051445,1,4.0,0
Female,40.0,732.265247441507,1,2.0,1
Female,44.0,372.985610710024,2,2.0,1
Female,48.0,393.64811408177,3,2.0,0
Female,32.0,901.438549738482,1,3.0,0
Male,23.0,335.417542387986,1,4.0,0
Female,23.0,382.452292619686,2,4.0,0
Male,17.0,882.512521830748,0,4.0,0
Male,30.0,433.677029891232,3,4.0,0
Male,31.0,688.960727330079,3,3.0,0
Male,43.0,501.092881352023,0,4.0,0
Male,35.0,346.786114554551,4,5.0,0
Male,34.0,917.488507346463,1,5.0,0
Female,45.0,828.263915592813,0,4.0,0
Male,27.0,540.588917173376,1,3.0,0
Female,24.0,874.601944738691,1,3.0,0
Male,43.0,330.566884417969,1,3.0,0
Male,18.0,362.511612555847,1,5.0,0
Male,44.0,334.147718733367,4,5.0,0
Female,28.0,596.384580412773,4,3.0,0
Male,37.0,649.176111446601,2,3.0,0
Male,41.0,30.4028407978962,4,4.0,0
Male,39.0,501.092881352023,3,5.0,0
Female,35.0,579.610536053947,0,4.0,0
Female,31.0,174.240617233494,3,2.0,0
Male,39.0,808.758641151273,4,5.0,0
Female,34.0,608.489252647614,2,4.0,0
Female,53.0,169.256835053114,0,5.0,0
Male,41.0,669.514635422905,1,5.0,0
Female,26.0,386.764304281115,2,5.0,0
Female,30.0,392.30118520719,1,5.0,0
Male,35.0,501.092881352023,3,5.0,0
Male,48.0,379.307842980058,3,4.0,0
Male,49.0,845.381128278572,2,4.0,0
Male,31.0,593.161757034524,1,5.0,0
Male,26.0,501.092881352023,2,3.0,0
Male,24.0,684.530682324454,1,4.0,0
Female,38.0,248.112595948559,1,5.0,0
Female,58.0,366.120035926343,3,4.0,0
Female,40.0,162.022730651173,2,5.0,1
Male,19.0,93.1623435066492,4,4.0,1
Female,28.0,736.531134000828,3,5.0,0
Female,29.0,475.714151414826,2,2.0,1
Female,27.0,334.744741163511,2,4.0,0
Female,31.0,708.565100105739,0,4.0,0
Male,42.0,957.938787263159,3,3.0,0
Male,46.0,257.680873621646,1,4.0,0
Female,40.0,192.259068222139,2,3.0,1
Male,15.0,346.79490556701,3,1.0,0
Male,24.0,170.799520755452,1,5.0,0
Male,33.0,651.27013227768,1,3.0,0
Male,36.0,415.703042910734,2,5.0,0
Male,44.0,327.474391788662,2,3.0,0
Male,35.0,304.569554327305,4,1.0,1
Male,36.0,119.69610834026,2,5.0,1
Male,32.0,832.400987414138,1,4.0,0
Female,36.0,696.588345680185,3,3.0,0
Male,34.0,967.742568660439,4,4.0,0
Female,35.0,879.022354893653,6,3.0,0
Female,35.0,713.166821508452,4,4.0,0
Female,48.0,215.169425813435,1,5.0,0
Male,24.0,501.092881352023,3,4.0,0
Male,53.0,186.303305351873,0,3.0,0
Female,23.0,540.703174104398,0,5.0,0
Female,28.0,167.630475942397,0,5.0,0
Female,42.0,589.98998802371,2,5.0,0
Male,45.0,501.092881352023,2,2.0,1
Female,21.0,329.919761407243,3,1.0,1
Male,24.0,94.2617022084169,2,4.0,1
Female,38.0,440.81167074294,0,3.0,0
Male,58.0,1043.12681949577,1,4.0,0
Male,47.0,1076.29115289464,0,3.0,0
Male,33.0,589.578998625468,2,5.0,0
Female,36.0,1116.44526146217,1,2.0,0
Female,39.0,832.14045303143,2,2.0,1
Male,26.0,772.785546234301,2,4.0,0
Male,37.0,683.733349638752,1,3.0,0
Female,26.0,77.8300314567533,3,2.0,0
Male,54.0,370.790050576515,0,4.0,0
Female,50.0,501.092881352023,3,5.0,0
Female,42.0,501.092881352023,1,2.0,1
Male,36.0,432.205581724845,5,5.0,1
Female,35.0,404.984854852658,1,5.0,0
Female,51.0,446.83755162093,3,4.0,0
Male,44.0,195.063206235176,2,5.0,1
Female,44.0,702.355896445409,1,4.0,0
Male,40.0,348.349256673052,5,5.0,1
Male,39.0,705.164028768697,3,5.0,0
Female,40.0,557.629559575861,0,1.0,0
Male,44.0,721.646230646082,1,3.0,0
Male,37.0,432.544738489225,3,4.0,0
Female,32.0,612.163417415727,3,4.0,0
Female,30.0,476.569978965859,4,4.0,0
Female,28.0,177.514328243065,2,4.0,1
Female,19.0,124.890918029821,1,3.0,1
Female,26.0,754.892629540929,1,3.0,0
Male,26.0,774.245056830398,2,3.0,0
Female,30.0,710.394113386745,2,5.0,0
Female,51.0,790.103373497434,0,4.0,0
Male,33.0,826.733012159871,3,4.0,0
Male,37.0,543.958119930009,3,3.0,0
Male,38.0,735.601173543167,5,5.0,1
Male,51.0,71.233823585016,2,3.0,0
Male,29.0,87.4701237830691,3,1.0,1
Male,33.0,614.741602016766,2,4.0,0
Male,34.0,782.879611196485,2,5.0,0
Female,46.0,164.787705947927,3,4.0,1
Female,48.0,354.318170661974,2,4.0,0
Female,40.0,781.562379779334,0,1.0,1
Female,47.0,116.404074582466,3,5.0,1
Male,37.0,485.017382018394,3,1.0,0
Female,33.0,952.323669688312,2,3.0,0
Male,40.0,262.887541378899,1,4.0,0
Female,28.0,709.194593726189,2,3.0,0
Male,45.0,758.240579639119,4,2.0,0
Male,32.0,476.103617649257,1,3.0,0
Male,44.0,480.350761132951,2,5.0,0
Female,34.0,135.784759606082,4,4.0,1
Female,39.0,460.522656750279,1,3.0,0
Male,42.0,120.093477849106,3,4.0,1
Female,27.0,612.143201437574,3,4.0,0
Female,39.0,857.358506688847,3,4.0,0
Male,48.0,117.258125472915,6,5.0,1
Male,25.0,509.793831403128,2,5.0,0
Male,39.0,328.23840946542,1,4.0,0
Female,27.0,501.092881352023,0,3.0,0
Male,45.0,558.142681273094,2,4.0,0
Male,45.0,351.987449725241,2,5.0,0
Female,31.0,692.568597607793,1,2.0,0
Male,57.0,514.465332049545,1,4.0,0
Male,46.0,562.496117806364,3,2.0,1
Female,42.0,489.230696096669,2,5.0,0
Male,45.0,1063.21799175164,1,3.0,0
Male,25.0,813.619200330644,3,5.0,0
Male,37.0,187.885119469604,0,4.0,0
Female,39.0,501.092881352023,5,4.0,0
Female,31.0,430.33398086748,3,4.0,0
Male,40.0,373.588941178031,4,1.0,0
Male,47.0,501.092881352023,3,5.0,0
Male,31.0,189.211690130499,5,5.0,0
Female,34.0,623.646764817622,2,1.0,1
Male,27.0,704.540773352458,2,5.0,0
Female,17.0,418.946261093429,2,4.0,0
Male,43.0,560.271552007358,2,2.0,1
Male,35.0,456.108152785941,1,3.0,0
Female,35.0,409.576338332282,2,3.0,0
Female,25.0,387.719315222,3,5.0,0
Female,46.0,444.428282558816,0,3.0,0
Female,35.0,108.134361534689,1,2.0,1
Female,37.0,241.778094356146,2,4.0,0
Female,23.0,643.045078185222,1,5.0,0
Male,41.0,476.901091531122,4,4.0,0
Male,22.0,191.374866189363,3,4.0,0
Female,26.0,91.3228389661785,2,2.0,0
Male,33.0,403.175695982151,0,5.0,0
Male,31.0,776.140629397876,2,5.0,0
Male,35.0,673.883822193433,1,4.0,0
Female,26.0,635.984184432459,1,3.0,0
Female,45.0,21.3205449577831,3,4.0,1
Female,43.0,649.840874803027,2,1.0,0
Female,30.0,305.299155349445,1,5.0,0
Male,29.0,285.076893319303,0,3.0,0
Male,32.0,77.2574439699697,0,5.0,1
Female,21.0,349.009701677695,3,2.0,0
Female,25.0,774.796159403074,2,4.0,0
Female,44.0,770.125392009079,1,3.0,0
Female,38.0,449.126830252677,2,3.0,0
Male,32.0,442.937299817088,1,4.0,0
Female,31.0,201.932520574465,1,2.0,1
Male,31.0,501.092881352023,0,3.0,0
Male,32.0,558.216363365762,1,3.0,0
Male,28.0,1036.34158799065,2,4.0,0
Female,38.0,501.092881352023,1,4.0,0
Male,35.0,406.340982814035,3,2.0,1
Male,30.0,499.332373995578,2,3.0,0
Male,48.0,1083.26174838524,1,4.0,0
Male,54.0,687.789329454063,3,5.0,0
Female,47.0,830.118086697138,5,4.0,0
Female,41.0,418.107409203221,2,4.0,0
Female,43.0,576.398133516692,1,1.0,1
Female,54.0,798.890149274331,1,3.0,0
Male,43.0,529.942515738665,2,5.0,0
Male,29.0,675.843340544262,3,3.0,0
Male,39.0,391.951778913139,0,5.0,0
Male,41.0,894.753782990247,1,5.0,0
Male,25.0,50.7373710539883,2,4.0,0
Female,32.0,744.139933781709,6,4.0,0
Female,46.0,347.597923269775,2,4.0,0
Female,17.0,295.516686770189,1,4.0,0
Male,22.0,25.3469348466947,1,4.0,1
Female,33.0,181.954595085748,0,4.0,1
Male,39.0,939.166402167005,0,1.0,0
Male,21.0,271.050176992323,3,3.0,0
Female,47.0,593.51787776759,1,3.0,0
Male,36.0,114.116464061141,3,4.0,1
Female,44.0,383.313507113167,1,5.0,0
Female,27.0,578.899706106517,0,4.0,0
Female,43.0,740.295886421668,1,5.0,0
Male,39.0,735.123281230666,1,2.0,0
Male,23.0,155.474750400622,2,3.0,0
Female,27.0,891.888173370258,3,4.0,0
Female,51.0,932.440859151716,2,2.0,1
Female,26.0,685.214681194657,1,5.0,0
Female,44.0,774.145145237791,2,5.0,0
Male,30.0,897.939480675292,1,5.0,0
Male,35.0,382.696187849674,3,4.0,0
Female,38.0,662.71503771999,3,3.0,0
Male,14.0,587.567418728318,1,5.0,0
Male,20.0,628.76748228699,0,4.0,0
Female,36.0,527.946540560332,2,4.0,0
Male,28.0,474.820624739231,1,3.0,0
Male,45.0,794.591746194792,3,5.0,0
Female,19.0,401.709404888946,1,3.0,0
Female,41.0,346.848476147373,0,3.0,0
Male,21.0,606.631425674043,0,4.0,0
Male,31.0,333.411008319397,4,3.0,0
Female,24.0,799.473757564082,2,4.0,0
Male,54.0,148.269998662086,2,4.0,1
Male,22.0,1027.68083958573,0,2.0,0
Male,34.0,21.855359234393,3,5.0,1
Male,18.0,924.888983190685,0,4.0,0
Male,51.0,226.10644180484,2,5.0,0
Female,39.0,730.685325037941,3,4.0,0
Male,36.0,376.415706148306,1,1.0,0
Female,36.0,138.994374287302,3,3.0,1
Male,37.0,501.092881352023,3,3.0,0
Male,36.0,256.419728190976,0,2.0,1
Male,41.0,239.453260090112,1,1.0,0
Female,30.0,610.676808429612,2,3.0,0
Male,33.0,394.845797868053,0,2.0,1
Female,43.0,501.092881352023,4,3.0,0
Female,38.0,70.3962187882132,4,4.0,0
Male,34.0,451.541111031524,5,5.0,0
Female,21.0,1025.07767554315,8,1.0,0
Male,50.0,713.260240210416,2,4.0,0
Female,28.0,672.657879938561,2,4.0,0
Female,45.0,359.734637922249,2,3.0,0
Male,37.0,979.593932292648,2,5.0,0
Male,22.0,147.88410411158,0,2.0,1
Female,38.0,898.150919711677,3,5.0,0
Female,48.0,290.880397927938,3,4.0,0
Female,33.0,599.565248273837,2,2.0,0
Male,42.0,196.011184151809,3,2.0,0
Male,17.0,960.534010023368,0,2.0,0
Female,30.0,491.012409411602,4,4.0,0
Female,31.0,241.366798248268,0,1.0,1
Female,40.0,510.082091620031,2,3.0,0
Female,29.0,377.474246754243,3,1.0,1
Female,26.0,854.593396188786,0,3.0,0
Male,44.0,651.060084983022,1,3.0,0
Female,48.0,795.013079550944,0,4.0,0
Male,45.0,768.144874099934,4,3.0,0
Female,32.0,296.726914976992,0,3.0,0
Male,14.0,681.447185752609,4,4.0,0
Female,41.0,429.110380866059,1,4.0,0
Male,34.0,27.3158050370374,2,5.0,1
Male,25.0,40.8283957781529,3,1.0,0
Male,29.0,122.272442212429,1,3.0,0
Male,49.0,473.17041604069,0,4.0,0
Female,24.0,40.986754828067,2,4.0,0
Male,40.0,418.881433618479,3,4.0,0
Male,37.0,350.631400011125,4,3.0,0
Female,31.0,382.516039066915,1,4.0,0
Male,41.0,843.612820059245,5,4.0,1
Male,51.0,514.64944922774,2,5.0,0
Male,32.0,927.506399329401,0,5.0,0
Male,33.0,819.835801821384,1,5.0,0
Male,41.0,73.6183999099605,2,4.0,0
Female,44.0,697.596582852104,1,5.0,0
Female,34.0,259.905696370136,2,4.0,0
Female,32.0,402.538609936067,0,4.0,0
Male,13.0,654.106474729919,7,4.0,1
Female,27.0,370.933243927412,0,4.0,0
Female,24.0,941.759622245515,3,5.0,0
Female,42.0,1002.15153310106,3,2.0,1
Male,33.0,501.092881352023,1,4.0,0
Female,32.0,410.200710268661,1,2.0,1
Male,35.0,661.5115768341,1,5.0,0
Female,26.0,57.0688989212447,0,4.0,0
Male,51.0,202.627326756744,2,2.0,0
Male,48.0,207.676061427295,0,5.0,0
Female,51.0,8.30356196947031,3,5.0,0
Male,42.0,147.743494643636,4,1.0,1
Male,35.0,1138.58558444129,3,3.0,0
Male,51.0,138.498442251098,2,4.0,0
Male,28.0,1111.70887888398,2,4.0,0
Male,26.0,838.100550874232,0,3.0,0
Female,29.0,146.498003868961,0,1.0,0
Female,40.0,256.333881501063,2,5.0,0
Female,27.0,763.872115309479,1,5.0,0
Male,33.0,501.092881352023,3,5.0,0
Male,19.0,855.451077488548,2,5.0,0
Male,40.0,591.905008933198,2,3.0,0
Male,20.0,906.233890484528,2,5.0,0
Male,26.0,501.092881352023,4,5.0,0
Female,47.0,190.292415604571,1,5.0,0
Male,47.0,25.1006709479334,3,3.0,0
Male,39.0,157.033037487133,1,4.0,1
Male,38.0,123.569826218205,4,3.0,0
Male,30.0,875.225327370982,1,4.0,0
Female,27.0,136.280815802675,0,1.0,1
Male,31.0,1294.70283972763,1,5.0,0
Female,20.0,1035.99245612395,2,3.0,0
Male,38.0,509.685543577385,2,5.0,0
Male,35.0,727.134808533366,3,4.0,0
Female,26.0,1142.4063720744,1,4.0,0
Female,51.0,501.092881352023,2,4.0,0
Male,41.0,43.2073810583224,1,4.0,1
Female,42.0,501.092881352023,1,3.0,0
Male,30.0,92.6645808950849,3,3.0,0
Male,35.0,470.977605574628,3,4.0,0
Female,41.0,456.75727010954,2,5.0,0
Male,37.0,440.144233538594,1,3.0,0
Female,51.0,735.535785957386,3,3.0,0
Male,30.0,501.184590194086,3,5.0,0
Male,41.0,481.186756320636,1,1.0,0
Female,22.0,410.473542174077,5,2.0,0
Male,44.0,779.751144441636,2,4.0,0
Male,22.0,633.741207254765,1,5.0,0
Male,41.0,375.633475225983,5,3.0,0
Male,29.0,114.28419011662,5,1.0,1
Male,40.0,410.114170951565,6,3.0,0
Male,44.0,1012.60452070694,2,4.0,0
Male,37.0,953.189891306433,2,4.0,0
Male,23.0,384.442438665178,3,2.0,1
Female,26.0,1021.90139082726,0,4.0,0
Female,28.0,1056.26084064526,2,1.0,1
Female,16.0,572.695125787379,4,2.0,0
Male,46.0,779.27002752518,4,4.0,0
Female,36.0,613.978434598293,2,4.0,0
Male,24.0,250.086980302375,0,4.0,0
Female,50.0,174.53061530566,3,4.0,0
Male,28.0,663.914331154761,0,4.0,0
Male,38.0,501.092881352023,2,4.0,0
Male,15.0,800.884046433366,4,4.0,0
Male,31.0,577.418070067935,3,3.0,0
Male,44.0,335.467321107818,3,4.0,0
Female,38.0,501.092881352023,3,4.0,0
Female,36.0,461.937731464175,2,4.0,0
Female,15.0,304.646770059325,3,5.0,0
Male,37.0,213.268094775813,2,5.0,0
Female,34.0,39.7639578686253,3,4.0,1
Female,47.0,501.092881352023,3,1.0,1
Male,47.0,501.092881352023,2,4.0,0
Male,33.0,832.027586787084,3,4.0,0
Male,25.0,227.681099637081,2,3.0,0
Female,45.0,972.84927021538,3,4.0,0
Male,21.0,414.447066045884,0,3.0,0
Female,54.0,33.1336016384259,2,3.0,1
Male,35.0,293.12545553605,2,4.0,0
Female,24.0,606.961112839085,2,5.0,0
Male,23.0,533.075217827171,3,4.0,0
Male,22.0,131.972548332855,3,2.0,0
Female,36.0,547.249605675608,1,1.0,0
Male,35.0,469.612743282914,2,4.0,0
Female,23.0,534.590987154074,1,4.0,0
Female,31.0,883.322412494411,0,1.0,1
Female,21.0,501.092881352023,2,5.0,0
Female,41.0,502.687787149291,3,4.0,0
Male,34.0,323.196300968327,4,4.0,0
Female,31.0,295.427776659545,3,2.0,0
Male,22.0,173.730794697361,2,4.0,0
Male,32.0,729.716261819896,2,4.0,0
Female,31.0,716.56310179407,1,4.0,0
Male,38.0,946.32148166324,1,4.0,0
Male,37.0,998.725737138317,3,3.0,0
Female,43.0,526.611290650134,1,3.0,0
Female,30.0,501.092881352023,1,3.0,0
Female,16.0,86.9738004748734,2,4.0,1
Male,45.0,996.875246210509,4,2.0,1
Female,26.0,561.963429317148,1,3.0,0
Male,24.0,728.143097266437,1,4.0,0
Male,35.0,597.418411681901,3,4.0,0
Female,38.0,855.162427521851,3,3.0,0
Male,30.0,385.01665913546,0,5.0,0
Female,30.0,138.324050046909,3,3.0,1
Female,31.0,828.306954679973,3,4.0,0
Male,49.0,748.537674547466,0,4.0,0
Female,25.0,226.637568619898,1,2.0,0
Female,25.0,296.334253210223,5,4.0,1
Male,32.0,197.635024416532,2,4.0,1
Female,37.0,229.37863439628,1,5.0,0
Male,40.0,531.548759687426,4,2.0,0
Female,36.0,461.617971835112,2,2.0,1
Female,27.0,241.749478193341,1,4.0,0
Female,31.0,501.092881352023,3,4.0,0
Female,42.0,103.560299678178,1,3.0,0
Female,24.0,516.097841159927,2,4.0,0
Male,30.0,258.647930330647,5,3.0,1
Female,41.0,941.399973091573,1,4.0,0
Female,44.0,419.355906755907,2,2.0,1
Male,33.0,286.510637222162,3,4.0,0
Male,31.0,394.957107186709,2,5.0,0
Male,22.0,665.953307337805,3,1.0,0
Female,40.0,624.532670468412,1,2.0,0
Female,48.0,479.869358183485,7,3.0,1
Female,39.0,370.122622485277,3,3.0,0
Female,34.0,609.273657495054,3,5.0,0
Female,26.0,72.9592473502724,5,4.0,0
Female,37.0,340.270966179021,1,5.0,0
Female,59.0,237.931974578822,0,3.0,0
Female,48.0,613.946528526883,4,5.0,0
Female,46.0,463.382398592204,2,3.0,0
Female,37.0,640.079088888419,0,4.0,0
Male,39.0,298.351400531359,0,4.0,0
Male,11.0,481.564823564508,2,1.0,0
Male,43.0,142.766518326433,0,4.0,0
Male,29.0,407.713700598158,2,3.0,0
Male,28.0,342.744378217917,0,3.0,0
Male,32.0,280.813697663126,1,2.0,0
Male,31.0,928.754987319969,6,1.0,0
Female,28.0,1363.84791965849,1,3.0,0
Female,35.0,179.465045239903,1,4.0,1
Male,29.0,814.355732656161,1,5.0,0
Female,36.0,576.149162624088,1,5.0,0
Female,20.0,353.546526220579,2,3.0,0
Male,33.0,97.9876276873476,0,4.0,0
Male,24.0,815.739070142886,2,4.0,0
Male,29.0,480.30266911592,1,4.0,0
Female,36.0,523.279880446188,4,4.0,0
Female,19.0,789.012727470672,2,5.0,0
Male,27.0,847.536226461473,2,4.0,0
Female,21.0,379.02195544076,2,4.0,0
Male,53.0,459.842046761838,5,3.0,0
Male,47.0,564.862182054983,2,5.0,0
Female,30.0,749.495219241101,3,4.0,0
Male,27.0,385.429873119742,1,4.0,0
Female,37.0,501.092881352023,4,2.0,0
Female,21.0,633.746193577457,1,3.0,0
Male,15.0,647.45748807614,1,5.0,0
Male,34.0,226.213216143057,0,4.0,0
Female,36.0,1197.89408958076,4,5.0,0
Male,29.0,501.092881352023,7,5.0,1
Male,48.0,182.716049289686,2,1.0,0
Female,24.0,730.081751353325,3,4.0,0
Male,40.0,723.090191551612,1,3.0,0
Male,23.0,598.307344941406,3,4.0,0
Male,23.0,507.23823048108,1,4.0,0
Female,36.0,501.092881352023,5,4.0,1
Female,24.0,501.092881352023,5,4.0,0
Male,34.0,73.946325467561,3,4.0,1
Female,28.0,520.052633898115,2,4.0,0
Female,26.0,469.167206485698,1,4.0,0
Female,14.0,766.780404812331,3,5.0,0
Male,23.0,507.55040690324,2,3.0,0
Female,33.0,587.937709261617,1,5.0,0
Male,30.0,281.912653101318,3,4.0,0
Female,33.0,601.73461769617,1,5.0,0
Female,34.0,324.50935916749,1,4.0,0
Male,37.0,235.184847087717,2,5.0,0
Female,28.0,129.433646051588,4,3.0,1
Male,47.0,355.59091438118,5,3.0,1
Female,17.0,168.510681575525,1,5.0,1
Male,33.0,241.562931923311,4,3.0,0
Female,43.0,178.311938911632,1,4.0,1
Female,40.0,501.092881352023,2,4.0,0
Male,25.0,903.263180955402,1,5.0,0
Male,27.0,482.660454125672,0,4.0,0
Male,25.0,441.49845422957,0,3.0,0
Female,41.0,514.807741498117,1,4.0,0
Female,28.0,769.883364151086,1,5.0,0
Male,38.0,538.810216226998,2,4.0,0
Male,59.0,342.168477361533,1,4.0,0
Male,38.0,587.986239728451,1,5.0,0
Male,27.0,501.092881352023,5,5.0,1
Male,20.0,449.366432329412,1,3.0,0
Male,32.0,213.47997926697,3,5.0,0
Female,13.0,123.214666271769,2,5.0,0
Female,28.0,266.730464544595,4,5.0,0
Female,38.0,501.092881352023,0,5.0,0
Female,30.0,520.095024780816,1,2.0,0
Male,45.0,499.797802218331,0,4.0,0
Female,19.0,677.078008496047,4,3.0,0
Male,42.0,595.138263532654,4,4.0,0
Male,44.0,365.984696321145,2,3.0,0
Male,45.0,501.092881352023,3,4.0,0
Female,19.0,44.1024670219866,0,5.0,1
Male,38.0,228.483644739294,2,5.0,0
Female,21.0,356.260192419677,1,4.0,0
Male,44.0,48.3143184474578,1,3.0,1
Female,40.0,472.932582831941,1,2.0,1
Male,23.0,511.995505134703,3,5.0,0
Male,28.0,178.205649048968,2,3.0,1
Female,31.0,144.991323276283,2,4.0,0
Male,34.0,377.760271685187,3,2.0,1
Male,45.0,727.036678964682,1,3.0,0
Male,42.0,287.773612073463,4,3.0,0
Male,36.0,501.092881352023,3,4.0,0
Male,32.0,189.903997335579,3,5.0,0
Female,17.0,1128.59735945832,1,3.0,0
Male,48.0,865.727644851021,1,4.0,0
Female,31.0,132.280280763114,4,2.0,1
Female,51.0,20.0161615018562,2,5.0,0
Male,55.0,64.1943508358577,0,5.0,1
Male,41.0,495.221839216553,1,3.0,0
Male,21.0,501.092881352023,0,4.0,0
Female,29.0,252.989810452973,4,4.0,0
Male,33.0,714.658595538134,1,3.0,0
Female,26.0,5.84160981568795,1,2.0,0
Male,31.0,526.517391071953,0,4.0,0
Female,21.0,375.206218676602,3,4.0,0
Female,37.0,116.534520046263,3,4.0,0
Male,25.0,269.698925910451,3,4.0,0
Male,54.0,654.263171494894,2,5.0,0
Female,36.0,396.343626505358,1,5.0,0
Male,27.0,523.347109930486,3,3.0,0
Male,19.0,773.26369364216,0,4.0,0
Female,36.0,285.43598982214,3,2.0,0
Female,32.0,1393.37765780587,2,5.0,0
Female,43.0,124.509639268941,3,1.0,1
Female,34.0,368.487474365625,3,4.0,0
Female,23.0,501.092881352023,2,5.0,0
Female,52.0,84.6117935079819,2,2.0,0
Female,39.0,433.131517448803,3,4.0,0
Female,32.0,1100.69121205851,1,3.0,0
Female,37.0,768.783040101678,3,3.0,0
Male,21.0,751.581393153037,1,3.0,0
Female,37.0,634.809633118359,2,3.0,0
Female,30.0,831.644235165934,3,5.0,0
Male,40.0,1038.93180036645,2,3.0,0
Female,28.0,440.600140941928,2,3.0,0
Male,29.0,847.403223995574,3,4.0,0
Female,52.0,454.430332940307,0,1.0,0
Female,47.0,99.0227958790845,1,3.0,1
Male,2.0,297.411623770564,0,3.0,0
Male,47.0,632.204249274343,1,3.0,0
Female,34.0,409.833057627894,3,5.0,0
Male,28.0,501.092881352023,0,2.0,1
Male,25.0,124.357341894524,0,4.0,1
Male,26.0,1025.444112458,1,3.0,0
Female,24.0,524.590245476008,1,3.0,0
Male,21.0,755.241980833366,2,4.0,0
Female,25.0,880.402812409562,3,1.0,1
Female,38.0,508.744698393285,2,1.0,0
Male,41.0,82.9983280796046,3,4.0,0
Male,34.0,613.358903099205,1,4.0,0
Male,22.0,1178.47464376622,4,3.0,0
Female,40.0,659.122765460168,2,3.0,0
Male,41.0,565.894358375331,2,4.0,0
Male,23.0,794.892309316017,2,3.0,0
Male,28.0,553.918925072338,2,4.0,0
Female,37.0,1078.67032763578,3,4.0,0
Female,35.0,490.369023083656,0,4.0,0
Male,54.0,501.092881352023,4,4.0,0
Female,17.0,658.836374553614,1,3.0,0
Male,25.0,489.632304474925,4,4.0,0
Male,17.0,783.647829996303,2,4.0,0
Male,28.0,716.070372218833,2,4.0,0
Male,42.0,179.973520785046,1,2.0,0
Male,29.0,558.852040647658,3,5.0,0
Male,32.0,905.842139322742,1,4.0,0
Female,27.0,903.798105357542,1,2.0,1
Male,30.0,831.372391129592,1,4.0,0
Male,41.0,261.922227105398,2,3.0,0
Female,18.0,463.906778342247,1,3.0,0
Female,30.0,208.890153123902,1,4.0,0
Female,46.0,756.008555580765,1,2.0,1
Male,31.0,1002.55580463286,1,5.0,0
Male,14.0,574.315755884361,4,3.0,0
Male,48.0,727.717920131221,0,1.0,0
Male,42.0,96.9756261707298,1,5.0,1
Male,44.0,468.551223289969,3,4.0,0
Male,50.0,506.629579554279,2,5.0,0
Female,27.0,874.987517571551,2,5.0,0
Male,30.0,811.616352495368,6,4.0,0
Male,28.0,880.021853990791,4,5.0,0
Female,44.0,402.727537230121,0,3.0,0
Female,33.0,535.112182149591,4,5.0,0
Female,40.0,694.51148072352,1,2.0,0
Male,36.0,121.507070175829,2,1.0,1
Male,34.0,1025.48250232025,4,5.0,0
Female,26.0,501.092881352023,2,4.0,0
Female,53.0,217.973141248417,3,3.0,0
Male,20.0,422.89275841054,4,3.0,0
Female,39.0,665.698728505468,4,2.0,0
Female,39.0,513.575177418993,4,5.0,0
Male,49.0,728.130725127048,2,5.0,0
Female,34.0,540.350993760711,3,3.0,0
Female,40.0,620.644839967584,2,3.0,0
Female,53.0,419.287064156221,2,3.0,0
Female,34.0,777.466001421086,1,3.0,0
Male,24.0,183.02831617926,2,1.0,1
Female,31.0,671.081950095035,1,4.0,0
Male,22.0,392.785720387,3,4.0,0
Male,39.0,517.218997745745,1,5.0,0
Female,46.0,547.660203094525,1,3.0,0
Male,19.0,475.404790767406,2,5.0,0
Male,45.0,26.3061091749735,0,3.0,0
Female,17.0,198.509658009368,3,4.0,0
Female,33.0,750.959513943278,0,3.0,0
Female,38.0,561.403662758342,2,2.0,0
Female,39.0,1004.21875242626,3,3.0,0
Female,34.0,501.092881352023,2,3.0,0
Male,53.0,405.823173707882,0,5.0,0
Male,36.0,741.069704835649,1,2.0,1
Male,45.0,297.300318108726,1,4.0,0
Male,22.0,754.826699782368,4,3.0,0
Female,33.0,254.160065312266,3,4.0,0
Male,56.0,861.078886920298,2,4.0,0
Male,28.0,732.397919023357,4,4.0,0
Male,37.0,355.943530221134,3,4.0,0
Female,30.0,271.680612550232,2,3.0,0
Male,27.0,198.549165768577,2,4.0,1
Female,95.0,7476.55249793839,1,5.0,0
Female,34.0,210.864627881704,2,4.0,0
Female,22.0,693.934475049082,2,4.0,0
Male,20.0,7.8884523584623,3,3.0,0
Female,57.0,667.049358597966,2,4.0,0
Female,33.0,1035.88285038826,2,3.0,0
Female,39.0,405.891457122214,1,4.0,0
Male,27.0,894.183991057254,1,3.0,0
Male,38.0,525.44951981274,2,5.0,0
Male,50.0,456.371525915142,0,4.0,0
Male,28.0,173.688201274824,0,4.0,1
Male,40.0,697.961978174887,2,4.0,0
Female,21.0,563.398957367311,1,4.0,0
Female,55.0,570.290736171135,1,4.0,0
Male,38.0,411.228241120088,3,2.0,1
Female,31.0,754.016659885849,2,3.0,0
Female,32.0,501.092881352023,3,4.0,0
Female,30.0,1019.54194464908,3,4.0,0
Male,34.0,996.968352628145,2,2.0,1
Female,34.0,509.73669709508,1,1.0,1
Female,40.0,535.642756636057,0,4.0,0
Male,30.0,93.2769698706214,5,5.0,1
Female,27.0,406.35319304341,0,3.0,0
Male,35.0,753.252765992023,3,3.0,0
Female,19.0,275.214383280484,2,4.0,0
Female,36.0,39.3618768562654,1,3.0,0
Female,16.0,240.495952386816,2,4.0,0
Male,46.0,610.689522592894,0,4.0,0
Male,42.0,756.247708904523,6,4.0,0
Male,26.0,705.472509771846,1,4.0,0
Male,36.0,261.003957572653,3,4.0,0
Male,38.0,605.658363670227,3,4.0,0
Female,27.0,501.092881352023,2,5.0,0
Male,46.0,656.689718996555,0,4.0,0
Female,35.0,858.943589352301,3,3.0,0
Male,53.0,535.57263843648,1,4.0,0
Male,41.0,527.115612213182,3,5.0,0
Male,30.0,501.092881352023,0,3.0,0
Male,21.0,516.390035039967,2,4.0,0
Male,27.0,114.444028643921,1,4.0,0
Male,34.0,752.808180151932,0,4.0,0
Male,38.0,710.894355357058,2,4.0,0
Female,46.0,626.777247356396,5,4.0,0
Female,41.0,654.067899248401,2,1.0,1
Female,41.0,546.82022837921,2,3.0,0
Male,37.0,816.528977694494,2,4.0,0
Male,48.0,934.412575180338,2,1.0,1
Female,32.0,150.21646342864,2,4.0,0
Male,16.0,377.769012074421,1,3.0,0
Female,46.0,501.092881352023,1,4.0,0
Male,34.0,501.092881352023,2,4.0,0
Male,64.0,130.807021543838,1,5.0,0
Female,31.0,593.562604368501,2,4.0,0
Male,36.0,501.092881352023,1,3.0,0
Female,40.0,62.8164064933784,2,4.0,0
Male,24.0,670.039334437654,1,3.0,0
Female,39.0,766.199238553248,0,3.0,0
Male,35.0,895.27430674838,2,4.0,0
Male,32.0,337.421397050498,0,5.0,0
Male,47.0,442.86318148772,2,5.0,0
Female,26.0,466.459192185312,2,4.0,0
Female,38.0,574.414950492118,4,3.0,0
Male,50.0,587.294362255661,2,5.0,0
Female,28.0,717.493957915987,4,3.0,0
Female,32.0,156.551508776487,1,5.0,0
Male,58.0,602.089101070124,3,4.0,0
Male,40.0,505.149288906231,3,3.0,0
Male,30.0,989.350759681373,2,5.0,0
Male,43.0,107.023812797774,0,4.0,0
Male,29.0,220.316867343954,0,3.0,0
Male,19.0,892.109187301681,1,3.0,0
Female,49.0,501.092881352023,3,5.0,0
Female,24.0,501.092881352023,1,5.0,0
Female,60.0,456.978714807155,1,5.0,0
Female,30.0,37.7944343570991,3,2.0,1
Male,56.0,874.845363431763,0,3.0,0
Female,21.0,218.050783237518,2,5.0,0
Male,45.0,632.337449777732,3,4.0,0
Female,43.0,132.512760897188,3,4.0,0
Male,45.0,473.996967591881,2,2.0,0
Male,30.0,854.404525967018,4,5.0,0
Male,22.0,533.516758363778,2,5.0,0
Male,34.0,442.282639317116,1,3.0,0
Male,37.0,463.628010708993,2,4.0,0
Male,30.0,569.916744215084,6,5.0,0
Female,38.0,757.060541974823,1,5.0,0
Female,26.0,892.319635454203,4,2.0,1
Female,32.0,1044.9557726713,0,3.0,0
Male,28.0,212.34858780925,2,5.0,0
Female,36.0,185.573993373459,3,3.0,1
Male,49.0,472.998847905568,4,3.0,0
Female,37.0,157.525222823684,3,4.0,0
Female,40.0,410.045783572216,1,2.0,1
Female,32.0,501.092881352023,3,2.0,0
Male,34.0,956.117996397032,0,4.0,0
Male,35.0,383.715869689206,6,4.0,1
Female,38.0,479.028177725879,0,3.0,0
Male,48.0,553.535686059895,1,5.0,0
Male,31.0,545.469948756061,2,4.0,0
Male,18.0,514.627129583545,4,3.0,0
Female,62.0,269.180780240741,2,2.0,1
Male,32.0,604.424381845635,1,4.0,0
Female,48.0,370.066766286965,0,4.0,0
Female,44.0,726.070035203088,0,4.0,0
Female,33.0,340.172647541912,3,4.0,0
Female,38.0,247.002736445563,7,4.0,0
Female,22.0,91.8571222365422,1,4.0,0
Male,55.0,194.259977107781,0,4.0,0
Male,26.0,855.40666380786,5,3.0,0
Female,32.0,527.68919051344,0,3.0,0
Female,36.0,757.591176662708,3,4.0,0
Female,34.0,213.837502484307,4,3.0,0
Male,28.0,78.503646308316,0,4.0,1
Female,49.0,587.853057151333,2,4.0,0
Male,45.0,658.636751344362,0,4.0,0
Female,46.0,487.902181803931,2,2.0,0
Male,30.0,880.287926780701,5,4.0,0
Male,51.0,709.541718031049,3,4.0,0
Female,36.0,507.156648026842,4,5.0,0
Male,47.0,403.2285569337,0,4.0,0
Female,34.0,1.4999549925559,2,3.0,1
Female,36.0,206.059088991469,4,4.0,0
Male,57.0,595.816964713871,2,1.0,0
Female,51.0,196.283822378253,1,3.0,0
Female,44.0,501.092881352023,2,3.0,0
Female,41.0,360.838382876851,1,4.0,0
Female,30.0,922.860191086426,2,4.0,0
Male,38.0,18.2962160412942,0,4.0,1
Male,26.0,493.08348348948,0,3.0,0
Male,39.0,911.372308264728,2,4.0,0
Male,39.0,133.248767231101,0,3.0,0
Male,15.0,42.3538566226129,1,3.0,0
Female,35.0,117.406669666756,2,3.0,0
Female,39.0,659.721742087485,2,3.0,0
Male,34.0,825.324731978325,0,4.0,0
Male,39.0,501.092881352023,7,4.0,1
Female,22.0,419.416176192995,2,4.0,0
Male,27.0,487.7114947694,1,4.0,0
Female,45.0,435.827710533084,1,5.0,0
Female,35.0,355.347510795449,3,5.0,0
Male,38.0,501.092881352023,1,3.0,0
Male,30.0,629.169076306485,3,1.0,1
Male,35.0,66.2795500219485,3,2.0,1
Female,12.0,421.425281687114,2,4.0,0
Male,43.0,501.092881352023,1,5.0,0
Female,53.0,743.560914647734,1,1.0,0
Male,24.0,878.525046826426,3,3.0,0
Female,26.0,665.339723774225,2,2.0,0
Male,39.0,816.3515137018,0,5.0,0
Male,35.0,771.846053957542,4,5.0,0
Male,23.0,720.217946505537,3,3.0,0
Male,33.0,143.225789696972,0,3.0,1
Female,25.0,187.709076089182,3,4.0,1
Male,28.0,653.161843436854,2,4.0,0
Male,32.0,423.713744782203,3,5.0,0
Female,26.0,261.32960911481,0,3.0,0
Male,27.0,786.647609202078,0,5.0,0
Male,36.0,377.916682478263,1,4.0,0
Male,37.0,655.929487441014,1,4.0,0
Male,21.0,501.092881352023,1,3.0,0
Male,39.0,285.774525480905,2,4.0,0
Male,31.0,512.613997582063,0,4.0,0
Female,42.0,892.58884286666,6,5.0,1
Female,43.0,33.8893103468396,3,3.0,0
Female,30.0,538.328760404272,1,1.0,1
Female,41.0,727.777507304683,3,4.0,0
Female,48.0,501.092881352023,3,4.0,0
Female,27.0,473.077277050586,2,3.0,0
Female,39.0,884.314243411036,1,4.0,0
Female,25.0,211.439214016246,0,4.0,0
Male,44.0,536.556310588052,2,4.0,0
Male,29.0,570.300950773691,2,5.0,0
Female,18.0,153.979271047955,1,5.0,0
Male,6.0,942.779020134952,2,5.0,0
Male,26.0,743.40204241438,1,3.0,0
Male,49.0,501.092881352023,1,5.0,0
Female,48.0,403.270356507936,1,2.0,0
Male,31.0,915.74031335916,1,5.0,0
Male,30.0,485.486408212139,3,3.0,0
Female,22.0,692.79878474885,1,4.0,0
Female,26.0,505.664958699393,1,1.0,0
Male,45.0,1020.68852444997,2,4.0,0
Male,40.0,444.264602483877,1,3.0,0
Male,22.0,776.35043570986,1,4.0,0
Female,36.0,290.689171324738,4,4.0,0
Male,12.0,519.523735542798,1,3.0,0
Female,38.0,495.190066923032,2,3.0,0
Female,22.0,360.943958729153,2,2.0,1
Female,51.0,300.095849952746,2,5.0,0
Female,17.0,373.261955603032,1,5.0,0
Female,40.0,276.121634287063,1,4.0,0
Female,41.0,836.177264956699,2,2.0,1
Male,23.0,192.601777386749,3,4.0,1
Male,35.0,783.713479964993,1,3.0,0
Female,19.0,330.845315857972,0,1.0,0
Female,7.0,375.101452364053,1,1.0,1
Female,24.0,608.210190566293,1,4.0,0
Male,29.0,501.092881352023,5,2.0,0
Male,41.0,418.156229602656,4,3.0,0
Female,36.0,545.620449235305,0,2.0,1
Male,36.0,1178.38042419165,1,4.0,0
Female,25.0,581.60556662601,2,4.0,0
Female,30.0,907.348874483046,2,5.0,0
Male,26.0,80.2227063347572,2,4.0,0
Female,23.0,21.2423296919651,5,5.0,0
Male,36.0,695.995269476086,2,5.0,0
Female,29.0,73.8583559967445,3,4.0,1
Female,32.0,885.328557604204,2,4.0,0
Male,42.0,786.918242933639,3,4.0,0
Male,30.0,281.877037564971,0,2.0,0
Male,22.0,310.16945811578,4,3.0,0
Female,41.0,258.040068586183,1,5.0,0
Male,38.0,309.959640843883,3,5.0,0
Male,38.0,778.471848488621,4,3.0,0
Female,40.0,102.10686909152,1,3.0,1
Female,35.0,420.969842443724,1,5.0,0
Male,59.0,857.128773362504,2,5.0,0
Male,22.0,501.092881352023,1,2.0,1
Female,29.0,833.888165879343,2,4.0,0
Female,45.0,501.092881352023,2,3.0,0
Male,36.0,550.880216169149,1,5.0,0
Male,43.0,488.287747615486,1,4.0,0
Male,37.0,761.692400014916,6,5.0,1
Male,49.0,95.7348607032502,2,2.0,1
Male,48.0,313.582114429803,1,4.0,0
Male,47.0,537.82949842274,3,4.0,0
Male,23.0,414.247140364373,3,3.0,0
Male,41.0,687.599853621308,4,4.0,0
Male,35.0,124.963880314825,0,5.0,0
Female,29.0,188.190363708066,1,3.0,1
Female,25.0,650.548771796588,2,4.0,0
Male,42.0,444.054306324144,1,4.0,0
Male,43.0,457.823264419156,2,4.0,0
Female,33.0,1150.53565901599,3,2.0,1
Male,43.0,257.545721429157,0,3.0,0
Female,44.0,1005.90695476551,5,3.0,0
Male,37.0,501.092881352023,3,3.0,0
Female,28.0,53.4863928557318,3,4.0,1
Male,39.0,1176.13057997639,5,5.0,1
Female,40.0,296.06461689485,4,1.0,1
Male,42.0,982.294385549588,0,5.0,0
Male,44.0,421.94483548981,3,4.0,0
Male,21.0,689.38271018151,2,4.0,0
Male,30.0,607.100786937965,1,3.0,0
Female,42.0,792.793167746915,3,4.0,0
Female,33.0,656.506038415437,1,3.0,0
Female,39.0,501.092881352023,1,3.0,0
Female,20.0,781.704105139491,0,4.0,0
Female,49.0,524.386333962819,4,4.0,0
Male,23.0,606.098528402715,1,3.0,0
Female,43.0,628.588638866417,2,4.0,0
Male,36.0,831.095480862168,2,4.0,0
Female,33.0,678.095591320531,5,3.0,0
Male,29.0,465.929114522527,2,4.0,0
Female,48.0,342.41534681122,3,2.0,0
Male,35.0,791.368090814809,4,5.0,0
Female,22.0,461.814105796198,4,2.0,1
Female,31.0,424.584512992458,1,4.0,0
Male,36.0,532.532335898931,4,2.0,0
Male,44.0,613.328667186694,1,3.0,0
Female,29.0,501.092881352023,3,3.0,0
Female,30.0,1094.6356170084,1,5.0,0
Male,35.0,501.092881352023,3,5.0,0
Female,21.0,563.588737203583,2,4.0,0
Male,40.0,546.841280062208,1,4.0,0
Female,32.0,530.644794792842,3,5.0,0
Male,55.0,575.24146440711,0,5.0,0
Female,33.0,528.86271101572,2,1.0,0
Male,43.0,806.100154030842,1,5.0,0
Female,42.0,290.160285212665,2,1.0,1
Female,23.0,331.453690278357,0,3.0,0
Female,17.0,302.26748942604,3,4.0,0
Male,24.0,746.892932390152,0,4.0,0
Female,18.0,993.400888799857,1,4.0,0
Male,45.0,549.688046673716,2,3.0,0
Male,25.0,522.273667167256,0,3.0,0
Male,27.0,501.092881352023,2,4.0,0
Male,55.0,761.699623353258,2,4.0,0
Male,18.0,311.818277943568,2,4.0,0
Male,22.0,728.593360326656,3,4.0,0
Female,30.0,626.307432095676,1,4.0,0
Male,26.0,225.336758679073,0,4.0,0
Male,23.0,294.449786598711,1,2.0,1
Male,50.0,666.411065162146,2,4.0,0
Female,38.0,32.3874813451039,2,4.0,1
Male,41.0,501.092881352023,2,4.0,0
Male,34.0,501.092881352023,4,1.0,0
Male,38.0,770.356016548572,3,3.0,0
Male,44.0,306.376187724582,1,3.0,0
Male,25.0,301.213987895423,1,5.0,0
Female,38.0,358.964851641093,1,3.0,0
Male,42.0,102.970260519114,5,4.0,1
Male,50.0,676.807889540488,0,3.0,0
Female,54.0,494.118750474688,3,5.0,0
Male,46.0,527.149906198202,1,2.0,1
Female,8.0,847.641488686762,0,4.0,0
Female,51.0,755.560046043997,3,5.0,0
Female,28.0,294.508366548104,2,4.0,0
Male,33.0,697.454920815744,2,2.0,1
Female,39.0,713.734218431465,1,4.0,0
Female,33.0,665.843265017775,3,4.0,0
Male,37.0,345.596344374241,2,5.0,0
Male,31.0,549.301922329914,2,3.0,0
Male,24.0,377.449155039969,1,2.0,1
Female,53.0,617.520113907808,1,4.0,0
Male,54.0,726.320880031985,2,4.0,0
Male,44.0,506.389352774694,3,4.0,0
Male,22.0,582.684221000367,2,3.0,0
Female,25.0,501.092881352023,2,3.0,0
Female,35.0,362.32741722246,2,4.0,0
Male,34.0,568.879109644349,1,1.0,0
Male,19.0,411.36177372458,1,5.0,0
Female,27.0,754.71334957248,1,5.0,0
Female,57.0,391.434452242059,4,2.0,1
Female,37.0,201.850673186648,1,5.0,0
Female,33.0,528.086478500207,0,4.0,0
Female,53.0,300.557704977025,4,4.0,0
Female,31.0,727.484242800254,0,3.0,0
Male,34.0,588.137446742529,0,2.0,1
Male,45.0,1032.64418610327,7,5.0,0
Male,31.0,625.995921392561,2,3.0,0
Male,28.0,322.697717849612,1,5.0,0
Male,12.0,212.594226287925,2,4.0,0
Female,26.0,38.9632410985579,2,4.0,0
Female,26.0,205.378528320926,2,2.0,1
Female,37.0,865.322450616195,1,4.0,0
Female,29.0,4.09463711734441,2,4.0,1
Female,57.0,501.092881352023,4,1.0,1
Female,24.0,687.091726268243,1,4.0,0
Female,49.0,351.656416457947,3,4.0,0
Male,37.0,122.817895976878,4,5.0,0
Male,43.0,462.170279191762,3,4.0,0
Female,42.0,210.597841727401,0,3.0,0
Female,35.0,755.932119060357,1,2.0,0
Female,32.0,528.540840837396,1,5.0,0
Male,24.0,801.545164454017,0,2.0,1
Female,40.0,511.524522347995,4,3.0,0
Male,52.0,299.016442599589,0,1.0,0
Male,8.0,215.257553549008,1,2.0,0
Male,30.0,509.218742036212,1,5.0,0
Female,23.0,199.919034306827,0,2.0,0
Female,36.0,590.322008309144,1,2.0,1
Female,32.0,285.064964263261,3,4.0,0
Male,29.0,919.536382391381,0,3.0,0
Female,42.0,762.431201252892,4,2.0,1
Female,51.0,151.234524183752,1,4.0,0
Male,62.0,132.574950902873,0,4.0,0
Male,28.0,351.490455262971,3,4.0,0
Female,17.0,1046.61743917052,3,4.0,0
Male,41.0,449.644290618766,1,5.0,0
Female,51.0,331.812092616975,2,3.0,0
Male,43.0,504.157950364681,2,4.0,0
Male,51.0,420.806251928967,0,3.0,0
Male,33.0,547.56858423339,1,4.0,0
Female,29.0,818.584678065785,0,2.0,1
Male,36.0,81.4283397679408,2,3.0,0
Male,32.0,176.250658208959,2,1.0,0
Female,42.0,501.092881352023,2,3.0,0
Female,45.0,668.44369902825,1,4.0,0
Female,45.0,612.128127237508,0,4.0,0
Male,40.0,501.092881352023,1,4.0,0
Female,37.0,515.1259804695,2,5.0,0
Female,43.0,452.41538286504,2,5.0,0
Male,15.0,375.993063833387,4,5.0,0
Male,37.0,580.723370309847,1,3.0,0
Male,36.0,736.615397136676,4,3.0,0
Male,37.0,488.537389129005,2,3.0,0
Female,34.0,599.998523814627,0,2.0,1
Female,39.0,550.848443012528,0,5.0,0
Male,29.0,282.101152781841,3,2.0,1
Female,46.0,410.773969390438,3,3.0,0
Male,40.0,679.384215435366,2,3.0,0
Male,37.0,506.869848846114,3,5.0,0
Female,28.0,344.957436991318,2,2.0,1
Female,43.0,1094.22984940391,1,5.0,0
Female,37.0,703.749626186092,0,2.0,1
Male,27.0,137.460353259862,6,5.0,1
Female,34.0,347.830172895041,3,4.0,0
Male,41.0,484.304756571468,4,4.0,0
Female,41.0,376.40860239468,3,4.0,0
Male,40.0,1063.80739009313,3,5.0,0
Male,36.0,1065.86246017087,1,4.0,0
Male,45.0,501.092881352023,4,2.0,0
Male,47.0,637.495297969491,2,3.0,0
Male,42.0,274.421101961629,3,5.0,0
Male,29.0,781.172689636982,2,4.0,0
Female,24.0,482.74661826311,1,3.0,0
Female,30.0,510.413613961955,2,4.0,0
Male,55.0,501.092881352023,2,5.0,0
Male,38.0,5.99761997445114,1,1.0,1
Female,56.0,1028.79592104655,1,5.0,0
Male,34.0,774.501583014271,2,1.0,1
Male,32.0,581.944996074296,1,2.0,1
Female,34.0,1075.6279882805,0,3.0,0
Female,34.0,962.758187632647,2,4.0,0
Male,27.0,600.064412125615,3,4.0,0
Female,24.0,202.964204423805,2,4.0,0
Female,40.0,212.83689276497,0,4.0,0
Male,46.0,14.8163027060999,2,4.0,0
Male,59.0,805.25302622523,2,5.0,0
Male,31.0,479.17234187498,3,3.0,0
Male,31.0,501.092881352023,1,4.0,0
Female,27.0,327.626200355482,0,4.0,0
Female,46.0,501.092881352023,1,3.0,0
Male,43.0,307.843783812949,4,4.0,0
Male,26.0,584.416498051458,0,4.0,0
Male,26.0,348.314731574891,1,4.0,0
Female,43.0,501.092881352023,1,4.0,0
Male,26.0,501.092881352023,3,4.0,0
Male,16.0,766.921328491974,1,4.0,0
Male,26.0,854.789657258081,0,4.0,0
Female,42.0,873.32257640286,3,4.0,0
Male,56.0,561.222571777831,0,4.0,0
Male,31.0,852.868478893513,1,3.0,0
Male,58.0,846.501101426979,2,4.0,0
Female,21.0,458.105206484911,0,5.0,0
Male,37.0,501.092881352023,0,5.0,0
Male,44.0,373.815142904957,5,2.0,1
Female,11.0,887.750864352537,2,4.0,0
Female,41.0,378.479203568773,1,3.0,0
Female,47.0,829.580354390794,1,3.0,0
Male,39.0,375.472866539298,1,2.0,1
Female,34.0,288.842667126618,1,4.0,0
Male,33.0,927.736637650531,0,2.0,1
Male,33.0,489.822577546281,5,4.0,1
Female,23.0,95.7669501132385,3,5.0,0
Male,28.0,370.087448320198,2,5.0,0
Female,31.0,408.129353467857,4,3.0,0
Female,36.0,258.933163163085,1,4.0,0
Female,29.0,884.416479445877,0,2.0,0
Male,26.0,130.266130745984,3,4.0,1
Male,43.0,12.3642907815218,2,5.0,0
Female,39.0,435.914060268685,4,4.0,0
Female,30.0,198.067593264976,0,5.0,1
Male,40.0,912.970462078505,2,4.0,0
Female,30.0,489.102946602571,3,1.0,0
Male,36.0,398.836852249704,3,4.0,0
Female,45.0,259.7224714511,3,3.0,0
Female,29.0,386.001608698188,2,2.0,1
Male,23.0,353.512777255289,0,4.0,0
Female,34.0,741.439611374609,2,5.0,0
Female,21.0,656.379413062166,4,4.0,0
Male,32.0,229.573997329117,4,3.0,0
Male,32.0,626.225956542826,0,3.0,0
Male,10.0,533.588475712262,2,1.0,1
Female,40.0,405.902123375948,4,1.0,1
Female,33.0,620.807997198165,3,4.0,0
Male,47.0,596.154288649387,3,1.0,0
Female,37.0,728.599159008112,4,3.0,0
Female,42.0,222.036600604728,1,4.0,0
Male,47.0,179.444663004293,4,4.0,1
Female,34.0,1337.54813737282,3,4.0,0
Male,35.0,755.917128266691,4,4.0,0
Male,19.0,578.020030447966,2,2.0,0
Female,47.0,289.785579521828,2,4.0,0
Male,34.0,707.09138425229,3,2.0,1
Female,25.0,398.715266598159,2,2.0,1
Female,42.0,197.45174586084,4,4.0,0
Male,13.0,4.50786231827391,3,4.0,0
Male,31.0,420.313937755089,5,2.0,1
Female,44.0,465.112074722147,1,3.0,0
Female,31.0,158.358041328412,1,5.0,1
Male,28.0,850.547352945669,2,5.0,0
Male,31.0,18.3915655767012,4,4.0,0
Female,15.0,575.215595757621,2,5.0,0
Female,42.0,4.13358495040444,2,3.0,1
Male,34.0,378.47753201128,2,4.0,0
Male,32.0,369.58008775296,4,5.0,0
Female,32.0,608.990133898462,3,3.0,0
Female,35.0,422.806600041847,2,1.0,0
Male,42.0,843.280541524632,3,3.0,0
Female,34.0,564.105730543926,1,5.0,0
Male,21.0,373.455166118227,0,4.0,0
Male,41.0,630.903379553051,1,1.0,1
Female,40.0,568.514221784224,2,4.0,0
Female,46.0,770.735536443013,2,3.0,0
Female,35.0,100.621961327963,0,1.0,0
Male,46.0,411.849857814287,3,1.0,1
Female,49.0,121.064795489344,4,2.0,0
Female,95.0,9049.78817824124,2,4.0,0
Male,28.0,501.092881352023,2,3.0,0
Female,34.0,300.222077179252,4,4.0,0
Male,47.0,834.15119489468,2,4.0,0
Male,20.0,242.951204447987,4,3.0,0
Female,31.0,301.537882423736,5,4.0,0
Male,32.0,766.466860651304,2,4.0,0
Male,26.0,92.1332742854559,1,4.0,1
Male,44.0,371.991677662495,2,3.0,0
Female,39.0,8.09170655241798,2,3.0,1
Female,28.0,314.427829786099,2,4.0,0
Male,33.0,525.062071431541,0,4.0,0
Female,26.0,326.11265273964,2,5.0,0
Female,28.0,1066.9005969201,2,3.0,0
Male,39.0,1114.63842996099,4,4.0,0
Female,44.0,868.761986072383,1,4.0,0
Male,30.0,191.651962269444,2,4.0,0
Male,40.0,470.764058978245,1,4.0,0
Female,51.0,177.051513865314,1,3.0,1
Male,22.0,399.097701777901,1,4.0,0
Female,39.0,916.325106059189,1,4.0,0
Female,43.0,147.387994136905,5,4.0,1
Male,34.0,1256.57695304424,2,3.0,0
Female,47.0,945.848556008924,2,2.0,0
Male,57.0,182.038427896463,1,3.0,1
Female,38.0,163.982794398666,3,3.0,1
Female,33.0,501.092881352023,1,5.0,0
Male,45.0,288.530448965881,3,1.0,0
Male,10.0,501.092881352023,2,4.0,0
Female,35.0,548.333046679874,2,3.0,0
Male,31.0,303.379257535803,2,4.0,0
Female,39.0,667.889451538925,3,4.0,0
Female,33.0,650.223250632646,3,3.0,0
Female,34.0,674.635183327999,1,3.0,0
Male,26.0,302.93818280414,4,3.0,0
Female,52.0,700.119060197224,2,4.0,0
Male,27.0,213.606641136841,3,4.0,0
Female,35.0,559.660127822169,4,4.0,0
Male,35.0,466.588513746764,0,4.0,0
Male,47.0,750.189099978061,1,4.0,0
Female,23.0,675.568921614661,1,2.0,1
Male,30.0,727.166994029515,4,5.0,0
Male,14.0,1009.5914300218,3,5.0,0
Female,49.0,501.092881352023,1,2.0,0
Female,30.0,395.211428217683,3,5.0,0
Male,22.0,122.936876320409,3,3.0,1
Male,23.0,7.48716047781954,2,5.0,0
Male,39.0,649.436014483506,4,1.0,1
Female,24.0,567.42161415115,2,4.0,0
Female,36.0,501.092881352023,3,5.0,0
Male,55.0,167.45539929666,1,3.0,0
Male,32.0,496.911261835059,2,5.0,0
Female,25.0,574.804899258685,4,2.0,1
Male,39.0,224.189566216809,1,3.0,0
Male,23.0,799.538912928686,1,4.0,0
Male,52.0,873.428964343713,5,4.0,1
Male,49.0,449.463435677974,2,4.0,0
Female,33.0,671.734282035201,2,1.0,0
Female,26.0,501.092881352023,0,2.0,1
Male,31.0,348.260660804846,2,3.0,0
Male,39.0,445.09508674125,1,3.0,0
Male,45.0,725.054930317421,1,2.0,1
Female,25.0,763.670235703309,0,2.0,0
Male,45.0,667.943773568895,0,3.0,0
Male,30.0,519.846122469087,1,5.0,0
Male,24.0,19.8052829875018,2,3.0,1
Female,36.0,27.7304324472294,1,4.0,0
Male,24.0,196.433788047768,1,1.0,1
Male,45.0,713.761931646995,1,3.0,0
Female,40.0,197.019499519866,2,4.0,1
Male,34.0,161.513300765983,4,3.0,1
Male,29.0,395.876407438807,1,4.0,0
Male,34.0,336.1534409169,6,4.0,0
Female,46.0,521.169380914713,0,3.0,0
Female,23.0,263.157436306708,0,3.0,0
Male,31.0,280.089007045453,3,4.0,0
Female,27.0,993.844817076085,0,4.0,0
Male,35.0,567.755322967186,4,1.0,0
Female,28.0,371.891300948357,4,3.0,0
Female,17.0,961.792705245921,1,3.0,0
Female,24.0,501.092881352023,2,4.0,0
Female,51.0,1097.59819181917,1,4.0,0
Male,37.0,437.58610780378,2,5.0,0
Male,37.0,285.840153639248,2,4.0,0
Female,32.0,618.404069554556,3,4.0,0
Male,34.0,715.945654583269,4,4.0,0
Male,31.0,592.287366842222,4,5.0,0
Male,40.0,357.574539336664,1,2.0,0
Female,36.0,700.660242156331,3,4.0,0
Female,23.0,1146.60527458994,1,4.0,0
Male,38.0,194.317858600305,2,5.0,1
Male,10.0,350.615524965217,1,3.0,0
Female,39.0,13.235645281557,0,4.0,1
Female,21.0,518.849300393277,4,3.0,0
Female,34.0,720.640162697352,3,3.0,0
Female,23.0,945.895527365288,1,4.0,0
Male,35.0,156.24032166798,0,3.0,0
Male,41.0,501.092881352023,4,3.0,0
Male,20.0,553.327302664381,2,5.0,0
Male,45.0,400.885111968934,1,2.0,0
Female,36.0,651.091969805837,2,5.0,0
Male,30.0,456.518865278852,1,3.0,0
Male,43.0,501.092881352023,1,4.0,0
Male,33.0,361.216347247972,2,2.0,0
Female,42.0,501.092881352023,1,3.0,0
Female,29.0,354.170976726306,2,3.0,0
Female,44.0,104.870032979853,0,2.0,1
Female,50.0,11.8606471596802,1,5.0,0
Male,35.0,501.092881352023,2,4.0,0
Male,7.0,936.920968210242,2,5.0,0
Male,33.0,818.049448587451,2,4.0,0
Male,35.0,404.169886813477,1,3.0,0
Female,38.0,220.76579350461,0,2.0,1
Male,30.0,978.537142902157,3,5.0,0
Male,43.0,326.559492876223,5,4.0,0
Male,23.0,501.092881352023,3,3.0,0
Female,51.0,303.739597984408,4,4.0,0
Female,26.0,109.990092467229,2,2.0,1
Male,39.0,555.952077857955,3,5.0,0
Male,23.0,396.55215157338,0,4.0,0
Male,30.0,494.209526835783,1,4.0,0
Male,46.0,93.3492079868928,1,3.0,0
Female,42.0,501.092881352023,4,4.0,0
Male,55.0,302.923567152343,0,5.0,0
Male,37.0,4.73826555879219,2,2.0,1
Male,29.0,608.219290203908,2,4.0,0
Male,36.0,475.062580926274,4,4.0,0
Female,33.0,378.291036808285,2,3.0,0
Female,34.0,269.422994696589,1,3.0,0
Male,35.0,396.553493626832,3,4.0,0
Female,26.0,794.915369132719,0,4.0,0
Female,38.0,799.263171237627,2,3.0,0
Male,21.0,5.49915970082384,0,3.0,1
Male,28.0,601.312288915051,0,3.0,0
Male,12.0,501.092881352023,0,3.0,0
Female,43.0,316.136395715378,1,1.0,1
Male,14.0,741.722212233929,4,4.0,0
Male,42.0,493.843921303191,2,5.0,0
Male,22.0,641.078900862087,2,3.0,0
Female,31.0,322.859443996134,1,4.0,0
Male,57.0,162.746967300959,2,2.0,1
Male,36.0,569.727094475317,1,4.0,0
Male,15.0,546.546085687243,4,4.0,0
Female,33.0,648.410981419107,3,3.0,0
Male,36.0,623.654568846286,2,3.0,0
Male,41.0,287.260974105004,2,3.0,0
Female,13.0,585.071585709481,3,2.0,0
Female,35.0,1017.73337014333,3,1.0,1
Male,31.0,651.301632001062,4,2.0,1
Male,47.0,552.02532116653,2,1.0,0
Female,42.0,1031.90322100483,2,2.0,1
Female,19.0,853.737433318649,3,3.0,0
Female,48.0,255.134226082754,4,3.0,0
Male,39.0,305.61080408299,2,4.0,0
Male,20.0,79.4879725862527,0,5.0,0
Female,36.0,687.487760807597,4,4.0,0
Female,45.0,592.554272989006,1,4.0,0
Male,23.0,647.090633133742,0,3.0,0
Male,49.0,28.0148585652446,1,5.0,1
Male,20.0,426.499397649667,3,1.0,1
Male,27.0,917.378870553187,1,5.0,0
Male,26.0,150.312264273154,2,3.0,0
Male,49.0,506.957189353254,1,3.0,0
Female,30.0,484.295096106458,0,2.0,0
Male,23.0,82.243232797128,1,5.0,0
Female,39.0,219.633351368062,3,2.0,1
Male,42.0,409.90790850143,3,4.0,0
Female,42.0,559.277700384942,1,3.0,0
Female,32.0,914.911104718513,2,3.0,0
Male,38.0,392.246779553077,4,2.0,1
Female,28.0,501.092881352023,3,4.0,0
Male,52.0,34.5587629077718,1,4.0,0
Male,46.0,502.542257734023,0,3.0,0
Female,46.0,704.365446911716,4,5.0,0
Male,43.0,102.045280596888,4,2.0,0
Male,41.0,717.443058129725,2,4.0,0
Female,36.0,658.532605318691,2,4.0,0
Male,48.0,253.726645971117,0,4.0,0
Male,43.0,501.092881352023,5,2.0,1
Male,41.0,140.130956836979,0,4.0,0
Male,18.0,501.092881352023,3,4.0,0
Male,34.0,707.216877217822,4,4.0,0
Female,29.0,849.891416001918,4,4.0,0
Male,38.0,15.937289537429,2,4.0,0
Male,31.0,154.749849444321,2,1.0,0
Female,40.0,910.684520111488,1,4.0,0
Female,31.0,501.092881352023,2,3.0,0
Male,36.0,608.686602872206,0,3.0,0
Male,20.0,425.705567524328,0,3.0,0
Male,27.0,139.724844906503,3,3.0,1
Female,42.0,787.802208161882,1,5.0,0
Female,23.0,775.812618417882,4,1.0,1
Female,47.0,590.106355918216,4,5.0,0
Female,32.0,358.485622460342,2,4.0,0
Male,65.0,776.185013703665,3,4.0,0
Male,47.0,610.233791225825,3,5.0,0
Female,26.0,731.50758257341,1,3.0,0
Male,42.0,461.813252412007,1,3.0,0
Male,36.0,781.109994537405,2,5.0,0
Male,27.0,501.092881352023,4,4.0,0
Male,24.0,428.881249509491,3,2.0,0
Male,45.0,650.516689064019,1,4.0,0
Male,29.0,501.809772855637,1,5.0,0
Male,26.0,685.277849186022,1,4.0,0
Male,28.0,453.958832060347,2,5.0,0
Female,34.0,501.092881352023,0,3.0,0
Female,39.0,935.751528568871,2,3.0,0
Female,9.0,414.270067622243,2,2.0,0
Male,35.0,720.438863036003,0,1.0,0
Male,28.0,483.730177079236,3,4.0,0
Male,49.0,18.1362525478656,4,5.0,1
Female,64.0,307.28454614384,2,5.0,0
Female,31.0,640.879941026739,3,3.0,0
Female,18.0,325.137429012937,2,3.0,0
Male,36.0,501.092881352023,4,5.0,0
Female,33.0,777.567041346164,4,4.0,0
Female,52.0,674.556403050384,2,3.0,0
Male,44.0,823.036834722197,2,4.0,0
Male,42.0,616.138663513609,2,4.0,0
Male,38.0,693.792213188369,1,4.0,0
Female,37.0,656.421745281909,1,4.0,0
Female,19.0,257.186442978835,3,3.0,0
Female,46.0,223.035601850901,2,4.0,0
Male,36.0,470.160668713393,1,3.0,0
Female,34.0,1006.75533955123,3,5.0,0
Female,29.0,783.745929404078,0,5.0,0
Male,27.0,63.2183353152353,1,4.0,1
Female,43.0,530.020455233263,2,5.0,0
Female,24.0,38.7966276127363,3,5.0,1
Male,14.0,159.314712817797,0,3.0,0
Female,53.0,496.28098470246,2,4.0,0
Female,26.0,202.01453026353,4,4.0,0
Male,28.0,286.701737310293,1,4.0,0
Female,46.0,965.095028593721,4,3.0,0
Female,54.0,413.405566756892,2,3.0,0
Male,20.0,251.498581532297,0,3.0,0
Male,25.0,796.11756290136,1,3.0,0
Male,26.0,499.473563510975,1,3.0,0
Male,44.0,351.782513074098,1,5.0,0
Male,51.0,833.962945084657,0,3.0,0
Male,24.0,538.630683024227,1,5.0,0
Male,28.0,615.9473049814,3,3.0,0
Male,38.0,353.438911861993,3,3.0,0
Female,22.0,294.037964719694,3,4.0,0
Female,34.0,350.735624281711,2,5.0,0
Female,34.0,532.717482068972,0,4.0,0
Male,32.0,427.840881327816,0,3.0,0
Male,39.0,888.097669209991,1,5.0,0
Female,25.0,220.087336711988,2,5.0,0
Female,26.0,796.326556592854,0,5.0,0
Male,39.0,262.219424046832,2,2.0,1
Male,48.0,144.316106075878,2,2.0,1
Female,35.0,426.321223412408,0,1.0,0
Male,40.0,1028.41979825237,0,5.0,0
Female,43.0,504.353847523907,2,2.0,1
Male,43.0,724.652673401817,1,4.0,0
Female,25.0,630.323862102077,2,3.0,0
Male,27.0,586.18274822977,2,3.0,0
Female,54.0,543.310428658256,2,3.0,0
Female,40.0,937.996035658916,2,2.0,0
Female,40.0,145.253736075457,2,4.0,0
Male,39.0,228.967522520399,2,4.0,0
Female,22.0,709.044263164539,2,4.0,0
Female,54.0,699.71306140998,7,3.0,0
Male,40.0,1062.1977037415,4,4.0,0
Female,42.0,417.698951472944,0,2.0,0
Male,17.0,1208.31324956185,6,4.0,1
Male,43.0,246.898332555859,2,3.0,0
Female,31.0,333.207591302967,2,3.0,0
Female,22.0,10.3279896342758,4,5.0,0
Female,25.0,124.671065611027,1,5.0,0
Male,22.0,308.985005313,2,3.0,0
Male,22.0,506.967018106082,1,4.0,0
Female,36.0,412.297193519591,1,4.0,0
Male,31.0,209.28248592446,2,3.0,0
Female,38.0,460.626940960065,0,4.0,0
Male,34.0,1167.25599675319,1,3.0,0
Male,13.0,353.412028182674,1,3.0,0
Male,33.0,634.733374969275,2,5.0,0
Male,47.0,475.864441957558,2,5.0,0
Male,34.0,1160.11537750471,2,4.0,0
Male,50.0,589.639207684469,3,5.0,0
Female,40.0,928.413801453407,3,3.0,0
Male,17.0,905.380971612458,2,4.0,0
Male,36.0,29.1247559527992,2,4.0,0
Female,38.0,479.770460736914,1,4.0,0
Male,46.0,429.989818336123,3,4.0,0
Female,53.0,22.6604451708663,2,1.0,0
Male,44.0,33.9531839225898,2,3.0,1
Male,39.0,658.635309754041,5,5.0,0
Female,42.0,921.933935320085,1,4.0,0
Male,33.0,501.092881352023,2,3.0,0
Female,20.0,148.993375048254,5,3.0,0
Male,35.0,687.083972693483,1,3.0,0
Male,39.0,479.24035765851,1,3.0,0
Male,23.0,427.811155310504,0,3.0,0
Male,48.0,394.358390776402,0,4.0,0
Female,45.0,172.444039325367,4,4.0,1
Male,21.0,663.189291867758,0,2.0,1
Female,49.0,974.417362765595,3,3.0,0
Female,32.0,331.808112656283,0,4.0,0
Male,27.0,1305.27353653207,2,3.0,0
Female,46.0,467.309938148067,1,4.0,0
Female,34.0,295.390004127117,5,3.0,0
Male,54.0,907.545264010108,4,2.0,1
Female,26.0,633.75317298813,4,2.0,0
Female,18.0,668.836283203115,4,3.0,0
Male,32.0,404.015050183065,3,4.0,0
Male,43.0,234.660752800495,2,3.0,0
Male,26.0,657.331276367173,4,2.0,0
Male,22.0,260.48603758845,0,4.0,0
Female,20.0,16.7798816279413,1,3.0,1
Male,38.0,806.650697189754,3,4.0,0
Male,32.0,104.273399932493,4,5.0,0
Male,40.0,858.095570078755,0,3.0,0
Female,21.0,453.161580064955,2,2.0,0
Female,48.0,525.786473164545,1,4.0,0
Female,33.0,588.944974266101,2,4.0,0
Male,43.0,728.444539856853,0,4.0,0
Male,45.0,742.336856456414,3,5.0,0
Male,23.0,491.638847011538,2,5.0,0
Male,21.0,168.8058405006,2,4.0,1
Female,21.0,207.469625780614,6,3.0,1
Female,55.0,500.194947272633,4,4.0,0
Male,46.0,313.829155953728,3,5.0,0
Female,56.0,3.63482759679772,2,3.0,1
Female,31.0,721.241277461448,1,3.0,0
Female,36.0,508.956738336173,4,3.0,0
Male,40.0,63.5409066193085,3,4.0,1
Male,35.0,284.153665570506,1,4.0,0
Male,28.0,779.063616335727,1,4.0,0
Male,26.0,202.000739430654,1,4.0,0
Female,24.0,293.91898431438,1,3.0,0
Female,39.0,350.46227317676,0,3.0,0
Female,34.0,690.547905688656,2,4.0,0
Male,44.0,1092.67862598517,2,5.0,0
Female,29.0,927.219138920076,2,2.0,1
Female,39.0,848.710956626197,2,4.0,0
Female,27.0,430.063457857141,4,2.0,0
Male,28.0,601.454017809806,2,3.0,0
Male,29.0,497.766694768628,4,1.0,0
Male,33.0,45.5167449788096,1,5.0,0
Female,53.0,609.185195769809,3,4.0,0
Female,21.0,869.073548417072,4,3.0,0
Male,48.0,105.387981356579,1,4.0,0
Female,42.0,1319.75065554408,0,3.0,0
Female,51.0,506.215994445694,4,4.0,0
Female,66.0,786.315719546258,1,2.0,0
Male,49.0,111.905032195814,1,2.0,0
Male,44.0,711.884269940184,2,5.0,0
Male,22.0,1026.59768926929,1,4.0,0
Male,23.0,429.551620079071,4,5.0,0
Male,39.0,424.305503373452,2,5.0,0
Female,18.0,586.810555418591,2,2.0,0
Male,41.0,76.6217834236612,3,4.0,1
Female,14.0,572.090686015903,3,4.0,0
Female,47.0,21.6553858636891,2,3.0,0
Female,32.0,108.338835073484,1,5.0,0
Female,36.0,348.378849605699,0,4.0,0
Male,28.0,987.047125712203,3,4.0,0
Female,16.0,309.734659934467,5,4.0,0
Female,47.0,936.115432342603,3,4.0,0
Male,31.0,505.009975033838,4,3.0,0
Female,42.0,399.019469433483,4,5.0,0
Male,43.0,803.249108071675,1,4.0,0
Male,41.0,414.448609839448,4,3.0,0
Female,48.0,585.091588538282,3,3.0,0
Female,40.0,632.4988023096,2,5.0,0
Female,35.0,521.65184014275,3,3.0,0
Female,27.0,748.441281687907,1,2.0,1
Female,30.0,401.322384976708,2,1.0,1
Female,43.0,419.526820772496,1,4.0,0
Female,20.0,343.399696774909,7,5.0,1
Male,46.0,501.092881352023,2,5.0,0
Female,32.0,958.33477401215,1,4.0,0
Male,27.0,501.092881352023,1,5.0,0
Male,24.0,939.038757754173,4,4.0,0
Male,35.0,284.984510457842,1,3.0,0
Male,22.0,291.662383951656,3,5.0,0
Male,29.0,653.966034519418,1,4.0,0
Female,34.0,354.017513304227,2,3.0,0
Male,27.0,683.92598434667,6,3.0,1
Female,35.0,332.995786074795,2,2.0,0
Male,38.0,282.118446400639,1,4.0,0
Male,40.0,803.520179896656,1,4.0,0
Male,50.0,238.240533632091,0,4.0,0
Male,22.0,237.397338673014,0,3.0,0
Female,38.0,352.798449934343,1,3.0,0
Male,29.0,320.207418626898,2,2.0,0
Male,39.0,305.824576921998,1,4.0,0
Female,25.0,1111.10964387393,1,5.0,0
Female,26.0,254.966783635572,3,5.0,0
Male,35.0,417.713407917713,2,3.0,0
Female,33.0,24.002000501372,2,5.0,1
Female,42.0,488.58838110498,6,4.0,0
Female,42.0,164.550728041113,1,3.0,0
Female,30.0,144.430859746464,2,4.0,0
Male,26.0,587.744781404643,0,3.0,0
Male,22.0,175.417965789099,0,4.0,1
Female,35.0,418.961573396028,5,5.0,1
Female,21.0,501.092881352023,3,4.0,0
Female,36.0,548.150333668968,1,3.0,0
Female,47.0,257.169141103207,2,1.0,0
Male,31.0,556.770407061867,1,2.0,1
Male,30.0,86.9980387755031,2,3.0,0
Female,55.0,548.479782041322,2,3.0,0
Female,50.0,641.442594967029,1,3.0,0
Female,27.0,501.092881352023,3,5.0,0
Male,36.0,575.236442456842,5,5.0,1
Male,38.0,654.050914853193,2,3.0,0
Female,37.0,475.433897632967,2,1.0,0
Male,53.0,987.419487090407,2,3.0,0
Female,36.0,534.908510318933,4,3.0,0
Male,37.0,264.367112762863,0,4.0,0
Female,42.0,129.755147859891,1,3.0,0
Male,47.0,633.610876942205,3,5.0,0
Female,44.0,519.904317193518,2,4.0,0
Male,40.0,665.060277320639,3,3.0,0
Male,19.0,804.08259608317,3,4.0,0
Male,30.0,691.456032218924,5,4.0,0
Male,43.0,247.853715122451,2,4.0,0
Male,38.0,469.1830183476,3,4.0,0
Male,54.0,1079.40198955762,2,4.0,0
Male,23.0,731.209245036368,2,2.0,1
Male,46.0,524.019776278333,2,2.0,1
Female,32.0,417.356431069443,0,3.0,0
Male,35.0,855.387146679342,2,4.0,0
Male,56.0,485.369786315927,0,3.0,0
Male,36.0,534.148147740121,2,5.0,0
Female,29.0,501.092881352023,4,3.0,0
Male,39.0,252.360890915879,1,1.0,0
Male,38.0,676.004861901692,1,3.0,0
Male,60.0,144.82887246143,2,4.0,0
Female,34.0,194.234062013808,1,3.0,1
Male,29.0,313.561736473594,2,4.0,0
Male,36.0,370.115350773816,0,5.0,0
Male,37.0,559.626884687688,1,3.0,0
Male,38.0,67.4118281863687,1,4.0,0
Female,36.0,501.092881352023,1,5.0,0
Female,29.0,494.304989580675,4,3.0,0
Male,26.0,897.958654709802,1,4.0,0
Male,31.0,247.818755049723,2,4.0,0
Female,46.0,1015.0758935492,3,1.0,0
Female,49.0,426.204069573087,0,2.0,1
Female,34.0,645.774264995682,0,5.0,0
Male,26.0,116.679068220661,4,5.0,0
Female,56.0,755.29923832084,2,3.0,0
Female,95.0,2048.04251299694,1,4.0,0
Male,45.0,231.370525332838,1,3.0,0
Male,50.0,81.8752335290746,0,2.0,1
Male,23.0,274.660621193196,2,4.0,0
Male,31.0,768.625011819194,1,4.0,0
Male,30.0,708.030854652937,1,4.0,0
Female,41.0,587.180509706097,4,3.0,0
Male,37.0,501.092881352023,2,4.0,0
Female,43.0,225.271152430376,1,4.0,0
Male,30.0,501.092881352023,0,5.0,0
Male,49.0,1084.7044986899,4,5.0,0
Female,34.0,159.905194590005,1,5.0,0
Female,42.0,53.5339178696175,1,4.0,1
Male,47.0,559.423108978897,2,5.0,0
Male,46.0,822.366675125948,1,4.0,0
Male,39.0,639.661468596187,1,4.0,0
Male,43.0,467.252377700915,3,5.0,0
Female,52.0,702.963563334185,0,3.0,0
Male,40.0,569.201877270381,3,5.0,0
Female,28.0,669.806621210326,2,2.0,0
Female,41.0,192.411588795934,4,3.0,0
Female,35.0,466.810140282775,0,3.0,0
Male,12.0,1157.46041275937,2,4.0,0
Female,40.0,893.115362937012,1,5.0,0
Female,36.0,501.092881352023,0,5.0,0
Female,47.0,31.651474630022,2,4.0,1
Male,27.0,572.888159360004,2,4.0,0
Male,20.0,185.168141060915,5,3.0,0
Male,39.0,685.243340500025,1,3.0,0
Male,36.0,284.158929154683,0,2.0,1
Male,35.0,598.72859737482,2,3.0,0
Male,24.0,644.540786792627,3,4.0,0
Male,34.0,939.43741000909,1,2.0,1
Female,32.0,682.957057939954,2,5.0,0
Male,39.0,521.561067346718,4,3.0,0
Male,52.0,585.792209988116,0,5.0,0
Male,33.0,1114.94649520094,4,5.0,0
Female,51.0,456.159197208347,1,4.0,0
Male,36.0,282.39110362923,2,2.0,1
Female,36.0,523.973818448536,3,4.0,0
Male,34.0,174.304531165494,4,3.0,1
Male,47.0,494.843797279788,2,2.0,1
Female,43.0,555.753091786681,4,3.0,0
Female,35.0,19.8277974386251,2,3.0,1
Male,52.0,799.680969159376,3,5.0,0
Male,44.0,530.707811780801,4,4.0,0
Male,31.0,1144.33645249118,4,3.0,0
Female,21.0,999.196796620942,1,4.0,0
Male,31.0,692.375553642962,1,4.0,0
Male,39.0,776.167794624673,2,2.0,1
Male,41.0,226.804005771242,2,4.0,0
Male,49.0,456.049459037878,3,2.0,1
Female,24.0,324.91033892447,0,4.0,0
Male,31.0,501.092881352023,5,4.0,1
Male,22.0,280.813793324334,4,3.0,0
Female,29.0,661.201033766745,3,4.0,0
Male,39.0,140.389419722999,0,3.0,1
Male,43.0,79.8345005878987,0,5.0,0
Male,26.0,77.6479787867548,0,5.0,1
Female,27.0,642.278931386872,1,4.0,0
Female,17.0,501.092881352023,0,5.0,0
Male,37.0,330.726084744166,1,2.0,0
Female,28.0,501.092881352023,1,2.0,0
Male,52.0,1225.88511669692,3,5.0,0
Male,39.0,455.886754269848,4,4.0,0
Male,29.0,468.626081966663,1,2.0,1
Female,20.0,935.080694353437,2,5.0,0
Male,21.0,389.732412873688,5,4.0,1
Male,29.0,219.22845969593,3,2.0,1
Male,28.0,113.78231823939,2,4.0,1
Female,25.0,1169.25061658072,1,3.0,0
Female,39.0,440.857025441842,2,3.0,0
Female,30.0,508.990519104077,0,3.0,0
Male,54.0,31.8071085198611,3,4.0,0
Male,18.0,1035.32026616772,2,1.0,1
Female,36.0,542.467801921177,2,3.0,0
Male,33.0,620.111207678225,1,5.0,0
Male,29.0,872.378880477547,1,4.0,0
Female,28.0,732.410365693663,1,4.0,0
Male,35.0,326.680474309393,5,4.0,0
Male,33.0,761.85520912908,2,4.0,0
Female,31.0,672.530008645651,1,2.0,0
Male,22.0,1046.77844635077,3,4.0,0
Female,19.0,1003.61071368464,0,4.0,0
Female,32.0,37.0152099561076,2,5.0,1
Female,31.0,633.272595522175,0,4.0,0
Male,34.0,306.747626806326,2,5.0,0
Male,30.0,859.336277561804,3,4.0,0
Male,33.0,662.688401298337,2,5.0,0
Male,50.0,506.031405795062,2,4.0,0
Female,27.0,707.835756946608,2,4.0,0
Male,31.0,656.444743869525,3,3.0,0
Male,28.0,1167.94647242483,1,4.0,0
Male,35.0,296.356738328768,2,3.0,0
Male,34.0,368.709215965288,2,4.0,0
Female,30.0,614.144232517252,1,3.0,0
Female,32.0,283.30268661817,4,4.0,0
Female,28.0,421.84779248424,3,5.0,0
Male,56.0,111.582144183839,3,4.0,0
Female,26.0,858.361880347047,2,4.0,0
Female,39.0,152.647602787982,0,5.0,1
Male,42.0,69.8547344523524,4,4.0,0
Female,42.0,152.247141236106,3,3.0,0
Female,37.0,1108.40565048854,4,5.0,0
Male,35.0,535.796531482721,1,4.0,0
Female,31.0,162.360028015888,3,4.0,0
Male,27.0,302.660040570922,2,5.0,0
Male,34.0,1158.52926261484,0,3.0,0
Female,22.0,271.974701569083,3,1.0,0
Male,29.0,476.630561139447,2,3.0,0
Male,46.0,995.331377413718,2,5.0,0
Male,36.0,832.071595694629,2,4.0,0
Male,44.0,788.424162134774,0,4.0,0
Male,33.0,84.8129703700112,0,3.0,1
Male,37.0,1134.64022125592,0,3.0,0
Male,32.0,830.611372389919,3,4.0,0
Male,27.0,391.68234106049,1,4.0,0
Male,25.0,131.717759567698,1,5.0,1
Female,37.0,541.159915896769,0,4.0,0
Female,53.0,553.923931062843,0,2.0,0
Female,45.0,554.327455402302,2,1.0,1
Male,28.0,501.092881352023,5,5.0,0
Female,32.0,1065.60172430728,1,5.0,0
Female,47.0,501.092881352023,4,5.0,0
Female,30.0,561.043699285366,1,2.0,0
Female,24.0,501.092881352023,3,4.0,0
Female,27.0,228.536721430406,1,5.0,0
Female,28.0,461.659037595307,1,3.0,0
Male,27.0,269.538108921426,3,4.0,0
Female,44.0,643.417929638802,2,3.0,0
Male,53.0,798.557856549525,4,5.0,0
Male,48.0,165.073382319822,1,3.0,0
Female,30.0,445.483717038951,0,4.0,0
Male,18.0,263.014231224626,2,4.0,0
Female,40.0,640.353301263081,2,5.0,0
Male,15.0,942.307633882683,2,2.0,0
Male,38.0,540.539851421144,3,4.0,0
Male,38.0,389.784799167573,2,5.0,0
Male,37.0,386.194320634563,2,3.0,0
Male,28.0,530.914509964149,3,2.0,1
Male,40.0,294.344143909827,1,4.0,0
Male,39.0,775.880931487625,2,2.0,1
Male,33.0,965.671925814442,1,4.0,0
Female,42.0,527.095075336004,1,5.0,0
Male,34.0,381.184363329763,5,3.0,1
Male,40.0,956.304166374204,1,3.0,0
Male,34.0,284.621381135283,0,3.0,0
Male,37.0,609.481060982106,2,4.0,0
Male,41.0,712.351175974387,0,4.0,0
Male,31.0,137.613969784212,4,3.0,1
Male,38.0,26.567608424609,1,5.0,1
Female,47.0,288.744105271811,0,5.0,0
Male,38.0,239.827891239294,1,3.0,0
Female,35.0,501.092881352023,2,2.0,0
Male,42.0,743.997824418601,3,4.0,0
Male,33.0,878.872283596478,1,5.0,0
Male,46.0,501.092881352023,1,3.0,0
Female,30.0,501.092881352023,2,4.0,0
Female,44.0,351.50137573303,1,4.0,0
Male,46.0,153.830663688505,2,3.0,0
Male,41.0,643.131868875819,1,5.0,0
Male,23.0,21.9730372166666,2,3.0,1
Male,35.0,574.701733664736,1,3.0,0
Male,33.0,786.77596636831,5,2.0,0
Female,30.0,408.093239550632,4,5.0,0
Female,36.0,318.771310168603,4,3.0,0
Female,43.0,864.18403953523,2,4.0,0
Male,30.0,293.824326261617,3,4.0,0
Female,33.0,930.162273713648,1,4.0,0
Male,33.0,208.264284298044,2,3.0,0
Female,47.0,524.353272650842,5,3.0,0
Female,32.0,906.971170992099,3,4.0,0
Male,23.0,921.869989301226,2,4.0,0
Male,19.0,464.121170452853,2,4.0,0
Male,39.0,207.819824126019,2,5.0,0
Female,27.0,942.047493398116,0,3.0,0
Female,42.0,173.05813143945,0,1.0,1
Female,22.0,628.519209459797,1,1.0,1
Male,30.0,86.9238898656958,2,4.0,0
Male,22.0,271.157608044594,0,3.0,0
Male,39.0,417.370808995357,3,5.0,0
Female,41.0,802.900701435448,2,4.0,0
Male,38.0,501.092881352023,3,3.0,0
Male,24.0,841.378997038817,2,3.0,0
Male,28.0,389.429826255177,2,4.0,0
Female,37.0,622.422111328169,3,3.0,0
Female,18.0,949.554306089294,2,2.0,0
Female,33.0,744.736042173993,2,4.0,0
Female,50.0,66.067945298792,2,4.0,1
Male,33.0,576.046542155394,4,1.0,0
Female,20.0,797.485148703233,4,2.0,1
Female,29.0,510.443670504591,1,3.0,0
Female,56.0,484.960457279861,3,4.0,0
Male,52.0,151.123586776088,7,5.0,0
Male,42.0,346.530738711566,1,5.0,0
Female,32.0,831.55811291373,2,5.0,0
Male,47.0,252.033910395876,3,5.0,0
Female,24.0,236.894917194667,4,4.0,0
Male,46.0,914.288060305428,1,5.0,0
Male,44.0,368.196192656087,3,4.0,0
Male,33.0,749.816529316039,1,3.0,0
Female,46.0,659.054543007285,0,5.0,0
Female,31.0,1089.33807957897,3,4.0,0
Male,22.0,591.878728279003,0,3.0,0
Male,45.0,421.415104019271,2,3.0,0
Female,41.0,129.448377000876,4,4.0,0
Female,53.0,242.356885751996,3,4.0,0
Male,28.0,224.781565845786,0,2.0,0
Female,34.0,501.847233045473,1,4.0,0
Female,42.0,302.76776395042,1,4.0,0
Female,28.0,161.272663574541,2,5.0,1
Female,25.0,501.092881352023,0,3.0,0
Male,30.0,587.544589334397,1,4.0,0
Male,28.0,684.68190708678,4,5.0,0
Male,37.0,89.2216096800075,2,5.0,0
Female,36.0,281.398875303252,3,4.0,0
Male,38.0,1137.01924880365,2,4.0,0
Male,27.0,864.354285142106,4,4.0,0
Male,34.0,522.883064245097,2,3.0,0
Female,14.0,153.675194346229,1,2.0,0
Male,36.0,749.679832302843,3,4.0,0
Female,47.0,428.026333653445,0,4.0,0
Male,21.0,505.541496406748,0,4.0,0
Male,40.0,483.490184353685,4,2.0,0
Female,29.0,379.931085272303,2,5.0,0
Male,43.0,129.065987285376,2,5.0,0
Male,37.0,637.107764986246,4,1.0,0
Male,39.0,171.933686298603,2,5.0,1
Female,36.0,161.081837258547,1,3.0,1
Female,48.0,601.243955682869,3,4.0,0
Male,38.0,636.800777628751,2,4.0,0
Male,28.0,918.840974990331,3,4.0,0
Male,36.0,241.977361557622,4,5.0,0
Female,31.0,1088.82026170943,2,2.0,0
Male,37.0,696.977496872407,3,3.0,0
Female,31.0,277.921491747983,3,1.0,1
Female,28.0,284.774965678188,1,3.0,0
Female,37.0,501.092881352023,0,4.0,0
Male,31.0,444.123227514284,1,3.0,0
Male,15.0,979.396923630651,1,3.0,0
Female,31.0,750.886099377627,2,3.0,0
Male,19.0,330.04957507056,6,3.0,1
Male,18.0,48.2003391046333,1,3.0,1
Male,25.0,742.695273739723,1,4.0,0
Female,31.0,375.724639863353,3,3.0,0
Male,50.0,332.315016308984,2,4.0,0
Male,24.0,440.807406470417,1,5.0,0
Female,35.0,107.945839381428,1,5.0,1
Female,41.0,193.472103943456,4,5.0,0
Male,50.0,599.141154061347,0,5.0,0
Male,43.0,230.936474782603,4,4.0,0
Male,46.0,702.95327236224,2,4.0,0
Male,44.0,369.095954544237,2,5.0,0
Female,23.0,243.419615817162,1,4.0,0
Male,39.0,633.315141800939,2,3.0,0
Male,43.0,371.992268210388,1,2.0,1
Female,25.0,739.551399527197,1,4.0,0
Male,29.0,492.693087955816,2,3.0,0
Female,27.0,648.063952423487,1,3.0,0
Female,43.0,666.503479564322,0,3.0,0
Male,34.0,868.037996090039,1,4.0,0
Male,22.0,520.920749984504,1,3.0,0
Female,29.0,619.802384275777,1,4.0,0
Male,24.0,469.026204861081,0,4.0,0
Female,37.0,660.813384254284,2,4.0,0
Male,31.0,494.163313990296,1,4.0,0
Male,23.0,601.382618066523,0,5.0,0
Male,22.0,374.882279651944,0,3.0,0
Female,23.0,1047.33363668886,3,3.0,0
Female,36.0,742.659605668398,5,4.0,0
Male,38.0,501.092881352023,6,5.0,0
Male,38.0,122.229684685604,3,3.0,1
Female,27.0,54.6999804653638,4,5.0,0
Female,46.0,739.779350062221,4,5.0,0
Male,31.0,317.386568079494,0,4.0,0
Male,40.0,501.092881352023,3,4.0,0
Male,33.0,644.876227386371,3,3.0,0
Female,39.0,692.85874625809,2,4.0,0
Female,33.0,577.918850397143,0,5.0,0
Female,39.0,501.364897041207,4,4.0,0
Female,35.0,1070.72049524057,1,4.0,0
Male,43.0,364.006093426129,2,1.0,0
Female,27.0,728.655799596075,2,2.0,1
Male,17.0,327.669733530671,2,5.0,0
Male,33.0,101.03821527645,2,3.0,0
Male,36.0,501.092881352023,3,5.0,0
Female,24.0,1171.47601814037,1,4.0,0
Female,36.0,275.063405492762,2,3.0,0
Male,26.0,514.282418594666,3,4.0,0
Male,31.0,501.092881352023,2,4.0,0
Female,39.0,593.444662511818,2,4.0,0
Male,41.0,196.042377851286,0,4.0,0
Male,41.0,87.1268265121533,3,4.0,1
Female,35.0,861.075788292102,1,1.0,1
Female,20.0,395.700216484301,2,3.0,0
Male,35.0,324.343969341719,5,2.0,1
Male,32.0,135.281432771533,1,3.0,0
Female,40.0,398.014381339635,2,3.0,0
Male,36.0,526.824612923137,1,3.0,0
Male,30.0,362.330917169173,2,5.0,0
Male,44.0,376.556569454564,3,5.0,0
Female,13.0,853.993639645234,3,3.0,0
Male,34.0,636.170577031639,1,5.0,0
Female,26.0,58.4547672526988,5,4.0,0
Male,40.0,334.443164935705,0,5.0,0
Male,22.0,422.069183783477,4,5.0,0
Female,21.0,662.900637227552,1,3.0,0
Male,59.0,151.036121824395,4,4.0,1
Male,21.0,368.439287373482,4,5.0,0
Male,33.0,501.092881352023,1,4.0,0
Male,30.0,602.363293403277,1,3.0,0
Male,41.0,975.003509448703,1,2.0,1
Male,48.0,501.092881352023,2,4.0,0
Female,24.0,468.065305472391,5,3.0,0
Male,30.0,984.325938124069,2,3.0,0
Male,43.0,997.091252795043,4,4.0,0
Male,38.0,201.480588100075,2,4.0,0
Male,40.0,229.173321210252,2,4.0,0
Male,53.0,438.377281853695,3,2.0,0
Female,37.0,608.765918207595,0,4.0,0
Female,37.0,763.017356200967,3,4.0,0
Male,38.0,856.691220092705,2,2.0,1
Male,34.0,501.092881352023,3,4.0,0
Female,43.0,448.017080871423,4,3.0,0
Male,37.0,3.60215390026349,3,5.0,1
Male,43.0,626.353001109913,3,4.0,0
Male,44.0,394.060245856614,2,4.0,0
Male,39.0,470.800732020919,2,3.0,0
Female,40.0,526.584786071522,3,4.0,0
Female,25.0,366.351824873962,3,2.0,1
Male,29.0,448.008089013314,4,4.0,0
Female,43.0,422.586532591397,4,3.0,0
Male,49.0,458.840979898633,4,4.0,0
Female,16.0,144.152871745122,3,4.0,1
Male,29.0,32.2812589704438,2,5.0,0
Male,35.0,385.069645392146,2,5.0,0
Male,26.0,630.218752980041,1,5.0,0
Female,27.0,436.191271718941,5,5.0,0
Female,40.0,841.065406542491,2,4.0,0
Male,51.0,276.704607536227,1,5.0,0
Male,15.0,365.017182684763,4,1.0,0
Male,33.0,592.753941855939,0,3.0,0
Female,40.0,501.092881352023,5,5.0,0
Female,43.0,501.092881352023,4,3.0,0
Male,38.0,702.103146300284,3,4.0,0
Male,53.0,795.04323575054,4,3.0,0
Male,48.0,727.08914634691,2,4.0,0
Female,29.0,464.488483529624,1,4.0,0
Female,36.0,644.396585011118,2,4.0,0
Female,23.0,766.989667549497,3,4.0,0
Female,44.0,78.2733307433287,1,5.0,0
Male,34.0,68.9965899816321,1,1.0,0
Female,39.0,596.718541026482,4,5.0,0
Female,32.0,404.79978610893,2,3.0,0
Male,41.0,761.498032166254,3,4.0,0
Female,39.0,133.744600430445,2,4.0,1
Male,25.0,75.5184070516526,2,5.0,1
Female,26.0,336.853091223355,2,3.0,0
Female,35.0,425.458824169986,4,3.0,0
Female,42.0,337.321222522805,1,3.0,0
Male,54.0,55.5473304629359,3,4.0,0
Male,38.0,579.471559789244,2,3.0,0
Female,19.0,727.915684761694,1,4.0,0
Male,55.0,650.655620509153,3,4.0,0
Male,41.0,444.315915476633,4,3.0,0
Male,35.0,602.628468149188,2,4.0,0
Female,33.0,790.204406348324,3,4.0,0
Female,24.0,1171.67125393418,1,4.0,0
Female,27.0,265.129811775656,3,4.0,0
Female,54.0,681.999968053992,7,4.0,0
Female,25.0,785.848600124172,1,4.0,0
Male,28.0,801.597097891553,2,3.0,0
Female,23.0,13.6314990672498,2,2.0,1
Male,35.0,493.702318343487,1,4.0,0
Female,29.0,576.441548055293,3,4.0,0
Female,21.0,488.412678159034,0,5.0,0
Male,38.0,266.309352124733,4,5.0,0
Male,34.0,1196.94231840731,1,4.0,0
Male,30.0,501.092881352023,1,4.0,0
Female,32.0,501.092881352023,1,5.0,0
Male,34.0,645.338293072568,1,3.0,0
Female,36.0,820.407632139634,3,4.0,0
Male,31.0,224.284753531235,4,3.0,0
Male,29.0,440.424447950621,1,4.0,0
Male,16.0,422.718980324138,0,4.0,0
Male,29.0,349.753267424456,1,3.0,0
Female,42.0,187.199519325511,1,3.0,1
Male,44.0,792.170481195528,1,5.0,0
Female,30.0,162.746417794328,4,2.0,0
Male,48.0,582.139578924588,3,3.0,0
Female,35.0,662.272886978386,0,2.0,1
Female,22.0,499.529315007532,1,3.0,0
Female,18.0,917.781442302677,4,5.0,0
Male,47.0,508.846850795219,1,4.0,0
Male,31.0,552.666928774027,4,2.0,0
Male,23.0,360.619434917181,3,4.0,0
Male,12.0,333.332945366811,2,5.0,0
Female,31.0,107.695689724981,3,5.0,1
Female,39.0,339.602117728148,4,4.0,0
Female,28.0,635.402730060016,2,5.0,0
Female,24.0,483.455241396489,2,5.0,0
Male,30.0,507.919390269193,1,4.0,0
Male,47.0,211.925145214654,2,4.0,0
Male,21.0,474.901650387073,3,3.0,0
Female,29.0,472.30094965536,1,5.0,0
Female,47.0,407.670038829689,4,4.0,0
Male,40.0,316.5589111363,2,3.0,0
Male,37.0,861.014761057787,3,4.0,0
Female,29.0,541.725186597888,1,4.0,0
Female,35.0,501.092881352023,1,3.0,0
Female,30.0,325.607609279402,2,3.0,0
Male,26.0,431.249172627942,3,4.0,0
Male,24.0,270.905848313694,0,4.0,0
Male,43.0,356.188025261876,5,4.0,1
Female,34.0,248.60963096285,3,5.0,0
Female,37.0,779.603853382732,0,4.0,0
Female,39.0,398.340402355276,3,5.0,0
Male,32.0,928.71715928858,1,5.0,0
Male,30.0,356.081305812012,3,3.0,0
Male,27.0,568.61298027163,2,3.0,0
Male,21.0,787.760419843241,4,4.0,0
Female,24.0,204.853591560561,3,5.0,0
Male,31.0,501.251464419496,2,3.0,0
Female,19.0,910.122313065843,3,5.0,0
Male,45.0,601.34139109301,3,4.0,0
Female,37.0,133.595396698968,1,5.0,0
Female,30.0,505.601471342376,3,5.0,0
Female,58.0,554.775972718193,2,5.0,0
Female,19.0,422.253649190908,0,4.0,0
Male,45.0,866.617703352547,2,4.0,0
Female,34.0,269.044471738379,1,4.0,0
Female,43.0,523.091665219828,2,4.0,0
Male,36.0,501.092881352023,3,2.0,1
Male,16.0,345.021727423779,1,1.0,0
Male,36.0,929.696974016012,0,3.0,0
Male,38.0,104.132340872452,2,3.0,0
Male,13.0,526.579708797685,3,3.0,0
Female,54.0,395.385320335235,0,4.0,0
Female,38.0,568.833118207224,1,5.0,0
Female,42.0,654.185664378128,4,3.0,0
Male,23.0,510.123922198539,4,4.0,0
Male,42.0,419.45945451903,2,2.0,0
Male,46.0,320.588333381984,1,4.0,0
Male,38.0,541.574559001243,1,3.0,0
Male,35.0,102.912310554827,2,3.0,0
Female,26.0,739.385276580844,1,4.0,0
Male,30.0,501.092881352023,1,5.0,0
Female,41.0,655.433396672618,2,5.0,0
Female,27.0,1100.59679556121,2,3.0,0
Male,41.0,303.044688673545,3,3.0,0
Female,27.0,190.018518113263,3,3.0,1
Male,32.0,623.10794868895,1,4.0,0
Female,41.0,408.454208818565,0,4.0,0
Female,28.0,501.092881352023,2,5.0,0
Male,42.0,218.154410690894,4,4.0,0
Male,41.0,327.293665035724,1,4.0,0
Male,32.0,351.510717050404,3,4.0,0
Male,47.0,535.796492085483,3,1.0,0
Male,36.0,173.588601951615,4,2.0,0
Female,46.0,444.650608642643,1,4.0,0
Male,53.0,786.454994293333,2,5.0,0
Female,33.0,270.766884692322,1,4.0,0
Female,41.0,507.123270119988,1,2.0,1
Male,29.0,304.060867086257,4,3.0,0
Male,25.0,1180.42578640197,3,5.0,0
Male,21.0,884.090974543755,3,5.0,0
Male,26.0,648.64103153893,1,4.0,0
Female,30.0,501.092881352023,4,4.0,0
Female,42.0,576.820507540684,4,5.0,0
Male,38.0,101.58787548678,6,4.0,0
Male,54.0,571.46925497979,3,5.0,0
Female,40.0,501.092881352023,1,5.0,0
Female,46.0,75.1081064832764,1,4.0,1
Female,38.0,568.778254636856,5,4.0,1
Male,47.0,301.493895617676,1,4.0,0
Male,42.0,540.2549520983,3,5.0,0
Female,37.0,471.915628170545,2,5.0,0
Male,37.0,278.275158900209,2,3.0,0
Male,40.0,866.798394371888,0,4.0,0
Female,28.0,946.312809757701,2,3.0,0
Female,28.0,501.092881352023,2,4.0,0
Male,49.0,685.068302418045,1,4.0,0
Female,26.0,527.178048712057,0,3.0,0
Male,28.0,501.092881352023,0,4.0,0
Male,46.0,187.199155459476,2,4.0,0
Female,40.0,525.371960441168,5,5.0,0
Female,42.0,706.778864968079,1,4.0,0
Male,44.0,157.602067312219,2,5.0,0
Male,33.0,32.2750181589353,4,3.0,0
Female,38.0,596.113917847398,4,4.0,0
Female,26.0,724.327871256496,2,2.0,0
Female,38.0,185.656006906877,3,4.0,0
Male,47.0,552.756875228911,1,3.0,0
Female,32.0,1.60790424085349,1,4.0,1
Male,37.0,441.149821891135,3,3.0,0
Male,37.0,470.174969380539,0,4.0,0
Female,32.0,28.2399158909684,2,2.0,1
Male,42.0,960.97774041961,1,4.0,0
Male,28.0,310.059500993748,2,3.0,0
Female,48.0,480.614403825196,3,4.0,0
Male,41.0,501.092881352023,1,4.0,0
Male,26.0,486.660193637529,2,5.0,0
Male,37.0,501.092881352023,2,4.0,0
Female,28.0,501.092881352023,3,1.0,1
Male,46.0,851.493886635529,2,1.0,1
Female,40.0,153.170064779424,3,4.0,1
Male,17.0,1124.5082803638,1,4.0,0
Male,30.0,501.092881352023,3,4.0,0
Female,38.0,183.381111079434,4,4.0,0
Female,13.0,502.012717976008,3,2.0,0
Male,36.0,562.17146234565,1,4.0,0
Male,37.0,224.810862266837,3,3.0,0
Female,23.0,256.585927604533,2,4.0,0
Female,95.0,12259.1887152227,2,4.0,0
Male,35.0,583.053060392517,2,3.0,0
Male,23.0,842.134117364174,2,5.0,0
Female,44.0,693.160332083579,2,5.0,0
Female,32.0,417.016599183786,0,4.0,0
Female,33.0,530.276276243904,3,1.0,1
Male,42.0,17.4240263022622,0,4.0,0
Male,33.0,73.6253474813018,3,5.0,0
Male,16.0,717.641189650864,4,5.0,0
Male,40.0,272.402276986034,4,4.0,0
Male,27.0,168.576727041803,4,5.0,1
Female,31.0,64.890572612854,2,2.0,1
Female,50.0,92.7628775749657,2,2.0,1
Female,34.0,672.858264125763,3,2.0,1
Male,35.0,488.808888921239,0,3.0,0
Male,40.0,417.808020653725,3,3.0,0
Female,40.0,822.943865248886,3,4.0,0
Male,26.0,684.624361815046,0,5.0,0
Female,34.0,858.436998712567,2,4.0,0
Male,35.0,531.890263453533,2,5.0,0
Male,38.0,501.092881352023,5,3.0,0
Male,38.0,771.148407622908,2,4.0,0
Female,61.0,161.192347750361,3,4.0,0
Male,23.0,389.149868043581,1,2.0,0
Female,45.0,276.361067485881,2,3.0,0
Male,40.0,374.575704375554,0,3.0,0
Male,28.0,501.092881352023,3,3.0,0
Male,13.0,515.578293419271,2,3.0,0
Female,28.0,553.553141401555,0,3.0,0
Male,47.0,110.941595628622,1,4.0,1
Male,31.0,377.307576772342,1,4.0,0
Male,51.0,429.328222980036,1,4.0,0
Male,20.0,640.88987479487,2,4.0,0
Male,24.0,501.092881352023,0,4.0,0
Male,30.0,602.363974738018,3,4.0,0
Male,39.0,399.483005079608,3,3.0,0
Female,33.0,458.451099479379,2,5.0,0
Female,30.0,366.048781910295,2,3.0,0
Female,49.0,414.617943170579,4,5.0,0
Female,31.0,33.1180082545322,3,3.0,0
Male,13.0,237.614812009413,2,4.0,0
Female,37.0,665.066657839912,2,4.0,0
Female,42.0,651.072853161222,3,4.0,0
Female,36.0,603.977748863679,2,4.0,0
Male,34.0,501.092881352023,2,4.0,0
Male,27.0,552.94757207501,3,3.0,0
Female,42.0,633.94384845316,1,4.0,0
Male,52.0,501.092881352023,0,2.0,0
Female,13.0,101.534388643792,2,4.0,1
Male,34.0,281.036584583978,1,5.0,0
Male,25.0,646.036002555684,3,5.0,0
Male,20.0,346.375187119586,4,4.0,0
Female,24.0,670.108096229736,3,4.0,0
Male,39.0,505.415552636059,1,2.0,1
Male,50.0,77.3862762807581,0,4.0,1
Male,35.0,174.920787729098,4,4.0,0
Female,17.0,824.293257657766,2,4.0,0
Male,33.0,999.164883475415,1,2.0,0
Male,21.0,780.091540440714,1,3.0,0
Female,41.0,501.092881352023,1,4.0,0
Female,37.0,215.911021323873,3,4.0,0
Male,41.0,579.54374013309,3,5.0,0
Female,31.0,584.789174437812,1,5.0,0
Male,31.0,831.552794960086,0,4.0,0
Male,46.0,143.980325472647,0,4.0,1
Male,38.0,1092.72442975429,1,3.0,0
Female,33.0,41.4264903654302,4,4.0,1
Female,37.0,1043.52039209522,1,4.0,0
Male,35.0,138.761759918657,1,2.0,1
Male,37.0,192.283259395529,2,4.0,1
Male,35.0,78.0994980346871,2,5.0,1
Male,33.0,252.004960968758,2,4.0,0
Male,43.0,805.461476162299,5,3.0,0
Female,42.0,101.311526945,1,3.0,1
Male,32.0,754.290701883,2,4.0,0
Female,23.0,761.100805800088,0,3.0,0
Female,26.0,733.24704161812,3,4.0,0
Female,33.0,1204.15962156619,2,2.0,0
Male,48.0,349.72409664063,3,5.0,0
Male,32.0,666.782045528548,1,3.0,0
Male,29.0,55.6710507127222,2,1.0,0
Female,17.0,436.648404513091,4,4.0,0
Male,50.0,111.218022949263,1,5.0,0
Female,41.0,113.050120433458,1,4.0,1
Male,43.0,842.843065498797,3,4.0,0
Female,33.0,773.131655402878,1,5.0,0
Male,36.0,428.490098454798,1,1.0,1
Male,50.0,619.015196553955,2,4.0,0
Female,37.0,1246.16319960123,2,1.0,1
Female,41.0,885.946079588797,0,1.0,1
Female,44.0,194.844594033049,2,5.0,0
Male,41.0,739.242698249066,4,1.0,1
Male,34.0,311.357609781975,1,4.0,0
Female,35.0,484.789708882653,5,4.0,0
Male,43.0,1083.48097745246,1,3.0,0
Male,43.0,271.464104663315,0,5.0,0
Male,47.0,515.480037079632,2,4.0,0
Male,41.0,829.466969647503,3,4.0,0
Male,41.0,430.341077832784,0,4.0,0
Male,31.0,529.150234468111,2,2.0,1
Male,29.0,587.854558041182,1,1.0,1
Male,43.0,382.772665757651,3,3.0,0
Female,29.0,665.110693132774,3,3.0,0
Male,35.0,440.436856531447,2,3.0,0
Female,49.0,1011.38126214105,1,1.0,0
Female,47.0,283.478563676629,1,5.0,0
Male,38.0,432.690215720632,2,2.0,0
Male,32.0,501.092881352023,1,5.0,0
Male,34.0,368.105694607289,0,4.0,0
Female,44.0,32.6940768330427,1,3.0,0
Male,35.0,501.092881352023,3,4.0,0
Female,29.0,797.444873241928,4,3.0,0
Male,47.0,297.570216045031,2,5.0,0
Male,37.0,501.092881352023,2,3.0,0
Male,29.0,298.349304738167,1,4.0,0
Male,40.0,461.601261588828,1,3.0,0
Female,45.0,566.392789497593,1,5.0,0
Female,25.0,448.356440991872,6,2.0,0
Male,33.0,501.092881352023,3,5.0,0
Female,33.0,675.94694194636,3,5.0,0
Male,40.0,385.478450758974,2,5.0,0
Male,41.0,522.080618194565,1,3.0,0
Female,29.0,87.3068301299986,2,1.0,1
Female,20.0,113.559116427548,2,4.0,0
Female,45.0,697.77082238731,4,4.0,0
Male,24.0,598.276521200508,3,3.0,0
Female,38.0,502.171157873752,4,1.0,1
Male,34.0,645.056345025127,4,5.0,0
Male,37.0,565.21593611633,3,5.0,0
Female,52.0,297.522231299668,1,4.0,0
Female,65.0,324.50104538781,1,2.0,0
Male,19.0,694.7271037877,2,5.0,0
Male,45.0,308.929602832527,2,4.0,0
Female,33.0,752.091137010145,5,3.0,1
Male,45.0,501.092881352023,1,3.0,0
Female,45.0,807.170014682552,1,4.0,0
Female,49.0,1101.10614399144,2,2.0,0
Male,38.0,1036.21734090243,4,2.0,0
Female,26.0,501.092881352023,2,4.0,0
Female,44.0,643.947321723392,3,3.0,0
Male,36.0,9.88635677274294,2,2.0,0
Female,33.0,711.440315858825,1,5.0,0
Male,30.0,355.083880864722,2,5.0,0
Female,45.0,164.850039599888,1,4.0,1
Male,51.0,489.399456828622,3,3.0,0
Female,23.0,260.907595000236,1,5.0,0
Male,41.0,501.092881352023,2,2.0,0
Male,31.0,204.832387042506,3,4.0,0
Female,20.0,887.8218269077,2,4.0,0
Male,36.0,471.110392430223,1,3.0,0
Male,27.0,294.039951132177,3,5.0,0
Male,19.0,450.462756118374,5,4.0,1
Male,27.0,378.13365501281,1,3.0,0
Male,25.0,971.94930622105,7,3.0,0
Female,29.0,1104.53029942484,0,3.0,0
Male,22.0,673.555671960864,3,2.0,0
Female,31.0,192.591963329044,1,3.0,1
Female,28.0,115.871002857333,2,2.0,0
Male,39.0,637.262720649701,3,2.0,1
Male,41.0,432.23249448608,1,3.0,0
Female,38.0,1173.79212271804,3,3.0,0
Female,33.0,117.092170330204,2,3.0,1
Male,27.0,183.106517884284,3,5.0,0
Female,42.0,10.8458342643569,1,4.0,1
Female,17.0,369.798439460925,0,3.0,0
Male,34.0,353.59789821479,1,5.0,0
Male,32.0,524.939989372106,1,5.0,0
Female,41.0,756.054961549012,0,5.0,0
Male,21.0,310.743518136216,2,4.0,0
Female,35.0,915.153949547664,1,5.0,0
Female,38.0,803.091313075552,1,4.0,0
Female,16.0,582.628978148327,2,4.0,0
Male,24.0,1094.36218039911,0,5.0,0
Female,34.0,15.8061445021094,2,2.0,1
Female,37.0,99.5090420783284,2,3.0,1
Male,41.0,722.445284490711,1,3.0,0
Female,24.0,832.962301220172,2,4.0,0
Female,19.0,1036.14809805007,3,5.0,0
Male,36.0,841.629526241674,6,4.0,0
Male,23.0,1.69781615815361,4,5.0,1
Male,44.0,657.431972871417,3,4.0,0
Male,37.0,182.261106965146,5,3.0,1
Male,29.0,231.913092529514,1,3.0,0
Male,28.0,495.885456741293,1,3.0,0
Male,41.0,501.092881352023,4,5.0,0
Female,37.0,501.092881352023,0,5.0,0
Female,23.0,895.941571405798,3,4.0,0
Male,16.0,603.321304874272,1,1.0,1
Male,54.0,506.001963266104,3,3.0,0
Male,23.0,113.412322352158,2,3.0,0
Male,40.0,313.729050498365,2,4.0,0
Female,29.0,201.369208703663,1,4.0,0
Male,21.0,934.975165364568,0,4.0,0
Male,21.0,501.092881352023,6,4.0,0
Male,39.0,209.584160638498,1,5.0,0
Male,50.0,1220.73237197239,1,2.0,1
Female,31.0,746.250147489344,4,3.0,0
Female,29.0,237.088724567112,1,3.0,0
Female,28.0,501.331014387798,3,2.0,0
Female,38.0,599.467289866746,2,3.0,0
Male,35.0,1033.28697720375,2,5.0,0
Female,31.0,204.040254264481,2,3.0,0
Male,35.0,549.397686058307,1,4.0,0
Male,53.0,526.018889950679,0,4.0,0
Female,46.0,457.276623008457,1,3.0,0
Male,26.0,177.723468957366,3,4.0,1
Male,46.0,811.634407762847,3,4.0,0
Female,41.0,112.900376263209,3,5.0,0
Male,20.0,129.339956043586,4,4.0,1
Male,40.0,168.190073957229,3,4.0,1
Male,30.0,306.19194275832,2,5.0,0
Female,20.0,474.322882535435,0,4.0,0
Female,36.0,652.601973924314,1,5.0,0
Male,40.0,558.760052568764,2,4.0,0
Male,34.0,710.632745745779,1,3.0,0
Female,60.0,416.84515512688,2,5.0,0
Male,23.0,696.246249156094,4,3.0,0
Female,44.0,1093.71749251186,3,4.0,0
Male,35.0,744.193320517249,3,4.0,0
Female,26.0,501.092881352023,1,4.0,0
Female,35.0,235.936109338279,2,2.0,0
Female,29.0,670.627744107702,1,4.0,0
Male,35.0,442.92263575045,1,4.0,0
Male,19.0,1341.56127814121,2,4.0,0
Male,40.0,196.635633229086,2,5.0,1
Female,25.0,40.4131886266083,0,5.0,0
Male,20.0,328.067001057648,2,3.0,0
Male,24.0,923.680310190199,4,4.0,0
Male,57.0,43.342154778165,2,1.0,1
Female,15.0,201.778032099937,1,2.0,0
Male,39.0,501.092881352023,3,2.0,1
Female,27.0,711.186847289809,3,3.0,0
Male,31.0,513.725824496184,2,4.0,0
Male,41.0,517.560013268402,4,4.0,0
Male,41.0,1358.34832081735,4,3.0,0
Male,28.0,534.617759866234,0,3.0,0
Female,21.0,271.597691129362,2,4.0,0
Female,41.0,819.458958785051,2,5.0,0
Female,41.0,664.472856577525,2,4.0,0
Female,32.0,670.041397965328,2,2.0,0
Male,39.0,446.012649576591,0,2.0,0
Male,31.0,327.858193738899,4,4.0,0
Female,27.0,400.866449992016,3,5.0,0
Male,40.0,727.978949684221,2,3.0,0
Male,38.0,593.483969558751,0,4.0,0
Male,40.0,680.301858755101,2,3.0,0
Male,27.0,234.975938650952,1,4.0,0
Female,51.0,455.182822499019,4,5.0,0
Male,34.0,140.443287571386,3,3.0,1
Male,22.0,542.113542338526,1,4.0,0
Female,33.0,438.558153739951,2,4.0,0
Male,43.0,917.097427062298,0,4.0,0
Male,51.0,566.266114540466,0,4.0,0
Male,40.0,946.223014988004,3,4.0,0
Female,38.0,1391.45827377968,1,2.0,0
Female,31.0,764.318492879748,3,4.0,0
Male,28.0,515.543365990785,1,4.0,0
Male,45.0,736.893087860679,4,5.0,0
Male,45.0,546.519823219437,0,2.0,1
Male,24.0,575.267310494553,1,5.0,0
Female,42.0,113.149828637471,0,4.0,1
Female,24.0,626.8791503904,1,3.0,0
Female,40.0,586.318756364431,5,3.0,0
Female,25.0,435.342884117746,0,5.0,0
Female,11.0,506.300342697311,3,3.0,0
Male,33.0,905.110147127504,0,5.0,0
Male,38.0,81.030104995217,3,4.0,0
Female,34.0,132.830899940387,6,4.0,1
Male,64.0,363.163471684624,1,4.0,0
Male,39.0,501.092881352023,1,2.0,1
Female,36.0,717.147902295006,4,3.0,0
Male,39.0,309.680328787405,3,5.0,0
Male,31.0,243.828036760492,1,5.0,0
Female,44.0,395.392782051784,1,5.0,0
Male,39.0,283.450772030898,2,5.0,0
Male,38.0,790.576239092981,2,1.0,1
Male,29.0,700.591995680117,2,4.0,0
Female,19.0,546.978759916603,2,4.0,0
Female,30.0,595.296185036501,2,3.0,0
Male,38.0,530.959221327458,3,2.0,0
Female,31.0,658.548264300154,2,4.0,0
Male,38.0,931.740902445307,2,5.0,0
Male,33.0,461.838193786078,1,3.0,0
Female,39.0,208.883005312114,5,5.0,0
Male,25.0,326.947137845296,1,2.0,0
Female,37.0,229.75126665686,2,4.0,0
Female,29.0,683.591285135393,2,4.0,0
Male,20.0,283.348907728102,1,4.0,0
Male,33.0,703.50022499974,4,5.0,0
Female,50.0,501.092881352023,2,5.0,0
Male,20.0,877.390465834846,4,5.0,0
Male,36.0,729.502740629953,1,4.0,0
Female,43.0,501.092881352023,5,4.0,0
Male,58.0,317.394190744282,0,2.0,0
Female,29.0,501.092881352023,2,4.0,0
Male,46.0,1050.87044631182,2,2.0,0
Male,26.0,588.071520532528,2,5.0,0
Female,31.0,720.762984077812,3,4.0,0
Female,17.0,345.555477416894,0,2.0,0
Female,44.0,507.348945251113,0,3.0,0
Male,47.0,708.275542393129,3,3.0,0
Male,43.0,826.375834526011,2,4.0,0
Male,19.0,376.69966259442,1,5.0,0
Male,41.0,781.451858264253,1,4.0,0
Male,18.0,273.466602843091,3,3.0,0
Male,36.0,553.817926136743,0,5.0,0
Male,37.0,685.826316574735,1,4.0,0
Male,38.0,501.092881352023,3,4.0,0
Female,40.0,682.001001094836,2,4.0,0
Female,35.0,492.218516925876,0,1.0,1
Female,15.0,526.484570359685,2,3.0,0
Female,36.0,627.041924516049,1,5.0,0
Male,26.0,501.092881352023,0,5.0,0
Male,19.0,904.232482825481,6,4.0,0
Female,50.0,187.707671462104,2,2.0,0
Female,47.0,688.961460200961,1,3.0,0
Female,42.0,565.548920864664,1,4.0,0
Female,28.0,501.092881352023,3,2.0,1
Female,10.0,215.419255864341,0,4.0,0
Female,43.0,129.341042869943,6,4.0,1
Female,39.0,676.606398280098,0,3.0,0
Female,31.0,538.119946894108,0,3.0,0
Male,46.0,336.473829159246,2,5.0,0
Female,43.0,511.557401489691,0,3.0,0
Male,35.0,363.337877772503,1,3.0,0
Female,36.0,18.8852197348618,0,4.0,1
Female,42.0,605.977484559012,0,3.0,0
Male,26.0,144.372207214127,5,2.0,0
Female,39.0,588.573664568849,1,5.0,0
Male,26.0,322.889916701496,3,4.0,0
Male,48.0,691.743910138173,3,5.0,0
Female,40.0,659.589608260039,0,3.0,0
Male,28.0,622.786035243452,3,4.0,0
Male,36.0,655.577820873492,2,4.0,0
Male,50.0,640.124328735166,1,5.0,0
Male,51.0,328.534819843865,2,4.0,0
Female,42.0,349.912626757299,4,4.0,0
Male,51.0,441.245146175692,3,3.0,0
Male,37.0,467.565330026234,2,5.0,0
Female,43.0,428.492487069862,6,4.0,1
Male,47.0,881.649619930785,2,2.0,1
Female,35.0,667.515527151554,2,2.0,0
Female,36.0,699.875413267196,2,3.0,0
Male,44.0,612.861127178154,4,3.0,0
Male,41.0,381.464824200211,0,1.0,0
Male,27.0,920.88898932317,5,4.0,1
Female,13.0,1210.90277072242,3,2.0,0
Male,33.0,204.015365007235,0,4.0,0
Female,25.0,807.708697267963,1,3.0,0
Female,26.0,693.596597814646,2,1.0,0
Male,29.0,518.786716621347,1,4.0,0
Male,43.0,501.092881352023,0,4.0,0
Male,45.0,351.596576630576,2,3.0,0
Male,40.0,525.595060681691,3,4.0,0
Female,41.0,788.792887350754,2,3.0,0
Female,10.0,432.286307927107,3,2.0,1
Female,35.0,208.005284395618,0,3.0,0
Male,17.0,501.092881352023,2,4.0,0
Female,40.0,743.884870686589,4,3.0,0
Female,14.0,267.333334589525,1,3.0,0
Male,33.0,532.520106150913,3,2.0,0
Female,40.0,996.624619528687,0,3.0,0
Female,24.0,350.727630418973,1,4.0,0
Female,45.0,772.808126958684,5,3.0,0
Female,40.0,159.101741588684,2,4.0,1
Female,39.0,433.81963745673,6,3.0,1
Female,42.0,625.467900243075,5,2.0,1
Male,31.0,357.448248917249,1,5.0,0
Male,37.0,920.583713840592,4,3.0,0
Male,35.0,48.6674163651481,1,3.0,1
Male,35.0,1155.60565763624,3,5.0,0
Male,28.0,543.943622241003,1,3.0,0
Female,23.0,11.4546985262688,3,4.0,0
Male,32.0,931.175576792679,4,4.0,0
Male,31.0,300.426340133516,3,2.0,0
Male,28.0,332.269986590887,1,4.0,0
Female,44.0,181.662378143297,2,4.0,1
Female,33.0,166.826596902315,0,4.0,1
Male,47.0,39.8951137354384,0,4.0,1
Male,44.0,424.655876344667,3,3.0,0
Male,47.0,509.017259971619,1,4.0,0
Male,29.0,501.092881352023,1,1.0,0
Male,43.0,684.084155455278,0,4.0,0
Male,24.0,224.321707958503,2,4.0,0
Female,32.0,364.076957130217,2,5.0,0
Female,33.0,581.305270444833,2,2.0,0
Female,29.0,582.299080066904,0,3.0,0
Male,31.0,358.253921832646,2,2.0,0
Male,30.0,593.190271229148,1,5.0,0
Female,25.0,499.549440281885,3,2.0,1
Female,44.0,528.771106887341,0,5.0,0
Male,33.0,910.093468322338,3,4.0,0
Female,37.0,176.119719791268,1,3.0,1
Female,37.0,644.294263703329,2,2.0,0
Male,36.0,867.448269071919,3,3.0,0
Female,36.0,571.183344997351,1,1.0,0
Male,32.0,533.595111954181,2,4.0,0
Female,49.0,423.464999459972,3,5.0,0
Female,43.0,797.955491580464,2,4.0,0
Male,31.0,802.967451371193,0,4.0,0
Male,34.0,1039.64390032981,2,3.0,0
Male,39.0,452.619642595876,2,4.0,0
Male,50.0,294.041008562851,2,4.0,0
Female,21.0,414.098612006685,2,3.0,0
Male,42.0,814.341108093067,1,1.0,0
Male,46.0,944.566078052603,6,4.0,0
Male,20.0,371.412157496426,1,3.0,0
Male,33.0,639.484601943754,2,5.0,0
Female,24.0,54.4938235017718,7,3.0,1
Male,39.0,609.506485469308,2,4.0,0
Male,31.0,1099.74344345385,3,4.0,0
Female,34.0,528.152081249601,2,3.0,0
Male,31.0,613.888871095676,5,3.0,1
Female,37.0,1050.94358306148,2,4.0,0
Male,37.0,319.693586392963,3,2.0,1
Female,37.0,573.056675300933,3,3.0,0
Female,41.0,486.437909293087,0,4.0,0
Female,32.0,177.40890310217,2,5.0,0
Male,52.0,221.473531702296,6,4.0,0
Male,23.0,690.80213037654,2,3.0,0
Female,18.0,558.750857488444,2,4.0,0
Female,17.0,501.092881352023,2,3.0,0
Male,14.0,689.847304351301,3,4.0,0
Male,42.0,596.436354262943,2,3.0,0
Male,41.0,608.535075176659,1,1.0,0
Male,47.0,494.671894107342,2,4.0,0
Female,24.0,437.879409906553,1,3.0,0
Male,42.0,864.369311176103,5,1.0,1
Male,36.0,403.285167956921,1,5.0,0
Female,37.0,986.790985908498,3,4.0,0
Male,41.0,298.443521803268,2,4.0,0
Female,27.0,397.929024852816,4,5.0,0
Female,61.0,607.961233135556,1,5.0,0
Male,48.0,231.664791256347,6,4.0,1
Female,24.0,420.521439649987,3,3.0,0
Male,34.0,162.844463777531,3,4.0,0
Male,37.0,197.875010547514,0,4.0,0
Female,46.0,662.896229958904,3,2.0,0
Male,23.0,501.092881352023,3,4.0,0
Female,38.0,586.300943475883,3,3.0,0
Male,20.0,13.609424852089,1,3.0,1
Female,39.0,280.655222368941,3,4.0,0
Male,34.0,127.852423942217,6,3.0,1
Female,54.0,674.708228342067,3,3.0,0
Female,20.0,132.246484400176,2,5.0,0
Female,49.0,377.541727316873,2,4.0,0
Female,18.0,832.171444263857,3,4.0,0
Female,22.0,1.41216024849058,6,5.0,1
Female,18.0,139.538814126349,3,2.0,0
Male,38.0,108.205819192999,1,3.0,0
Female,23.0,394.225701063291,0,4.0,0
Male,22.0,152.994617167307,1,5.0,0
Male,37.0,249.805572364886,1,3.0,0
Female,40.0,849.456798037072,3,4.0,0
Male,35.0,685.070627841076,0,4.0,0
Female,33.0,36.8987901653552,3,1.0,0
Female,53.0,471.813252727992,1,1.0,0
Male,36.0,598.366848781361,4,4.0,0
Female,43.0,496.251230301022,2,4.0,0
Male,36.0,311.781674551477,2,5.0,0
Female,24.0,376.970621688813,3,5.0,0
Female,40.0,718.487837061797,1,5.0,0
Male,28.0,501.092881352023,4,4.0,0
Male,34.0,527.130936906614,2,4.0,0
Male,38.0,829.890219326815,1,3.0,0
Female,19.0,284.024422232953,0,4.0,0
Male,44.0,153.03731353699,4,3.0,0
Male,29.0,704.214119008652,1,3.0,0
Female,37.0,585.515238129191,1,2.0,0
Female,31.0,752.793301941904,2,5.0,0
Male,39.0,39.4974152206709,1,2.0,0
Female,34.0,590.48541718373,2,5.0,0
Male,37.0,540.017267492949,5,4.0,0
Male,28.0,45.1096318737287,1,4.0,0
Male,37.0,10.6347864585492,2,2.0,0
Female,46.0,143.477284695698,1,3.0,1
Male,29.0,621.214565690235,1,4.0,0
Female,44.0,828.811096064203,0,1.0,1
Female,34.0,360.540028279168,0,2.0,0
Female,42.0,585.658892766504,2,4.0,0
Male,36.0,566.836858455311,3,5.0,0
Male,38.0,904.125899795239,4,4.0,0
Female,47.0,329.185162733038,0,4.0,0
Male,37.0,117.095916753014,1,4.0,1
Male,40.0,405.363596160423,1,2.0,0
Female,31.0,125.070225589311,3,1.0,0
Male,51.0,428.406454810579,4,4.0,0
Female,41.0,664.211305709984,1,2.0,1
Male,36.0,233.521292322302,6,4.0,1
Female,34.0,158.359949481524,5,3.0,0
Female,45.0,729.966339818488,5,3.0,1
Female,29.0,292.057800261292,1,3.0,0
Female,17.0,668.198245680149,0,3.0,0
Male,36.0,501.092881352023,1,5.0,0
Female,47.0,697.161087882333,1,4.0,0
Male,34.0,685.010269853157,3,3.0,0
Female,35.0,1022.89813842292,2,4.0,0
Male,40.0,390.047955061718,3,3.0,0
Male,32.0,123.941468446515,1,3.0,0
Male,40.0,373.864139536066,0,3.0,0
Male,34.0,333.36940319907,3,2.0,0
Male,45.0,470.964538009722,2,4.0,0
Male,42.0,177.162647665128,2,1.0,0
Female,43.0,1008.8218048689,1,5.0,0
Female,33.0,337.352947423304,1,4.0,0
Male,54.0,833.788020409457,1,4.0,0
Female,40.0,546.148239416025,3,4.0,0
Male,37.0,141.360609816472,1,1.0,1
Male,27.0,501.092881352023,3,4.0,0
Male,34.0,370.113683520186,1,4.0,0
Female,36.0,226.56401053132,1,3.0,0
Male,27.0,242.778534602184,2,4.0,0
Female,32.0,916.625860656182,2,3.0,0
Female,33.0,514.542848447979,1,3.0,0
Female,36.0,561.94201510855,1,1.0,1
Female,17.0,915.510698242161,5,1.0,1
Male,34.0,210.965976158048,1,4.0,0
Male,31.0,877.863700940274,3,3.0,0
Male,35.0,414.917303989802,2,4.0,0
Female,56.0,752.365303793305,2,4.0,0
Male,42.0,244.118710992062,0,3.0,0
Male,23.0,52.9134925434033,0,5.0,0
Female,32.0,603.006991139957,1,5.0,0
Male,41.0,501.092881352023,3,4.0,0
Male,40.0,609.090095968568,1,4.0,0
Male,45.0,360.666057706073,1,5.0,0
Female,31.0,245.993077629986,1,4.0,0
Female,53.0,572.745529162241,6,5.0,1
Female,36.0,636.539382927652,2,4.0,0
Male,25.0,53.3277791358419,2,4.0,0
Male,50.0,501.092881352023,4,5.0,0
Female,20.0,620.430488104561,3,5.0,0
Male,43.0,551.20052163167,2,3.0,0
Male,44.0,580.255534343364,0,3.0,0
Male,22.0,281.944058808115,1,4.0,0
Male,34.0,135.333591066151,1,1.0,0
Male,32.0,360.574895307557,2,3.0,0
Female,30.0,806.45477310698,0,5.0,0
Male,49.0,540.602047256183,5,1.0,1
Male,25.0,267.476846911086,4,3.0,0
Male,38.0,480.248848989582,1,4.0,0
Female,47.0,768.181455545135,1,4.0,0
Female,39.0,309.562380257272,1,2.0,0
Male,41.0,303.562209387459,2,4.0,0
Female,39.0,403.70640610674,4,5.0,0
Male,39.0,196.333329609149,2,4.0,1
Female,41.0,401.099803248697,4,5.0,0
Male,31.0,611.960190572186,2,4.0,0
Female,22.0,288.978396601839,0,1.0,0
Female,45.0,42.1989880524465,0,3.0,1
Male,47.0,827.443334086162,0,3.0,0
Male,38.0,814.809242289652,4,4.0,0
Female,30.0,1132.16344928183,2,4.0,0
Male,36.0,676.332830577193,1,4.0,0
Female,22.0,159.12982027346,1,3.0,1
Male,20.0,854.003237318918,0,5.0,0
Male,35.0,444.643394709141,1,3.0,0
Male,27.0,373.473008812436,2,4.0,0
Male,38.0,1010.99978630203,1,1.0,0
Male,29.0,435.718184514264,4,5.0,0
Male,18.0,23.0510574634773,2,5.0,1
Male,27.0,158.016224531917,3,4.0,1
Female,23.0,118.170716470841,3,5.0,1
Male,32.0,464.85858066035,0,1.0,0
Female,24.0,1073.26156304649,3,4.0,0
Male,33.0,653.672391492366,4,4.0,0
Male,37.0,638.19809109546,1,4.0,0
Female,27.0,371.051188695441,3,5.0,0
Male,39.0,437.793708907264,4,4.0,0
Male,24.0,501.092881352023,2,4.0,0
Male,34.0,665.743643842813,2,5.0,0
Male,42.0,596.608080680601,2,3.0,0
Male,44.0,299.663830126399,2,1.0,0
Male,51.0,393.070355444816,1,3.0,0
Female,34.0,290.05276446193,2,2.0,0
Male,25.0,225.277788036653,4,3.0,0
Male,22.0,381.944959929603,1,4.0,0
Male,37.0,624.762217323933,0,5.0,0
Male,27.0,384.17111943903,2,4.0,0
Female,47.0,259.082046304388,1,2.0,0
Female,20.0,645.438740873294,1,2.0,0
Female,40.0,27.8722716772843,2,4.0,0
Male,25.0,501.092881352023,0,3.0,0
Male,27.0,132.163162325371,4,1.0,0
Male,40.0,82.3561462098378,2,3.0,1
Male,28.0,886.091989080064,2,4.0,0
Female,30.0,335.392004151765,2,4.0,0
Male,27.0,501.092881352023,1,4.0,0
Female,53.0,822.429400256614,2,4.0,0
Male,29.0,362.872784974655,1,4.0,0
Male,36.0,508.471578769429,1,3.0,0
Female,33.0,652.849691341999,3,2.0,1
Female,37.0,497.866022251705,1,3.0,0
Male,33.0,22.0580141712193,3,4.0,1
Female,39.0,954.939251262282,2,4.0,0
Female,26.0,88.7158930491323,6,5.0,1
Female,46.0,755.230310103399,0,4.0,0
Male,47.0,325.49533269522,0,4.0,0
Male,41.0,481.153952290241,4,5.0,0
Male,36.0,166.181605970125,3,4.0,1
Male,39.0,805.64202171807,0,5.0,0
Female,31.0,414.744001057669,2,5.0,0
Female,33.0,320.00064655356,5,5.0,1
Male,16.0,512.293394510347,2,5.0,0
Male,40.0,516.788099496548,1,4.0,0
Female,21.0,612.532467188484,0,3.0,0
Female,36.0,501.092881352023,2,3.0,0
Female,44.0,359.698446639334,5,2.0,1
Female,30.0,946.334930160283,2,4.0,0
Male,47.0,593.48333735425,1,4.0,0
Male,28.0,1257.32264161183,7,3.0,0
Male,41.0,501.092881352023,0,4.0,0
Female,45.0,599.417352221835,0,5.0,0
Female,40.0,501.092881352023,1,5.0,0
Male,31.0,501.092881352023,0,3.0,0
Female,21.0,308.40579032771,0,4.0,0
Female,95.0,2134.69897630973,2,4.0,0
Female,46.0,670.327811940712,1,4.0,0
Female,36.0,8.21840491826356,1,4.0,0
Male,24.0,276.506476434266,3,4.0,0
Male,48.0,548.583270751547,3,5.0,0
Male,40.0,889.205686924746,3,3.0,0
Male,23.0,85.6432003084062,2,4.0,1
Female,17.0,501.092881352023,4,3.0,0
Female,29.0,167.525725668437,0,3.0,1
Female,16.0,535.306115433625,2,2.0,0
Male,33.0,354.65350906975,3,5.0,0
Male,60.0,549.405485186853,1,3.0,0
Male,19.0,536.927143600594,5,5.0,0
Male,33.0,501.092881352023,1,4.0,0
Female,48.0,80.86340065448,3,4.0,1
Female,42.0,847.665069523161,1,5.0,0
Female,34.0,501.092881352023,1,4.0,0
Male,34.0,397.792962334913,3,4.0,0
Female,23.0,501.092881352023,4,1.0,0
Male,32.0,137.775403269432,2,3.0,1
Male,37.0,1051.38053462884,2,1.0,0
Female,46.0,501.092881352023,3,4.0,0
Female,29.0,230.145906512354,3,5.0,0
Female,33.0,439.199872856758,1,3.0,0
Female,26.0,432.101232714394,2,4.0,0
Female,37.0,515.355898426304,3,4.0,0
Female,41.0,482.681542259597,2,4.0,0
Female,23.0,597.562002086829,1,2.0,0
Male,36.0,849.834522324899,2,5.0,0
Male,28.0,738.738559250069,0,4.0,0
Male,45.0,1239.14002350851,1,4.0,0
Female,33.0,684.742741711385,5,3.0,1
Female,20.0,308.309441521744,0,5.0,0
Male,33.0,130.385267580726,1,3.0,0
Female,40.0,298.574453521531,1,3.0,0
Male,37.0,210.884703291178,4,3.0,0
Female,30.0,304.288408426711,2,2.0,0
Female,29.0,41.9181489913246,2,3.0,1
Male,25.0,181.902475727617,1,2.0,0
Male,31.0,38.641546640804,3,3.0,1
Male,26.0,524.154000062139,3,3.0,0
Male,45.0,528.415051356421,1,2.0,0
Male,26.0,695.54938776243,2,4.0,0
Male,36.0,524.25370125003,2,5.0,0
Female,36.0,644.93627422788,1,5.0,0
Female,44.0,204.081402333353,2,4.0,0
Female,46.0,548.685526108378,4,5.0,0
Female,42.0,501.092881352023,3,4.0,0
Female,39.0,638.656066768803,1,5.0,0
Female,25.0,60.9424310005206,0,4.0,1
Male,24.0,751.253361222773,4,3.0,0
Female,27.0,735.287521598761,1,3.0,0
Female,43.0,480.758425754321,2,3.0,0
Female,36.0,441.121157965987,1,4.0,0
Male,45.0,850.695249007701,5,3.0,1
Male,28.0,1342.20218815869,1,4.0,0
Male,35.0,481.183541874351,2,5.0,0
Female,35.0,1136.545204932,1,5.0,0
Male,32.0,811.254551372445,5,4.0,0
Female,30.0,449.794481680496,2,3.0,0
Male,47.0,419.122234864344,2,4.0,0
Male,36.0,306.428588846984,2,4.0,0
Female,35.0,112.234255518909,0,3.0,1
Male,27.0,13.4375191119057,1,3.0,0
Female,42.0,299.727399925608,3,4.0,0
Male,25.0,63.6646184992236,4,3.0,0
Male,40.0,149.495400286569,2,3.0,0
Female,40.0,1062.39231655694,3,1.0,0
Female,31.0,711.224549190187,0,5.0,0
Male,38.0,450.268944066997,0,4.0,0
Male,37.0,411.819624292652,5,5.0,1
Female,35.0,808.689457924956,1,3.0,0
Male,35.0,299.527134737144,0,1.0,0
Female,36.0,749.111285239674,1,4.0,0
Male,36.0,114.101667925053,1,2.0,0
Male,36.0,553.432237914776,1,4.0,0
Male,24.0,769.22599570069,3,3.0,0
Male,33.0,574.749221969571,1,4.0,0
Female,38.0,441.050876481249,4,4.0,0
Male,36.0,511.826204740753,0,5.0,0
Male,45.0,493.956373474138,2,5.0,0
Male,41.0,501.092881352023,1,4.0,0
Male,26.0,852.199253574826,0,4.0,0
Female,33.0,86.9661044284285,2,3.0,1
Male,35.0,276.308421310188,2,3.0,0
Female,35.0,610.214542893084,3,4.0,0
Male,41.0,226.502581935199,1,3.0,0
Female,37.0,499.521752941766,2,4.0,0
Male,47.0,641.375558379446,1,4.0,0
Male,37.0,501.092881352023,2,5.0,0
Female,27.0,530.97021944827,3,4.0,0
Male,30.0,971.257793356576,3,4.0,0
Male,41.0,807.675367173886,1,5.0,0
Male,19.0,564.181787431769,3,5.0,0
Female,22.0,706.244762531798,2,3.0,0
Male,35.0,149.474678793436,3,4.0,1
Female,45.0,642.038193112344,1,3.0,0
Male,48.0,521.185462635494,3,5.0,0
Male,33.0,292.415650983474,2,5.0,0
Male,46.0,425.604505909876,2,3.0,0
Male,36.0,278.89444110039,2,3.0,0
Male,20.0,784.866120392109,2,4.0,0
Male,35.0,642.126124182635,5,2.0,0
Female,29.0,501.092881352023,1,5.0,0
Male,44.0,42.7052347117295,1,5.0,0
Male,35.0,614.989566269114,2,5.0,0
Female,22.0,427.343144814116,3,5.0,0
Male,95.0,15910.4318792316,1,3.0,0
Male,35.0,220.955840694452,3,4.0,0
Male,30.0,409.157214089625,2,5.0,0
Female,24.0,636.264141512317,1,3.0,0
Male,45.0,1146.70533962423,0,4.0,0
Male,47.0,330.619555393878,1,4.0,0
Male,32.0,548.710307789736,5,3.0,1
Male,45.0,715.734518469927,0,4.0,0
Male,35.0,257.950789111784,0,4.0,0
Male,21.0,38.0164392546523,0,4.0,0
Female,34.0,825.779452446087,1,3.0,0
Male,26.0,999.761840674848,1,4.0,0
Male,46.0,622.048207982006,4,4.0,0
Male,32.0,284.766232305268,2,4.0,0
Female,36.0,487.549670009596,2,1.0,0
Female,22.0,394.369661221566,1,3.0,0
Female,27.0,986.416157339698,2,3.0,0
Male,51.0,568.365598755306,1,3.0,0
Male,36.0,581.913978038463,3,4.0,0
Female,44.0,425.610230152063,2,3.0,0
Female,37.0,309.822144640683,2,5.0,0
Female,48.0,35.9443908595048,2,3.0,0
Male,33.0,687.125448688892,2,4.0,0
Female,45.0,23.2082026818677,1,4.0,0
Female,35.0,234.747988118641,0,5.0,0
Female,30.0,760.920153210102,2,4.0,0
Male,25.0,478.914441473113,1,3.0,0
Male,24.0,488.501459641965,3,4.0,0
Male,43.0,252.04407608925,2,4.0,0
Male,34.0,731.835152616341,2,4.0,0
Male,40.0,575.826865011855,3,5.0,0
Male,36.0,136.596789293567,3,4.0,0
Male,45.0,190.365657975297,0,3.0,0
Male,45.0,520.796696015961,2,3.0,0
Male,24.0,432.261271393566,0,4.0,0
Female,38.0,551.00071661577,1,3.0,0
Female,18.0,461.151208652967,1,4.0,0
Male,36.0,691.77510546753,1,2.0,1
Female,41.0,501.092881352023,4,4.0,0
Female,22.0,126.562570781519,4,3.0,1
Male,31.0,84.5122527873067,0,4.0,0
Female,35.0,550.927219264166,2,4.0,0
Male,37.0,526.556989716568,0,5.0,0
Female,32.0,174.414870755927,2,5.0,1
Male,23.0,165.452812524837,2,5.0,1
Female,34.0,853.806729014913,1,5.0,0
Male,18.0,118.104221114572,3,4.0,1
Female,33.0,780.276482962962,2,2.0,0
Male,31.0,501.092881352023,2,3.0,0
Female,34.0,424.785133074948,3,3.0,0
Male,29.0,180.502096702229,2,3.0,1
Male,20.0,777.114191431863,4,2.0,0
Male,31.0,743.655872613435,1,5.0,0
Female,44.0,73.9365060876113,1,2.0,0
Male,48.0,271.619166477129,2,4.0,0
Female,59.0,551.56543916573,3,4.0,0
Male,52.0,495.098085614818,2,4.0,0
Male,23.0,379.206142964885,2,4.0,0
Female,31.0,537.342014249102,2,4.0,0
Male,35.0,592.822999637551,3,4.0,0
Female,34.0,232.324966850076,3,4.0,0
Male,36.0,307.038932739061,0,4.0,0
Male,24.0,121.961809592218,2,4.0,0
Male,28.0,748.530119764976,3,5.0,0
Female,51.0,582.650974792895,2,5.0,0
Female,29.0,686.678426708901,4,4.0,0
Female,39.0,330.107485021182,0,3.0,0
Male,45.0,49.8327519383333,0,3.0,0
Female,40.0,546.982449458133,2,5.0,0
Male,37.0,323.568127106566,0,4.0,0
Female,44.0,337.047620699687,2,4.0,0
Male,26.0,501.092881352023,3,3.0,0
Female,30.0,490.318468081869,3,5.0,0
Male,40.0,769.456831270733,4,4.0,0
Female,14.0,365.537419031332,0,4.0,0
Female,38.0,134.304909436723,0,3.0,0
Female,37.0,138.710749200204,1,4.0,0
Male,19.0,151.473477317921,3,4.0,0
Male,22.0,485.601469436713,1,4.0,0
Female,14.0,935.434308995394,3,3.0,0
Male,43.0,851.782527717136,3,3.0,0
Male,31.0,284.220300504597,1,3.0,0
Male,33.0,501.092881352023,3,2.0,0
Male,38.0,572.991973854146,1,5.0,0
Female,38.0,516.17512108555,1,4.0,0
Male,28.0,365.166220562152,3,5.0,0
Male,41.0,835.38871207074,1,4.0,0
Male,12.0,292.258318935778,0,4.0,0
Male,30.0,744.958621961751,2,5.0,0
Male,37.0,237.180883169664,2,2.0,1
Male,32.0,395.246883161966,0,4.0,0
Male,17.0,392.755869396625,2,5.0,0
Male,23.0,23.7330883362698,4,5.0,1
Male,34.0,579.842409830161,2,4.0,0
Female,37.0,80.0133690242305,2,4.0,1
Male,35.0,1315.11588915369,2,4.0,0
Male,47.0,336.703674066143,1,5.0,0
Male,34.0,815.518537240807,1,5.0,0
Female,39.0,449.74576469078,3,5.0,0
Female,34.0,812.889790762919,2,4.0,0
Female,41.0,40.9241521859054,5,3.0,0
Male,49.0,476.120481888249,0,5.0,0
Male,43.0,521.251356735048,2,2.0,0
Male,49.0,314.731402561979,2,3.0,0
Female,31.0,510.256272762112,2,3.0,0
Male,45.0,677.943113027034,2,4.0,0
Male,37.0,441.967405007499,0,5.0,0
Female,46.0,111.13957429188,3,4.0,1
Male,38.0,460.702579351144,1,2.0,1
Female,39.0,308.028014289352,1,4.0,0
Male,38.0,356.335871562517,1,4.0,0
Male,38.0,303.223074749004,1,3.0,0
Female,33.0,471.924394212159,3,4.0,0
Male,32.0,605.404011212898,2,4.0,0
Male,53.0,1003.25622447969,2,3.0,0
Female,40.0,567.3220866704,2,3.0,0
Male,29.0,608.271730626975,1,5.0,0
Male,32.0,616.984130357837,1,1.0,0
Male,46.0,458.305532604792,2,4.0,0
Female,28.0,595.519206528402,1,4.0,0
Female,20.0,257.498602335895,3,4.0,0
Male,21.0,284.471018985731,3,4.0,0
Female,18.0,551.621645401048,3,4.0,0
Female,23.0,927.375251572003,1,2.0,0
Male,49.0,986.372596650819,0,3.0,0
Female,35.0,201.495614691592,2,4.0,0
Male,31.0,454.671048069128,2,3.0,0
Male,21.0,547.154786888892,5,4.0,1
Male,34.0,307.209195514853,3,5.0,0
Male,31.0,485.986823294615,1,2.0,1
Male,42.0,229.641756873951,1,4.0,0
Male,33.0,836.899566864134,3,1.0,0
Male,42.0,431.360619733629,2,3.0,0
Male,30.0,398.723560456065,2,3.0,0
Female,27.0,78.8448339109021,2,3.0,0
Male,52.0,894.21675268639,1,4.0,0
Female,95.0,14308.4847289935,0,4.0,0
Female,31.0,543.299977740622,0,4.0,0
Female,38.0,127.610340233649,3,4.0,0
Male,26.0,501.092881352023,1,4.0,0
Male,42.0,868.080308049164,3,3.0,0
Male,32.0,501.092881352023,1,4.0,0
Male,42.0,840.034890213379,2,3.0,0
Male,33.0,521.41428614646,1,3.0,0
Male,52.0,345.744133070193,5,4.0,1
Male,28.0,878.508970726737,2,4.0,0
Male,48.0,486.292861242279,4,5.0,0
Male,47.0,271.154288578926,2,5.0,0
Female,53.0,895.635508139078,1,4.0,0
Female,37.0,501.092881352023,2,5.0,0
Female,27.0,501.092881352023,1,5.0,0
Male,56.0,748.795806872535,1,5.0,0
Male,32.0,552.784256982162,1,1.0,1
Male,27.0,697.765446948894,3,5.0,0
Male,33.0,247.383949023814,2,3.0,0
Male,25.0,132.322210334098,1,2.0,1
Female,40.0,290.766857940382,3,4.0,0
Female,29.0,714.789793256636,1,3.0,0
Female,32.0,501.092881352023,2,2.0,0
Male,45.0,1021.90488220342,0,1.0,1
Male,41.0,239.220442385285,1,2.0,0
Female,35.0,656.882363182535,3,4.0,0
Male,37.0,609.698890405279,2,4.0,0
Female,35.0,100.10477160004,1,4.0,0
Female,31.0,760.322097907888,3,2.0,1
Male,35.0,537.594719803827,3,4.0,0
Male,40.0,15.3988393146516,0,3.0,0
Female,34.0,164.979555217879,0,4.0,1
Male,39.0,331.461092852241,3,4.0,0
Male,27.0,431.485095838376,3,4.0,0
Male,29.0,903.780735223025,2,4.0,0
Male,28.0,618.295528122432,2,1.0,1
Female,29.0,608.122488899272,1,4.0,0
Female,48.0,713.371123480925,1,4.0,0
Male,42.0,644.710191566265,1,5.0,0
Male,24.0,492.127501553914,0,4.0,0
Male,39.0,415.173563366442,2,4.0,0
Male,31.0,68.4137529434579,2,4.0,1
Female,28.0,236.834244001864,4,4.0,0
Male,20.0,231.011583080721,1,5.0,0
Male,45.0,110.181147604898,2,4.0,1
Female,21.0,959.788688666218,1,3.0,0
Female,34.0,246.316477120045,3,4.0,0
Female,26.0,746.31572519568,4,3.0,0
Male,43.0,179.966817412376,1,3.0,0
Female,32.0,25.6491321285054,2,3.0,0
Male,34.0,866.745575367383,1,5.0,0
Male,34.0,229.321445648242,3,5.0,0
Male,38.0,208.702090392959,2,3.0,0
Female,35.0,216.782614122017,0,3.0,0
Female,35.0,1008.32955494695,1,5.0,0
Female,30.0,184.653292753026,5,2.0,0
Female,19.0,857.528270951446,1,3.0,0
Male,24.0,774.160309383989,1,4.0,0
Female,42.0,472.262883049728,6,4.0,0
Female,32.0,187.309931786991,2,2.0,0
Male,28.0,685.605427329195,2,4.0,0
Female,21.0,1035.28179990251,4,4.0,0
Female,18.0,1143.14824821876,1,5.0,0
Male,28.0,726.293737101512,4,4.0,0
Male,44.0,648.237302958271,2,4.0,0
Male,29.0,451.724428344963,0,5.0,0
Male,39.0,818.443497262005,2,3.0,0
Female,29.0,155.159623987749,6,4.0,1
Male,41.0,94.1716441625483,3,5.0,1
Female,31.0,205.189416205186,1,2.0,1
Female,23.0,291.101688482893,3,3.0,0
Male,32.0,843.740935860161,1,5.0,0
Male,53.0,398.581070824682,0,4.0,0
Male,53.0,317.509693656863,3,5.0,0
Female,40.0,501.092881352023,2,4.0,0
Female,34.0,501.092881352023,0,1.0,0
Male,38.0,447.600680668471,1,5.0,0
Male,35.0,268.800078529973,4,5.0,0
Female,39.0,530.020645533348,2,2.0,0
Male,37.0,289.882737615053,4,3.0,0
Male,32.0,203.372535360036,2,4.0,0
Male,23.0,1122.78435454027,0,4.0,0
Male,30.0,77.8871740158406,1,3.0,1
Female,43.0,758.702773272795,2,3.0,0
Male,35.0,574.791250908506,1,3.0,0
Female,38.0,262.480936223131,3,5.0,0
Male,32.0,401.647665114044,3,3.0,0
Female,33.0,942.454725880418,1,3.0,0
Male,25.0,1099.10172139967,1,4.0,0
Male,24.0,552.527849361389,2,4.0,0
Male,47.0,964.632685266049,0,2.0,1
Male,31.0,519.939299792874,2,2.0,0
Male,28.0,828.427105125385,4,2.0,1
Female,51.0,654.811898114803,1,4.0,0
Female,43.0,25.5515226367401,1,3.0,0
Female,31.0,883.659416548243,2,5.0,0
Male,39.0,838.550332917786,1,4.0,0
Male,33.0,351.015410179232,0,1.0,0
Female,28.0,361.120252385111,1,3.0,0
Female,40.0,491.561035894547,1,3.0,0
Female,32.0,365.246874238729,1,4.0,0
Male,36.0,501.092881352023,2,5.0,0
Male,45.0,850.440555108696,3,5.0,0
Male,44.0,648.681463456985,1,4.0,0
Male,29.0,7.38745896662914,2,1.0,1
Male,40.0,501.092881352023,1,4.0,0
Male,24.0,400.423240482604,2,3.0,0
Male,36.0,318.134194781761,1,5.0,0
Male,39.0,381.675617746526,1,3.0,0
Female,32.0,119.241994959634,5,5.0,0
Male,56.0,682.088239717057,1,3.0,0
Female,26.0,501.092881352023,3,4.0,0
Female,45.0,168.483901247455,1,3.0,1
Female,25.0,876.905305832857,3,5.0,0
Male,40.0,60.4506372062,2,3.0,1
Male,41.0,300.971387208563,2,3.0,0
Female,36.0,559.979796595716,0,4.0,0
Male,30.0,334.867354158749,4,3.0,0
Female,36.0,501.092881352023,1,4.0,0
Male,38.0,289.123067736396,2,3.0,0
Male,53.0,623.660838140417,0,5.0,0
Male,26.0,331.819518915121,0,3.0,0
Female,29.0,673.199750576221,2,4.0,0
Female,38.0,60.8464187294618,2,5.0,1
Female,34.0,474.491876683267,3,4.0,0
Female,46.0,629.367793246223,1,5.0,0
Male,7.0,290.930987549718,3,1.0,1
Female,29.0,456.482969740132,2,5.0,0
Female,18.0,897.434591550976,2,1.0,1
Male,23.0,349.749160363635,4,5.0,0
Female,59.0,914.356833810478,1,4.0,0
Male,41.0,985.520896889504,3,1.0,1
Female,45.0,965.526171585248,1,3.0,0
Male,34.0,446.729768268066,2,4.0,0
Female,43.0,519.649722123466,3,4.0,0
Male,17.0,299.422357520061,2,4.0,0
Male,27.0,715.056684363025,2,4.0,0
Female,30.0,586.335187631118,7,2.0,1
Male,40.0,501.092881352023,0,4.0,0
Female,38.0,50.2670099241072,2,5.0,1
Male,36.0,169.603234312997,1,4.0,1
Male,21.0,463.005446286537,3,5.0,0
Male,36.0,506.990582091591,4,4.0,0
Female,30.0,301.390594351784,1,4.0,0
Male,48.0,1015.55427966191,2,4.0,0
Male,26.0,546.649570581938,3,3.0,0
Female,35.0,606.408112303093,7,3.0,1
Male,50.0,817.901099252753,3,3.0,0
Female,28.0,421.77291542446,2,2.0,1
Female,46.0,447.408272774763,4,3.0,0
Female,55.0,383.590806756327,0,4.0,0
Female,37.0,644.548769776054,1,3.0,0
Female,30.0,424.934874311545,4,4.0,0
Male,27.0,501.092881352023,5,4.0,0
Male,48.0,662.887582204865,1,1.0,1
Female,48.0,136.032075440295,2,5.0,1
Male,49.0,501.092881352023,0,5.0,0
Female,35.0,882.984991709732,5,3.0,1
Male,45.0,577.070282479234,2,5.0,0
Female,35.0,49.1610179986659,3,4.0,0
Female,26.0,362.729242080726,1,4.0,0
Male,46.0,387.523158935805,4,2.0,1
Male,51.0,899.806056824096,0,1.0,0
Female,25.0,650.135558122508,2,4.0,0
Female,25.0,539.2798192085,1,3.0,0
Female,35.0,574.213788205368,2,4.0,0
Male,24.0,369.694103573068,2,4.0,0
Female,37.0,285.072707962227,0,4.0,0
Male,29.0,232.934342836181,7,1.0,1
Male,27.0,551.560240488426,1,4.0,0
Female,43.0,20.4277317502381,2,4.0,1
Male,33.0,781.023080109772,3,3.0,0
Male,26.0,434.968572739136,2,4.0,0
Male,36.0,320.709779124757,2,4.0,0
Male,16.0,127.040547006747,2,5.0,0
Male,29.0,818.890117739683,2,5.0,0
Female,38.0,71.5968591626214,0,4.0,0
Female,17.0,501.092881352023,2,3.0,0
Male,9.0,202.81850132665,1,5.0,0
Female,12.0,18.8444853052905,2,2.0,1
Female,48.0,387.742418654252,0,4.0,0
Male,34.0,663.891065352335,1,4.0,0
Male,30.0,520.58843409627,1,4.0,0
Male,44.0,121.895467346322,2,4.0,0
Female,31.0,421.40279155062,3,2.0,0
Male,38.0,627.46050888898,3,4.0,0
Male,35.0,465.758030225572,4,4.0,0
Female,30.0,501.092881352023,3,3.0,0
Female,38.0,743.4334124733,0,4.0,0
Male,43.0,255.965424081323,2,4.0,0
Female,33.0,84.4957967481396,1,4.0,0
Male,30.0,501.092881352023,2,4.0,0
Male,32.0,1295.5228142043,4,3.0,0
Female,12.0,421.67918285049,0,4.0,0
Male,38.0,501.092881352023,2,5.0,0
Male,23.0,928.227433059353,1,3.0,0
Female,41.0,275.68942790545,1,5.0,0
Female,34.0,557.015974017939,5,4.0,1
Male,36.0,326.119296154191,0,4.0,0
Female,42.0,215.464457075526,2,5.0,0
Male,26.0,6.83507847336978,2,2.0,0
Male,39.0,501.092881352023,1,4.0,0
Female,38.0,42.8850160093319,1,3.0,1
Male,33.0,604.598194885319,1,4.0,0
Male,26.0,532.571441195909,1,5.0,0
Male,41.0,501.092881352023,3,3.0,0
Male,42.0,865.245023145362,1,2.0,1
Male,36.0,6.27928739186683,2,5.0,0
Male,24.0,744.99221345988,2,3.0,0
Female,30.0,251.463100638232,0,2.0,1
Male,34.0,464.351707307417,5,3.0,0
Female,19.0,428.960452955523,2,2.0,0
Female,29.0,998.733256654835,3,3.0,0
Female,31.0,1070.17506806079,3,5.0,0
Male,34.0,735.315141406028,4,3.0,0
Female,33.0,15.6843370649442,1,1.0,1
Female,32.0,211.209469163234,1,4.0,0
Female,25.0,601.209256128623,3,2.0,0
Female,34.0,236.646476207182,1,4.0,0
Male,30.0,4.54299260756909,0,4.0,0
Female,40.0,938.177492022244,0,5.0,0
Female,26.0,465.937248770043,2,4.0,0
Male,36.0,154.630353253972,2,3.0,0
Male,27.0,774.642461798496,2,4.0,0
Female,29.0,482.34336264167,1,4.0,0
Male,38.0,46.7819224604181,2,4.0,1
Male,37.0,534.92223328732,5,4.0,1
Male,31.0,257.531375623837,4,3.0,0
Female,32.0,501.092881352023,1,4.0,0
Male,20.0,437.340093821922,1,2.0,1
Female,49.0,460.621193103848,3,5.0,0
Male,42.0,666.18457491227,5,2.0,0
Male,42.0,103.724896493144,4,4.0,1
Male,19.0,634.755792976919,4,3.0,0
Male,29.0,697.664031350657,1,4.0,0
Female,32.0,144.87389631066,2,3.0,1
Male,16.0,544.83495161821,1,4.0,0
Male,44.0,694.385467995519,4,4.0,0
Female,50.0,920.975426791757,1,2.0,0
Female,56.0,501.092881352023,2,5.0,0
Male,25.0,399.216906561604,2,2.0,0
Male,36.0,788.594462644725,2,4.0,0
Male,48.0,758.107714218157,4,3.0,0
Female,32.0,351.201422183076,3,5.0,0
Male,29.0,294.496253428221,2,4.0,0
Female,16.0,662.865107586947,4,5.0,0
Male,46.0,575.166533430228,2,3.0,0
Male,35.0,160.058322655594,1,5.0,1
Female,28.0,720.888069304481,3,4.0,0
Female,38.0,23.5589183812763,2,4.0,1
Male,37.0,413.397569160734,3,5.0,0
Female,37.0,920.225825763591,1,4.0,0
Male,33.0,33.7373227779407,6,3.0,0
Male,51.0,770.490492657206,2,1.0,0
Male,34.0,48.4763307872872,1,3.0,1
Male,51.0,506.861849190706,3,4.0,0
Male,41.0,877.782388988346,2,1.0,1
Male,34.0,501.092881352023,1,4.0,0
Male,45.0,694.474520478041,2,4.0,0
Female,36.0,456.905159012874,2,3.0,0
Female,26.0,591.348400068805,1,2.0,1
Male,25.0,418.127464205043,2,3.0,0
Male,39.0,612.629277438731,2,4.0,0
Female,26.0,199.399688916103,2,2.0,0
Female,34.0,513.92079870874,1,4.0,0
Female,46.0,501.092881352023,1,4.0,0
Female,38.0,621.455370051176,2,3.0,0
Male,28.0,501.092881352023,3,4.0,0
Female,49.0,378.875361105725,2,4.0,0
Male,40.0,812.73698608091,1,2.0,0
Male,45.0,501.092881352023,4,4.0,0
Male,12.0,795.15603189337,2,4.0,0
Male,38.0,196.943666820511,3,4.0,1
Female,52.0,464.113648833478,1,2.0,1
Male,47.0,646.924339416305,2,4.0,0
Male,51.0,167.087947474184,2,4.0,0
Female,15.0,468.263602078168,1,3.0,0
Female,40.0,394.269661055178,2,1.0,0
Male,41.0,501.092881352023,3,3.0,0
Male,32.0,308.92697502409,3,5.0,0
Female,30.0,191.100810385195,3,1.0,0
Male,42.0,264.173918739913,1,4.0,0
Female,29.0,457.968576818897,2,4.0,0
Female,43.0,187.616538759184,4,2.0,1
Male,53.0,516.30944613975,5,2.0,1
Female,40.0,443.104576113903,0,3.0,0
Female,36.0,773.8850438877,2,4.0,0
Male,30.0,540.582896624081,4,5.0,0
Female,25.0,565.395214143156,2,5.0,0
Female,46.0,111.479805755365,0,5.0,1
Female,33.0,585.854528868369,3,4.0,0
Male,32.0,188.59752045103,1,3.0,0
Female,29.0,501.092881352023,2,4.0,0
Male,39.0,95.0376972055718,4,4.0,1
Male,34.0,583.148705372329,3,4.0,0
Male,23.0,784.584551317081,0,1.0,0
Male,53.0,504.609511133127,2,3.0,0
Male,29.0,403.811080262141,2,3.0,0
Male,44.0,721.069780953141,3,4.0,0
Male,43.0,501.092881352023,1,4.0,0
Female,22.0,106.501874589417,3,4.0,1
Female,25.0,483.035785987072,3,2.0,1
Female,32.0,743.441995131234,2,3.0,0
Female,26.0,107.512461774329,4,5.0,0
Female,52.0,990.352174844246,2,1.0,1
Male,33.0,260.977196131283,2,4.0,0
Male,44.0,717.145292364872,2,4.0,0
Male,40.0,161.189054579015,2,5.0,0
Female,38.0,130.145829084254,1,4.0,0
Male,35.0,627.96901792803,2,1.0,1
Male,47.0,355.972254603296,1,3.0,0
Female,27.0,328.059971476301,5,2.0,0
Male,52.0,403.844558315536,3,4.0,0
Male,22.0,426.571206105111,0,3.0,0
Female,43.0,1017.25595962828,4,3.0,0
Male,21.0,679.240888457049,4,3.0,0
Female,32.0,708.71365287188,3,4.0,0
Male,30.0,1006.73189865345,2,4.0,0
Female,33.0,420.595345727697,2,3.0,0
Male,21.0,438.8267669916,0,5.0,0
Female,25.0,501.092881352023,2,5.0,0
Male,40.0,539.72997146216,2,5.0,0
Female,35.0,795.032299584089,3,5.0,0
Male,48.0,604.557352746317,2,4.0,0
Male,23.0,302.429198047174,1,4.0,0
Male,30.0,664.012376296697,1,3.0,0
Male,41.0,307.953199965246,1,4.0,0
Male,35.0,1062.01701595768,4,4.0,0
Female,34.0,710.271632383027,1,2.0,0
Male,17.0,732.356556353184,1,3.0,0
Male,44.0,665.613037217515,1,3.0,0
Male,33.0,474.762861313181,1,5.0,0
Male,36.0,136.784545752388,1,5.0,0
Female,28.0,68.4882798452405,1,5.0,1
Male,26.0,212.356417549048,0,5.0,0
Female,50.0,364.150151798277,2,4.0,0
Male,17.0,365.533399702076,2,1.0,1
Male,24.0,488.759035981441,2,4.0,0
Male,95.0,10708.4276075956,3,4.0,0
Female,32.0,596.574741496846,1,4.0,0
Female,47.0,753.040285959834,2,3.0,0
Male,39.0,423.809470690025,0,4.0,0
Female,37.0,501.092881352023,2,5.0,0
Female,37.0,458.220601116758,2,2.0,1
Male,40.0,233.762732808974,1,4.0,0
Female,40.0,128.999762930223,3,2.0,1
Female,57.0,335.045955024692,3,4.0,0
Male,33.0,847.222376160585,1,3.0,0
Female,33.0,251.941389741667,6,5.0,0
Female,23.0,838.080256068924,5,2.0,0
Male,34.0,775.426797254707,1,1.0,1
Male,54.0,501.092881352023,1,5.0,0
Male,45.0,568.560518420008,0,4.0,0
Male,30.0,590.623335007212,2,4.0,0
Male,35.0,376.671473945652,3,4.0,0
Male,22.0,539.71608865352,1,4.0,0
Female,25.0,1115.09975795231,3,4.0,0
Female,36.0,553.597669070263,3,4.0,0
Female,30.0,937.102964287781,3,4.0,0
Female,25.0,469.046777218614,1,4.0,0
Male,40.0,786.47971550254,1,4.0,0
Female,34.0,1053.08050533807,2,4.0,0
Male,19.0,221.225961811842,2,2.0,1
Male,19.0,823.156835547765,3,5.0,0
Male,16.0,485.655860351445,1,4.0,0
Female,46.0,363.220770801574,6,4.0,1
Male,34.0,455.377158469483,3,4.0,0
Male,32.0,545.425032150598,2,2.0,1
Female,33.0,596.499732334085,0,3.0,0
Female,24.0,52.2599567166316,2,3.0,1
Male,39.0,357.529762879004,2,4.0,0
Female,34.0,794.959748901193,3,4.0,0
Female,27.0,1117.72123939397,1,2.0,0
Male,29.0,57.4116793346126,1,3.0,1
Female,23.0,60.8363391365546,1,4.0,1
Female,31.0,615.328915698739,0,5.0,0
Female,36.0,285.883124763876,2,3.0,0
Female,34.0,140.683370170431,2,4.0,1
Male,44.0,215.070943914283,4,4.0,0
Female,41.0,929.114190186123,2,4.0,0
Female,45.0,601.604214764468,0,4.0,0
Male,27.0,975.662582136091,0,1.0,0
Female,30.0,1208.2721864908,0,4.0,0
Male,42.0,808.847946285629,2,4.0,0
Male,42.0,309.893102686307,4,5.0,0
Female,28.0,482.981091693077,2,4.0,0
Male,41.0,544.025846287997,3,5.0,0
Female,26.0,780.7053969514,4,4.0,0
Male,40.0,589.208988585147,2,4.0,0
Male,35.0,568.020835012954,2,5.0,0
Female,31.0,623.289575835491,4,2.0,0
Male,57.0,67.2254588967722,2,2.0,0
Male,37.0,676.530676693295,2,3.0,0
Male,58.0,814.578502432533,3,5.0,0
Female,21.0,382.257354646145,2,3.0,0
Male,43.0,784.923467248718,2,3.0,0
Female,10.0,1179.67720900589,1,2.0,1
Male,35.0,17.6369461961793,3,4.0,1
Male,41.0,456.576820121733,1,4.0,0
Male,43.0,336.418580267593,3,3.0,0
Female,27.0,299.752625528097,2,5.0,0
Female,45.0,709.652101685228,1,4.0,0
Female,30.0,380.830963013288,5,5.0,0
Female,31.0,644.779605460226,3,4.0,0
Male,24.0,149.773712560897,2,4.0,0
Female,51.0,730.340161549008,1,2.0,0
Male,35.0,501.092881352023,0,4.0,0
Male,46.0,255.160972506863,2,5.0,0
Male,45.0,358.828305425022,2,4.0,0
Female,25.0,234.341071588712,1,1.0,1
Male,47.0,999.005023775719,2,3.0,0
Male,40.0,314.412466924275,0,4.0,0
Male,39.0,628.920023264349,5,4.0,0
Male,25.0,747.560624760263,0,3.0,0
Male,51.0,118.941719320586,4,2.0,1
Male,43.0,571.834254728583,3,4.0,0
Male,34.0,652.705788302629,3,3.0,0
Male,48.0,344.030081428539,2,4.0,0
Male,32.0,79.4240804841639,4,4.0,1
Female,57.0,215.377702809434,3,4.0,0
Male,24.0,950.775529781035,0,4.0,0
Male,18.0,234.084736777907,2,5.0,0
Male,21.0,898.646172567528,3,3.0,0
Male,44.0,455.284269932196,1,4.0,0
Male,29.0,476.59223953744,2,2.0,1
Female,33.0,856.707584288593,5,4.0,0
Male,33.0,293.187444192425,2,4.0,0
Male,40.0,501.092881352023,2,4.0,0
Female,31.0,458.426691962237,1,5.0,0
Male,33.0,751.819152889191,0,5.0,0
Male,37.0,138.108362752828,2,3.0,1
Female,44.0,472.668699959818,4,4.0,0
Male,5.0,836.27512464998,2,5.0,0
Male,42.0,521.477868969388,3,2.0,1
Female,44.0,401.34104232306,3,4.0,0
Female,37.0,880.231340197939,1,4.0,0
Male,38.0,454.245434731143,3,4.0,0
Male,29.0,672.062424822994,3,5.0,0
Male,40.0,646.790925371202,3,3.0,0
Male,44.0,616.514126099559,0,5.0,0
Female,36.0,511.618296389108,3,4.0,0
Male,60.0,1132.41082188872,2,2.0,1
Female,19.0,352.229332760165,0,3.0,0
Female,37.0,360.572607432367,4,4.0,0
Female,23.0,234.838471093272,1,4.0,0
Male,44.0,562.094220047325,3,2.0,1
Female,19.0,800.509802760797,1,4.0,0
Male,22.0,992.01582925746,1,3.0,0
Female,29.0,449.385558690012,3,5.0,0
Male,38.0,582.300279688621,0,3.0,0
Male,29.0,956.579591147048,3,3.0,0
Male,29.0,820.560094876827,1,4.0,0
Male,33.0,140.164995107013,0,3.0,1
Female,33.0,477.46296069433,0,4.0,0
Female,50.0,713.277829389624,0,5.0,0
Female,42.0,16.2870256297871,3,4.0,1
Female,32.0,796.92678928937,2,4.0,0
Male,56.0,155.613868003446,3,4.0,0
Female,40.0,282.441813698334,1,4.0,0
Female,25.0,494.673274762376,2,4.0,0
Female,38.0,1130.77480563297,2,5.0,0
Female,40.0,1192.79540869939,1,3.0,0
Female,28.0,285.989707380771,1,3.0,0
Female,36.0,798.811310992826,0,4.0,0
Female,31.0,391.635520568464,3,3.0,0
Female,50.0,710.925334782565,2,4.0,0
Female,29.0,833.016316256898,3,4.0,0
Female,39.0,134.30471523958,2,3.0,0
Male,48.0,14.5541866442682,0,5.0,1
Male,21.0,852.418540937567,0,3.0,0
Male,25.0,465.428646025061,3,2.0,0
Female,35.0,461.35018319216,0,4.0,0
Male,34.0,781.18817490621,1,4.0,0
Male,32.0,354.673210830466,2,4.0,0
Male,32.0,903.056648368682,2,3.0,0
Male,39.0,293.020857064551,0,4.0,0
Male,46.0,233.805790753425,3,5.0,0
Female,30.0,828.180377943963,2,4.0,0
Female,55.0,273.035743502937,5,2.0,0
Female,48.0,605.432691210276,3,4.0,0
Female,41.0,561.481008622666,1,3.0,0
Female,55.0,281.270065881679,2,4.0,0
Male,32.0,271.5599340781,5,4.0,0
Male,27.0,1083.02585404898,0,5.0,0
Female,30.0,426.220538036125,1,4.0,0
Female,25.0,464.653191100441,1,5.0,0
Male,36.0,501.092881352023,2,4.0,0
Male,37.0,420.819761961051,3,4.0,0
Male,35.0,38.9484651826273,3,4.0,0
Male,36.0,247.292675324046,1,4.0,0
Female,52.0,417.955845569267,2,5.0,0
Male,41.0,571.710752978763,0,2.0,1
Female,44.0,343.930376682956,3,5.0,0
Female,37.0,503.314136961102,2,3.0,0
Male,19.0,173.903416801385,0,4.0,0
Male,17.0,748.020122968381,1,5.0,0
Female,56.0,761.520349891488,1,4.0,0
Female,30.0,631.32568689435,0,5.0,0
Female,37.0,1017.85191519399,4,4.0,0
Male,41.0,764.726544752807,3,3.0,0
Female,42.0,1035.62343408685,0,3.0,0
Male,53.0,501.092881352023,3,2.0,1
Male,50.0,459.452741516698,3,4.0,0
Female,27.0,50.3688124761399,1,5.0,0
Female,45.0,375.983995323473,2,5.0,0
Male,31.0,717.105898965878,0,4.0,0
Female,34.0,251.407614857424,1,3.0,0
Male,24.0,860.298626605854,3,5.0,0
Female,18.0,983.482262150191,5,1.0,1
Male,35.0,913.227395988071,1,4.0,0
Male,25.0,562.394684487398,3,5.0,0
Male,44.0,286.830190804224,1,5.0,0
Male,32.0,668.933833634018,2,4.0,0
Male,38.0,501.092881352023,4,3.0,0
Male,49.0,590.12224321098,3,5.0,0
Female,20.0,675.742715092903,2,3.0,0
Female,28.0,355.399279274342,0,1.0,0
Female,37.0,670.930032658067,4,4.0,0
Female,38.0,636.937762732855,1,5.0,0
Male,46.0,118.538284518425,1,3.0,1
Female,44.0,626.201770407542,3,4.0,0
Male,36.0,329.329946660753,0,2.0,1
Male,38.0,1085.1700934316,0,4.0,0
Female,38.0,704.360123375585,3,5.0,0
Male,33.0,371.310339363425,3,4.0,0
Female,37.0,501.092881352023,2,5.0,0
Male,40.0,501.092881352023,5,4.0,1
Male,26.0,247.16612093174,3,5.0,0
Female,33.0,122.845439145895,1,4.0,0
Female,55.0,501.092881352023,1,4.0,0
Male,27.0,481.359839044132,0,3.0,0
Male,47.0,815.012615282082,1,3.0,0
Female,51.0,327.574044766645,1,3.0,0
Female,35.0,927.073658899373,2,3.0,0
Male,28.0,2.92050575770111,1,4.0,0
Male,40.0,922.223017641166,1,3.0,0
Male,37.0,317.33458484829,1,5.0,0
Male,26.0,466.767771450897,2,5.0,0
Male,28.0,495.479972959898,1,5.0,0
Female,40.0,716.644580013733,1,4.0,0
Male,44.0,663.577396670875,3,4.0,0
Male,32.0,1316.41932704977,0,4.0,0
Male,34.0,787.127128669739,0,3.0,0
Male,33.0,642.497563188296,5,3.0,0
Female,32.0,525.019560677141,2,3.0,0
Female,27.0,627.920963172589,4,5.0,0
Male,62.0,267.988148302167,2,4.0,0
Male,49.0,506.886530313812,2,3.0,0
Female,52.0,339.53444180643,2,4.0,0
Male,33.0,200.586753237283,4,4.0,0
Male,39.0,1136.97247101052,4,4.0,0
Female,19.0,410.284231462543,3,4.0,0
Male,35.0,501.092881352023,0,5.0,0
Male,31.0,714.28865301385,3,4.0,0
Female,54.0,16.5428477643076,4,3.0,0
Female,33.0,492.756707967723,1,1.0,0
Male,30.0,586.075101689048,3,1.0,0
Male,54.0,299.039891478747,2,4.0,0
Male,40.0,400.022395251312,0,2.0,1
Male,41.0,805.231748043295,1,4.0,0
Male,30.0,459.97244460568,3,4.0,0
Female,41.0,725.146861619641,1,1.0,0
Male,52.0,528.083948143822,1,4.0,0
Male,32.0,52.3945543184856,2,3.0,0
Female,33.0,501.092881352023,0,2.0,0
Male,51.0,687.720238940323,4,5.0,0
Female,44.0,142.026629080002,0,5.0,1
Male,49.0,1037.71466982606,3,2.0,1
Male,38.0,69.2641623031199,1,3.0,0
Female,35.0,425.325607708543,2,5.0,0
Female,39.0,721.522592872203,4,4.0,0
Male,46.0,501.092881352023,1,3.0,0
Female,33.0,782.23503057118,2,4.0,0
Female,49.0,197.243433761664,3,3.0,1
Male,39.0,732.850184987703,3,5.0,0
Female,11.0,246.610412181812,2,3.0,0
Female,44.0,391.377055652583,0,4.0,0
Female,22.0,513.9160552996,0,5.0,0
Female,44.0,696.764636309862,5,4.0,0
Male,38.0,1028.94171621766,4,4.0,0
Male,40.0,304.670211985806,1,4.0,0
Female,46.0,479.011372349996,3,3.0,0
Female,30.0,787.815359586451,0,5.0,0
Female,43.0,284.775649200261,1,5.0,0
Male,47.0,926.279251073373,0,5.0,0
Male,53.0,683.31004123783,2,5.0,0
Male,24.0,42.8884271253462,3,3.0,0
Male,39.0,492.337203014961,2,4.0,0
Male,25.0,284.420275659538,2,5.0,0
Male,25.0,742.53268684683,2,5.0,0
Female,39.0,888.103149795196,2,4.0,0
Male,36.0,964.035234688642,1,4.0,0
Female,46.0,243.948715446767,0,3.0,0
Female,32.0,417.932000043751,3,3.0,0
Male,34.0,500.909206431629,2,4.0,0
Female,28.0,922.529813419765,0,5.0,0
Female,46.0,723.580262996308,1,3.0,0
Female,30.0,679.64444389212,4,3.0,0
Male,47.0,364.116477665936,1,4.0,0
Male,20.0,501.092881352023,3,4.0,0
Female,40.0,199.392050677068,5,5.0,0
Female,40.0,648.249921888783,1,2.0,1
Male,39.0,573.20743940178,3,5.0,0
Male,34.0,81.3238756875568,2,5.0,1
Female,26.0,217.462301200925,3,4.0,0
Female,48.0,729.115729452485,2,4.0,0
Male,34.0,397.52543469403,3,4.0,0
Male,26.0,347.397688535338,1,4.0,0
Male,40.0,383.40893308316,3,4.0,0
Male,28.0,377.238414846043,1,4.0,0
Male,26.0,334.219068470914,2,4.0,0
Female,31.0,434.549863232186,2,4.0,0
Male,28.0,844.170140560502,3,3.0,0
Male,26.0,494.584372501327,1,3.0,0
Male,43.0,1023.00036013762,3,5.0,0
Male,48.0,419.870258576785,3,2.0,0
Male,26.0,400.887190440903,4,5.0,0
Female,18.0,907.126876050038,3,4.0,0
Female,36.0,521.058242511996,3,4.0,0
Male,54.0,300.369720658358,0,5.0,0
Male,40.0,731.441626157584,0,4.0,0
Male,67.0,542.893089243435,3,4.0,0
Male,38.0,3.50423545944818,1,5.0,0
Male,39.0,74.6063762796438,3,3.0,1
Female,37.0,224.139792510186,0,2.0,0
Male,31.0,6.77318120130292,4,3.0,0
Male,34.0,84.6842688205733,3,3.0,0
Female,34.0,336.188622531496,1,4.0,0
Male,33.0,391.654041469245,3,5.0,0
Male,56.0,501.092881352023,2,3.0,0
Female,31.0,544.355286128891,0,5.0,0
Male,37.0,795.605666908023,3,4.0,0
Male,31.0,576.701500237786,1,4.0,0
Female,43.0,271.379770291829,0,3.0,0
Male,37.0,501.092881352023,3,5.0,0
Female,32.0,453.444591306401,2,3.0,0
Female,16.0,764.174661162336,3,4.0,0
Female,37.0,603.075793522498,5,2.0,0
Male,32.0,446.231584432691,1,5.0,0
Female,34.0,710.141129451377,6,4.0,0
Male,23.0,290.515086920491,4,4.0,0
Male,49.0,736.065942950163,3,4.0,0
Male,44.0,452.628615566082,1,4.0,0
Male,49.0,620.880731005634,0,4.0,0
Female,46.0,236.051637520708,1,3.0,0
Female,41.0,119.462771540542,4,4.0,0
Male,53.0,910.803111783536,3,5.0,0
Male,26.0,258.499345388654,5,4.0,1
Female,32.0,182.016316342386,3,5.0,0
Male,42.0,807.028859666899,2,5.0,0
Male,43.0,432.800624382082,1,4.0,0
Male,41.0,501.092881352023,4,3.0,0
Female,31.0,840.466712602125,0,5.0,0
Male,29.0,602.58877736014,1,1.0,1
Female,60.0,649.360847523596,5,4.0,0
Female,35.0,277.383115863967,0,4.0,0
Male,33.0,501.092881352023,1,4.0,0
Male,28.0,185.073458691438,0,5.0,1
Male,37.0,621.986342411135,1,4.0,0
Male,37.0,1081.04504988154,1,4.0,0
Female,35.0,565.77992141415,0,5.0,0
Female,39.0,620.849239889677,1,4.0,0
Female,53.0,936.184321011142,2,4.0,0
Female,29.0,11.1567060397813,2,3.0,1
Male,35.0,899.029715107688,3,4.0,0
Female,38.0,832.786944033397,0,4.0,0
Female,29.0,131.142019394189,0,4.0,1
Male,30.0,849.875666685566,4,5.0,0
Female,20.0,412.720168584285,2,5.0,0
Female,36.0,501.092881352023,0,3.0,0
Male,39.0,23.7659262141943,1,4.0,1
Male,54.0,584.693256329324,0,4.0,0
Female,40.0,258.171785782497,0,2.0,1
Female,21.0,694.723562217232,3,3.0,0
Male,23.0,314.73817974389,3,5.0,0
Female,54.0,724.697291690584,3,3.0,0
Female,38.0,243.635425913395,0,4.0,0
Male,29.0,302.996207791428,3,3.0,0
Male,25.0,528.444831056583,0,4.0,0
Male,26.0,704.723044196713,1,2.0,1
Female,29.0,117.630583853009,0,4.0,1
Male,48.0,324.052062229978,1,4.0,0
Male,35.0,863.346535725586,4,4.0,0
Female,21.0,395.050764904605,0,4.0,0
Female,24.0,434.842450373224,0,3.0,0
Male,29.0,502.508128766453,2,4.0,0
Male,48.0,573.097078267712,1,4.0,0
Female,39.0,501.092881352023,2,4.0,0
Female,30.0,651.358631793609,2,4.0,0
Female,23.0,686.468036491655,0,4.0,0
Male,25.0,894.174507473158,5,4.0,0
Male,26.0,606.62224776701,5,3.0,0
Male,35.0,355.915636073145,5,4.0,1
Male,37.0,10.9953685826532,2,4.0,1
Female,34.0,662.175397859952,1,4.0,0
Female,35.0,600.365240036746,3,2.0,0
Female,24.0,501.092881352023,5,1.0,1
Male,48.0,266.726476422381,2,4.0,0
Male,33.0,723.346015603078,0,5.0,0
Male,33.0,26.6571596069245,1,4.0,1
Female,36.0,850.255959185534,1,4.0,0
Male,46.0,930.002350784229,1,4.0,0
Female,26.0,422.89063392649,1,5.0,0
Male,50.0,503.798079775131,0,1.0,0
Female,39.0,929.477438548938,2,5.0,0
Female,35.0,489.270208278748,2,3.0,0
Female,47.0,291.108180610411,0,2.0,1
Female,23.0,471.228872511762,1,4.0,0
Female,40.0,501.092881352023,3,3.0,0
Female,39.0,985.638170926976,4,3.0,0
Male,26.0,152.982476463601,4,4.0,1
Male,40.0,564.386583192498,0,3.0,0
Male,33.0,672.639306142513,4,3.0,0
Male,44.0,751.457257793263,0,5.0,0
Male,29.0,815.377343656031,2,4.0,0
Female,38.0,479.664280893937,0,4.0,0
Male,34.0,48.7937204702862,2,4.0,0
Male,29.0,180.940364889907,5,5.0,0
Male,40.0,241.037642194163,1,4.0,0
Female,33.0,557.631652112119,1,4.0,0
Female,20.0,47.7192783351298,1,4.0,0
Male,17.0,577.450204552914,1,5.0,0
Female,43.0,338.030835104817,3,4.0,0
Male,23.0,238.881525213763,0,3.0,0
Male,38.0,454.415050152391,4,5.0,0
Female,36.0,1072.53673949722,0,2.0,0
Female,55.0,513.571085346512,1,4.0,0
Male,43.0,577.379968745113,2,1.0,0
Female,38.0,501.092881352023,3,2.0,1
Male,33.0,876.41255839561,3,2.0,1
Male,35.0,639.900561706752,3,1.0,0
Male,50.0,709.516607350003,0,2.0,0
Male,46.0,991.472195203614,1,4.0,0
Male,55.0,393.190027196892,2,4.0,0
Male,37.0,569.134076128558,4,3.0,0
Male,26.0,922.774891562535,1,3.0,0
Male,31.0,750.480008275148,2,3.0,0
Female,23.0,746.603446282603,1,4.0,0
Female,43.0,462.199986738552,2,4.0,0
Male,29.0,605.992298089587,1,1.0,0
Female,4.0,501.092881352023,2,4.0,0
Male,60.0,319.999747218842,0,5.0,0
Female,29.0,392.617206408454,4,3.0,0
Male,29.0,319.74262735413,2,4.0,0
Female,52.0,560.593417337112,1,3.0,0
Male,23.0,512.376722197044,0,5.0,0
Male,46.0,831.208275481506,3,4.0,0
Female,29.0,983.456720334222,1,4.0,0
Male,22.0,1140.30584125112,5,3.0,0
Female,44.0,301.712255845958,3,4.0,0
Male,44.0,501.092881352023,2,1.0,1
Male,39.0,830.225768681438,1,3.0,0
Female,41.0,454.851438655918,2,3.0,0
Male,36.0,690.924678883417,2,1.0,0
Male,26.0,120.850752225675,3,4.0,0
Female,21.0,531.903072954944,3,5.0,0
Female,39.0,219.678646565209,2,4.0,0
Male,47.0,107.974460182048,1,2.0,0
Female,31.0,122.125790472027,3,4.0,1
Female,33.0,333.819911056195,5,4.0,0
Female,24.0,535.446014863329,2,3.0,0
Female,35.0,753.727373445434,2,5.0,0
Male,43.0,25.2911619387709,4,5.0,1
Female,43.0,423.856447464034,0,3.0,0
Male,40.0,1055.72272822206,1,3.0,0
Male,29.0,716.343568022915,4,4.0,0
Male,28.0,731.641925119371,3,3.0,0
Male,43.0,501.092881352023,3,4.0,0
Female,43.0,572.420051184297,2,2.0,0
Male,33.0,229.318316735762,4,5.0,0
Male,31.0,514.816063739892,1,4.0,0
Male,47.0,342.321841582438,4,3.0,0
Male,31.0,336.850957144069,1,4.0,0
Male,42.0,317.441097531654,2,4.0,0
Male,34.0,864.703936416624,4,4.0,0
Male,25.0,810.614127501656,4,4.0,0
Male,51.0,543.774243210641,3,4.0,0
Male,36.0,380.470271107388,0,4.0,0
Female,28.0,501.092881352023,3,3.0,0
Male,22.0,501.092881352023,0,5.0,0
Female,31.0,583.964450681513,2,4.0,0
Male,54.0,233.445509007819,2,4.0,0
Male,29.0,292.029937865822,0,5.0,0
Female,49.0,430.072151250781,4,4.0,0
Female,23.0,72.0271897950424,3,4.0,1
Male,30.0,403.999654388066,2,3.0,0
Male,22.0,832.193172498365,1,5.0,0
Female,26.0,996.559863201951,4,4.0,0
Female,26.0,826.936536373103,0,3.0,0
Female,16.0,219.437312096223,1,4.0,0
Male,50.0,926.898304259002,2,4.0,0
Male,37.0,324.113287777461,1,4.0,0
Female,28.0,653.589709862068,2,4.0,0
Female,37.0,371.346160073822,5,5.0,1
Male,27.0,806.653117922155,0,3.0,0
Female,8.0,665.691989318684,4,3.0,0
Male,65.0,583.229264911907,2,3.0,0
Male,37.0,876.208903201523,1,3.0,0
Female,29.0,284.097939121653,4,5.0,0
Male,16.0,735.698995292086,1,5.0,0
Male,20.0,501.092881352023,2,4.0,0
Male,52.0,1315.40867847933,2,4.0,0
Male,50.0,226.218711035849,0,5.0,0
Male,43.0,530.182379349658,5,3.0,0
Male,24.0,405.114850503374,4,5.0,0
Female,50.0,6.95008267115662,2,4.0,1
Male,39.0,554.218252358425,0,3.0,0
Male,42.0,298.59019277607,3,3.0,0
Male,39.0,299.748173397236,5,4.0,1
Female,20.0,81.8148920021634,0,1.0,1
Male,23.0,171.346688401466,4,1.0,0
Female,30.0,416.189491565585,2,3.0,0
Male,41.0,356.226469883062,3,4.0,0
Male,21.0,1489.28308113747,0,3.0,0
Male,33.0,501.092881352023,2,3.0,0
Male,33.0,63.0300119602818,2,5.0,0
Female,43.0,1017.39730911201,3,4.0,0
Female,42.0,462.867396874727,0,2.0,1
Male,25.0,238.252737871999,3,3.0,0
Female,49.0,746.451049390144,1,3.0,0
Female,23.0,83.3731451247649,1,4.0,0
Male,46.0,932.792097027714,1,4.0,0
Male,29.0,356.983984679557,2,4.0,0
Female,37.0,276.445795984294,5,4.0,0
Male,37.0,39.949450004826,3,5.0,1
Male,43.0,315.050386465883,3,4.0,0
Male,40.0,311.900169423102,1,4.0,0
Male,22.0,496.699694344734,3,3.0,0
Male,38.0,31.2901396375464,5,4.0,1
Male,29.0,384.777348906971,0,5.0,0
Male,24.0,370.434485623873,2,4.0,0
Male,32.0,128.039424777652,5,4.0,1
Female,37.0,675.805858262433,4,3.0,0
Male,37.0,517.337539225722,4,3.0,0
Female,46.0,242.047796959847,1,4.0,0
Male,38.0,585.27766161549,2,5.0,0
Female,40.0,383.237858409073,3,3.0,0
Female,36.0,89.0202764137551,0,4.0,0
Female,43.0,611.835000702296,1,4.0,0
Male,40.0,501.092881352023,3,1.0,0
Male,34.0,721.012356231151,1,4.0,0
Female,57.0,250.007317385716,0,4.0,0
Male,30.0,184.132851412232,0,2.0,0
Female,50.0,501.092881352023,2,4.0,0
Female,21.0,587.430361306074,0,3.0,0
Female,43.0,514.463194088068,2,4.0,0
Male,16.0,154.349998468825,1,4.0,1
Male,36.0,912.155835896914,5,5.0,1
Female,42.0,713.302558056804,1,2.0,0
Male,38.0,799.953578837219,1,1.0,1
Female,39.0,676.644736534713,0,2.0,0
Male,36.0,909.052066072005,4,4.0,0
Male,95.0,14230.7029236677,4,3.0,0
Male,59.0,530.9982315435,2,5.0,0
Male,30.0,578.675786639129,1,2.0,0
Female,39.0,944.415141136716,3,4.0,0
Female,29.0,338.407017483501,3,3.0,0
Male,12.0,393.85580457164,2,5.0,0
Male,26.0,851.965674238984,1,5.0,0
Female,21.0,284.624101122097,2,4.0,0
Female,29.0,284.003411524636,3,5.0,0
Male,30.0,501.092881352023,2,4.0,0
Male,24.0,224.849638449595,2,3.0,0
Male,36.0,72.9770996574325,0,4.0,1
Female,28.0,501.092881352023,1,2.0,1
Female,45.0,333.900442187749,3,5.0,0
Male,38.0,357.535318906479,1,5.0,0
Male,29.0,501.092881352023,2,3.0,0
Female,44.0,404.323739942114,6,3.0,0
Male,35.0,716.777126703231,1,3.0,0
Male,35.0,625.212666775711,1,3.0,0
Male,20.0,815.174721694391,2,4.0,0
Male,34.0,901.797793763279,6,3.0,0
Female,38.0,624.802952781808,0,4.0,0
Female,48.0,27.975189347841,5,2.0,0
Female,27.0,403.191643181299,0,4.0,0
Male,58.0,501.092881352023,1,4.0,0
Female,41.0,415.728377532277,1,1.0,1
Female,20.0,260.015499725122,2,3.0,0
Female,27.0,1300.89180782928,3,4.0,0
Female,49.0,151.215056348997,4,4.0,1
Male,47.0,598.950501341198,2,3.0,0
Male,35.0,509.70246184601,2,3.0,0
Female,36.0,810.397705341207,0,3.0,0
Male,23.0,721.550273761038,2,1.0,1
Female,48.0,549.403562476511,1,4.0,0
Male,25.0,782.152196855249,2,4.0,0
Female,43.0,225.026618850961,2,4.0,0
Male,49.0,476.042149869658,1,3.0,0
Female,35.0,319.374049836143,2,4.0,0
Female,45.0,584.618174231928,1,2.0,1
Male,53.0,694.198589279047,3,2.0,0
Female,38.0,286.551971790095,2,4.0,0
Male,33.0,1312.69410907604,3,5.0,0
Male,28.0,841.505271104309,1,3.0,0
Male,27.0,664.80219231002,1,3.0,0
Male,33.0,400.885688549341,1,5.0,0
Female,38.0,602.055452641747,3,3.0,0
Male,20.0,789.930285433923,5,4.0,0
Female,34.0,1313.83141072056,2,3.0,0
Male,45.0,501.092881352023,1,4.0,0
Female,35.0,245.39361382054,2,2.0,1
Female,16.0,356.303121848306,3,3.0,0
Male,22.0,606.544631844801,3,4.0,0
Female,43.0,471.06144410082,3,4.0,0
Male,32.0,709.940059468844,1,1.0,0
Male,53.0,510.093796020094,1,2.0,1
Male,39.0,143.796242820719,2,3.0,0
Male,40.0,274.081945071884,0,3.0,0
Female,24.0,739.796277520132,2,5.0,0
Female,31.0,873.085769510017,2,2.0,1
Male,28.0,591.353126493297,2,4.0,0
Male,24.0,599.906825253822,2,4.0,0
Male,42.0,1028.98821077137,5,4.0,1
Female,44.0,797.551056715479,3,4.0,0
Female,39.0,820.213331153352,3,4.0,0
Male,27.0,220.069260150286,2,2.0,0
Female,38.0,89.1628658054301,2,3.0,1
Female,16.0,813.980135373516,1,4.0,0
Female,48.0,361.285832643683,1,3.0,0
Female,22.0,501.092881352023,5,4.0,0
Female,24.0,759.262188752559,1,4.0,0
Female,36.0,719.136096340593,1,4.0,0
Male,37.0,433.343126303759,1,3.0,0
Male,34.0,689.748567922992,1,3.0,0
Male,24.0,304.9904660695,0,1.0,0
Female,46.0,521.611546317068,5,4.0,0
Female,18.0,676.260836086571,1,2.0,0
Male,20.0,526.537325166641,2,3.0,0
Male,34.0,496.922784686288,3,2.0,1
Female,22.0,588.731937032605,2,4.0,0
Female,47.0,818.584571648973,3,5.0,0
Female,23.0,70.269660501279,3,4.0,1
Female,51.0,716.959965486993,4,3.0,0
Female,45.0,625.477272721787,3,3.0,0
Male,47.0,503.624813574628,2,4.0,0
Male,54.0,429.731385926169,2,2.0,0
Female,25.0,348.399000117476,0,3.0,0
Female,29.0,449.260302572368,2,4.0,0
Female,28.0,855.029302148978,1,4.0,0
Male,37.0,356.593075457595,4,4.0,0
Female,32.0,310.286727770582,3,4.0,0
Male,27.0,501.092881352023,1,3.0,0
Male,33.0,501.092881352023,1,4.0,0
Female,40.0,501.092881352023,3,4.0,0
Male,45.0,200.231543777277,1,2.0,1
Female,32.0,669.049419900971,1,4.0,0
Male,34.0,147.35513876365,1,3.0,1
Female,23.0,82.3091844586583,0,5.0,0
Male,34.0,285.630427630347,2,4.0,0
Female,36.0,501.092881352023,2,4.0,0
Male,40.0,293.432429460465,2,4.0,0
Male,26.0,584.40920123281,0,4.0,0
Male,55.0,375.443033464347,2,4.0,0
Female,43.0,321.088970002414,2,2.0,0
Male,41.0,362.786389737581,3,3.0,0
Female,45.0,543.301718527708,2,4.0,0
Female,48.0,1051.29526608391,2,4.0,0
Male,36.0,277.342669932766,0,4.0,0
Male,35.0,540.49828145044,0,4.0,0
Female,41.0,873.278384480721,0,3.0,0
Male,51.0,501.092881352023,0,4.0,0
Male,50.0,635.315026398434,5,4.0,0
Female,41.0,648.875889563003,1,4.0,0
Female,40.0,557.14561647649,4,4.0,0
Male,45.0,476.396970688726,0,3.0,0
Male,48.0,680.322981314718,2,4.0,0
Female,33.0,289.343112749291,2,4.0,0
Female,48.0,458.95469729504,2,5.0,0
Female,38.0,710.452170389542,4,3.0,0
Female,42.0,727.208875699876,4,3.0,0
Female,49.0,491.904904720386,0,2.0,0
Female,42.0,326.164158273928,0,4.0,0
Female,44.0,759.938919526359,2,5.0,0
Female,31.0,805.707430515335,2,3.0,0
Female,50.0,510.071437622344,3,4.0,0
Female,42.0,501.092881352023,0,5.0,0
Female,36.0,206.795065879546,3,5.0,0
Male,46.0,136.517123369308,2,1.0,1
Male,61.0,356.011421382836,1,3.0,0
Male,23.0,173.430224922863,1,4.0,0
Male,27.0,168.2251260457,2,3.0,0
Male,62.0,36.5303399751956,2,4.0,1
Female,39.0,675.42112753386,1,5.0,0
Male,37.0,713.520485284397,1,3.0,0
Male,34.0,793.52908714473,3,5.0,0
Male,47.0,1028.84797566098,6,5.0,0
Male,61.0,443.596229693578,3,3.0,0
Male,28.0,492.524575828732,1,4.0,0
Female,34.0,616.985240159157,3,3.0,0
Female,31.0,38.2209618112083,1,5.0,0
Male,42.0,924.722831241006,3,3.0,0
Female,51.0,501.092881352023,2,4.0,0
Female,43.0,286.657731155638,0,2.0,0
Female,60.0,77.5824337343304,2,4.0,1
Female,29.0,674.956072396626,3,3.0,0
Male,27.0,613.547446733239,7,5.0,0
Male,36.0,667.205169218905,2,3.0,0
Male,21.0,551.481917809224,0,4.0,0
Female,32.0,270.391133475079,2,4.0,0
Male,38.0,517.797544309002,3,4.0,0
Female,29.0,600.1032031993,1,5.0,0
Male,25.0,12.3736257613024,5,5.0,0
Male,24.0,596.469144844613,0,4.0,0
Male,41.0,833.468109287632,2,3.0,0
Female,16.0,417.379023864653,4,3.0,0
Male,36.0,348.780393036403,6,4.0,0
Female,40.0,501.092881352023,1,2.0,1
Female,34.0,295.828433319837,2,4.0,0
Female,46.0,563.350931167941,0,3.0,0
Male,21.0,567.398350182638,1,3.0,0
Female,28.0,290.13225750359,4,2.0,1
Female,37.0,619.678247590383,0,4.0,0
Male,56.0,782.425254702478,1,1.0,1
Male,27.0,570.581409333793,0,4.0,0
Male,21.0,541.352552962418,0,3.0,0
Female,53.0,262.676643914932,3,4.0,0
Female,21.0,709.362699851675,0,4.0,0
Female,42.0,346.593747893582,0,3.0,0
Female,25.0,839.23933210978,2,4.0,0
Male,14.0,1031.48204138666,1,4.0,0
Male,31.0,525.397283668087,3,5.0,0
Male,44.0,404.424608521153,1,5.0,0
Male,41.0,710.411260379007,1,4.0,0
Male,43.0,501.092881352023,1,1.0,0
Female,22.0,715.823263604186,2,4.0,0
Female,33.0,684.13292558098,1,5.0,0
Female,51.0,587.432291810472,1,5.0,0
Female,42.0,815.075780777466,2,4.0,0
Male,32.0,75.8782293023211,2,4.0,1
Male,39.0,837.105238567796,1,4.0,0
Male,28.0,24.0739112244847,2,5.0,0
Male,46.0,501.092881352023,2,4.0,0
Female,36.0,662.543375641782,1,5.0,0
Male,37.0,349.337840290408,2,4.0,0
Male,25.0,1302.64896195732,3,1.0,1
Male,21.0,1220.14203451853,4,5.0,0
Male,31.0,501.092881352023,2,5.0,0
Male,34.0,557.888976738405,0,2.0,1
Male,46.0,372.515196298569,1,4.0,0
Female,44.0,165.180939715681,0,3.0,1
Female,37.0,308.642130553029,0,3.0,0
Female,47.0,697.501915071292,3,3.0,0
Female,46.0,231.955969530328,3,4.0,0
Female,47.0,63.5110037052689,1,4.0,1
Male,35.0,542.561689222117,2,4.0,0
Female,15.0,439.026045253305,3,4.0,0
Male,42.0,893.653035533642,4,4.0,0
Female,30.0,740.071249725383,1,4.0,0
Male,31.0,499.781618121291,2,1.0,1
Female,33.0,589.915243887193,0,5.0,0
Male,16.0,445.843020976942,1,2.0,0
Male,11.0,450.244284161923,1,4.0,0
Male,48.0,799.138208425917,2,5.0,0
Female,27.0,556.820881601893,2,5.0,0
Female,54.0,221.560474911897,5,4.0,0
Female,49.0,458.182783731072,2,4.0,0
Male,51.0,908.122573319008,3,3.0,0
Female,28.0,358.464297497874,1,4.0,0
Female,19.0,441.358471424359,1,4.0,0
Male,24.0,388.44407342625,2,4.0,0
Female,31.0,400.71054607346,1,2.0,0
Male,11.0,751.802160801017,2,5.0,0
Male,30.0,544.985411418845,2,5.0,0
Female,33.0,821.605117493858,1,2.0,0
Female,22.0,103.854717745213,2,3.0,1
Male,25.0,616.775495935235,3,1.0,0
Male,33.0,501.092881352023,1,4.0,0
Male,39.0,314.393358576332,3,4.0,0
Male,26.0,210.421336572844,2,4.0,0
Male,38.0,487.969155241556,3,2.0,1
Male,36.0,162.400225144164,2,2.0,0
Female,35.0,511.219839438308,1,3.0,0
Male,28.0,373.97745329523,0,4.0,0
Female,22.0,187.618916266365,2,4.0,0
Female,52.0,735.492456880614,3,3.0,0
Male,41.0,638.378359292991,3,4.0,0
Male,45.0,501.092881352023,1,3.0,0
Female,34.0,715.455132286578,0,4.0,0
Male,33.0,602.854382885692,2,1.0,0
Male,40.0,413.62215744966,2,4.0,0
Male,17.0,209.700810070615,1,5.0,0
Female,24.0,483.682263470784,1,3.0,0
Female,27.0,644.627363151221,2,4.0,0
Male,30.0,172.63460422748,1,5.0,0
Female,26.0,653.657615706356,1,4.0,0
Male,38.0,46.3678248601646,4,5.0,0
Male,49.0,28.7077955660932,1,4.0,0
Male,60.0,13.5096946265732,2,3.0,1
Male,22.0,387.326985995743,4,1.0,0
Male,36.0,309.481391968168,0,2.0,0
Male,36.0,600.879622575558,2,4.0,0
Male,35.0,122.893690120276,0,2.0,1
Male,24.0,339.564156836337,1,3.0,0
Female,37.0,88.273750662488,0,4.0,0
Male,26.0,501.092881352023,0,3.0,0
Male,37.0,301.667439039726,2,3.0,0
Female,33.0,416.943701021013,1,3.0,0
Male,36.0,133.792073099467,3,5.0,0
Male,25.0,159.943201905476,2,3.0,0
Male,37.0,619.341974839511,0,3.0,0
Male,26.0,249.957051081977,2,5.0,0
Male,37.0,891.736255961526,1,4.0,0
Male,48.0,754.53419697766,1,4.0,0
Male,38.0,21.2255486408957,2,3.0,1
Male,38.0,656.792911498567,0,4.0,0
Male,43.0,153.443442192401,1,3.0,1
Male,21.0,592.21235809951,2,4.0,0
Male,52.0,501.092881352023,0,5.0,0
Female,24.0,782.563139119648,3,4.0,0
Male,44.0,501.092881352023,4,5.0,0
Male,42.0,185.972246528912,1,4.0,0
Male,26.0,75.1787963709552,0,3.0,0
Male,45.0,289.301645188122,8,4.0,1
Male,40.0,789.043449352243,2,4.0,0
Male,54.0,409.53759796196,1,2.0,0
Female,37.0,114.56279094207,0,4.0,1
Female,34.0,679.528909371086,5,4.0,1
Male,30.0,72.4226132303284,3,2.0,1
Female,18.0,651.668544008384,2,4.0,0
Female,32.0,197.176558874561,1,5.0,1
Female,32.0,283.643910641028,0,3.0,0
Male,38.0,593.922793497565,2,4.0,0
Female,21.0,645.060791261866,1,4.0,0
Male,33.0,318.384090729534,2,5.0,0
Female,41.0,699.695543543483,3,2.0,1
Male,42.0,501.092881352023,1,5.0,0
Female,16.0,481.665861372372,2,3.0,0
Female,42.0,589.353717273227,2,2.0,1
Female,33.0,322.359968661255,1,3.0,0
Female,33.0,731.420127079457,0,4.0,0
Female,11.0,77.1849726260876,3,2.0,1
Male,50.0,630.409925795828,1,3.0,0
Female,20.0,396.126419162811,1,3.0,0
Female,39.0,339.430214577541,1,4.0,0
Male,38.0,545.633862337616,4,2.0,0
Male,47.0,501.092881352023,2,3.0,0
Male,32.0,501.092881352023,2,2.0,0
Female,35.0,355.039482692442,0,4.0,0
Male,29.0,696.072474952274,2,4.0,0
Male,41.0,869.407879864457,3,4.0,0
Female,27.0,513.59193499339,4,4.0,0
Female,26.0,501.092881352023,0,3.0,0
Female,34.0,501.092881352023,2,3.0,0
Female,23.0,496.955227640016,3,2.0,1
Male,54.0,511.141779951122,3,3.0,0
Male,30.0,134.662846309342,0,4.0,1
Female,21.0,201.383222144803,2,4.0,0
Male,38.0,142.138408677951,1,5.0,1
Female,30.0,501.092881352023,4,3.0,0
Female,47.0,470.951967395462,3,5.0,0
Male,40.0,220.328579551333,3,3.0,0
Male,36.0,420.763226812181,5,1.0,1
Female,28.0,645.213280364466,2,3.0,0
Male,37.0,303.078102904658,3,1.0,0
Male,44.0,887.839889167878,1,4.0,0
Male,36.0,496.22355244202,4,5.0,0
Female,26.0,602.946306312307,2,3.0,0
Female,46.0,547.958579944082,1,1.0,1
Male,45.0,916.901891893763,3,3.0,0
Male,31.0,887.238534862467,3,4.0,0
Female,34.0,720.14523451261,2,4.0,0
Female,49.0,501.092881352023,2,4.0,0
Male,24.0,177.270198898143,1,5.0,1
Female,41.0,569.505123091955,0,1.0,1
Female,29.0,128.049045606571,4,4.0,0
Female,53.0,263.171231666877,2,4.0,0
Male,36.0,498.294172349821,2,3.0,0
Female,48.0,368.23119120188,2,4.0,0
Female,27.0,509.474288407836,0,3.0,0
Female,23.0,934.736556314159,1,3.0,0
Female,33.0,207.220941212169,4,3.0,0
Male,38.0,445.71909807801,3,4.0,0
Male,30.0,413.452037571845,2,1.0,0
Male,43.0,842.873091983666,5,3.0,1
Female,33.0,636.763039671903,3,4.0,0
Female,14.0,687.032883726484,0,4.0,0
Male,41.0,1268.26679488794,2,4.0,0
Male,26.0,586.118049661872,1,4.0,0
Female,31.0,217.036073896791,0,4.0,0
Female,51.0,318.409136641009,1,4.0,0
Male,53.0,307.050070239674,0,5.0,0
Female,29.0,424.009248179608,0,1.0,0
Male,41.0,613.02590449875,0,5.0,0
Male,29.0,38.3243984332195,0,2.0,0
Female,32.0,126.874458732945,2,3.0,1
Male,29.0,771.04393575494,3,3.0,0
Female,18.0,423.889318954916,0,2.0,0
Male,36.0,542.510855235101,0,3.0,0
Male,38.0,816.855582431828,0,5.0,0
Female,28.0,215.654609894134,2,3.0,0
Male,46.0,524.014682822354,0,5.0,0
Female,31.0,603.407248235831,1,4.0,0
Male,29.0,449.627746976583,1,3.0,0
Male,40.0,501.092881352023,2,4.0,0
Male,20.0,393.404778407017,0,5.0,0
Male,44.0,538.080115091466,1,4.0,0
Female,31.0,635.098959594029,1,4.0,0
Female,41.0,83.8165531906618,1,4.0,1
Female,27.0,460.469470074084,1,3.0,0
Female,22.0,271.06092973412,2,1.0,0
Male,21.0,314.146476581669,1,4.0,0
Female,46.0,632.558374282862,2,3.0,0
Male,34.0,689.43545391905,1,2.0,1
Female,29.0,159.672068706281,1,2.0,1
Male,34.0,361.935963625113,2,5.0,0
Male,46.0,32.3861964597824,1,3.0,0
Male,43.0,334.770892552142,0,4.0,0
Male,41.0,344.621713686838,2,3.0,0
Female,37.0,725.333872678321,2,5.0,0
Female,38.0,792.011773348861,2,4.0,0
Male,37.0,932.807603508983,2,3.0,0
Female,35.0,891.76453906935,2,4.0,0
Male,43.0,729.653919233464,5,1.0,0
Male,39.0,501.092881352023,1,5.0,0
Male,26.0,758.549168470893,0,5.0,0
Male,40.0,346.532013715959,0,5.0,0
Male,37.0,139.583997425322,3,2.0,1
Male,41.0,425.073392348446,0,3.0,0
Female,34.0,790.034099252519,4,4.0,0
Male,43.0,117.866333714386,2,4.0,1
Female,34.0,500.535903157836,3,5.0,0
Male,42.0,595.247026160458,3,3.0,0
Female,31.0,765.592113404496,3,5.0,0
Male,41.0,775.974559616943,0,4.0,0
Female,32.0,427.12435514144,3,3.0,0
Male,57.0,333.073049375913,5,3.0,0
Male,41.0,49.0877205309042,2,3.0,0
Male,35.0,702.833954407877,3,3.0,0
Male,30.0,798.998969985248,1,5.0,0
Female,44.0,1194.9584828335,2,4.0,0
Male,44.0,139.458947770917,1,3.0,0
Male,48.0,404.36898121701,3,4.0,0
Male,31.0,629.364390246377,0,3.0,0
Male,23.0,544.58691576917,0,4.0,0
Male,29.0,459.257121661617,2,5.0,0
Female,32.0,503.69787431641,1,5.0,0
Male,52.0,180.745737909006,3,3.0,0
Male,57.0,301.427055395394,0,5.0,0
Female,38.0,491.413639789791,3,4.0,0
Female,35.0,79.2915823649987,1,3.0,0
Male,32.0,806.299508084123,2,3.0,0
Male,43.0,411.141294020406,4,5.0,0
Female,57.0,406.19206064534,1,1.0,1
Female,46.0,132.163570036058,2,3.0,1
Male,46.0,426.389501116065,2,3.0,0
Male,43.0,987.003324172452,0,4.0,0
Female,35.0,686.441056232884,2,3.0,0
Female,28.0,955.869638643633,3,4.0,0
Male,35.0,791.158743440303,2,3.0,0
Male,39.0,617.477816437095,0,3.0,0
Female,20.0,294.215565596089,2,3.0,0
Male,33.0,317.844110935711,3,5.0,0
Female,27.0,377.355754990091,0,3.0,0
Female,45.0,360.613824834416,5,4.0,1
Male,30.0,789.899110333389,1,4.0,0
Male,38.0,541.580886127826,1,5.0,0
Female,28.0,594.78131651338,3,4.0,0
Male,51.0,731.83017487765,1,2.0,1
Female,18.0,292.380581635351,1,4.0,0
Male,40.0,501.092881352023,1,4.0,0
Male,22.0,587.723913276084,0,4.0,0
Male,30.0,386.536660297087,0,4.0,0
Male,37.0,295.566075224495,2,4.0,0
Female,38.0,484.135275552978,2,5.0,0
Female,37.0,252.781119936006,1,3.0,0
Male,29.0,372.525720291503,4,3.0,0
Female,33.0,423.77948705818,2,4.0,0
Male,35.0,540.537053917046,1,1.0,0
Female,37.0,501.092881352023,3,5.0,0
Male,34.0,1139.69683454828,3,4.0,0
Female,42.0,501.092881352023,3,1.0,1
Male,36.0,314.425315671181,4,4.0,0
Male,37.0,869.802068760691,3,2.0,0
Male,31.0,544.554782919724,0,4.0,0
Female,24.0,668.182947186956,3,5.0,0
Female,37.0,415.946796151842,0,1.0,0
Female,47.0,571.611713018788,2,4.0,0
Male,39.0,698.13348826557,3,5.0,0
Male,27.0,697.913212625327,1,4.0,0
Female,43.0,545.081858375104,2,4.0,0
Male,42.0,12.8241742033887,1,5.0,1
Female,31.0,495.195837971988,2,4.0,0
Male,39.0,1058.36187188632,1,4.0,0
Female,30.0,250.089014370318,0,4.0,0
Male,30.0,261.56292219323,3,4.0,0
Male,19.0,153.696181685352,2,1.0,1
Female,40.0,606.305352061987,4,3.0,0
Male,39.0,492.039593779821,2,4.0,0
Male,38.0,644.115253255389,1,5.0,0
Male,27.0,498.991763034002,0,4.0,0
Female,45.0,704.353090247234,1,4.0,0
Female,45.0,293.648402248327,2,4.0,0
Female,27.0,578.2128608189,4,4.0,0
Female,40.0,726.641508279847,1,1.0,1
Male,44.0,638.865042652363,2,5.0,0
Female,32.0,1090.31125121436,4,3.0,0
Female,40.0,501.092881352023,5,4.0,0
Male,20.0,264.970750013681,3,4.0,0
Male,24.0,27.0380744341711,4,4.0,1
Female,25.0,756.574568353446,2,4.0,0
Female,17.0,30.3013491896247,1,4.0,1
Female,46.0,437.477139239362,2,2.0,1
Male,15.0,376.591815660472,2,5.0,0
Female,38.0,501.092881352023,3,4.0,0
Male,43.0,345.520200394243,1,2.0,0
Female,32.0,301.00047031923,0,4.0,0
Female,28.0,927.47424753569,2,4.0,0
Female,37.0,751.876027988576,3,4.0,0
Male,35.0,343.364071478609,1,3.0,0
Male,45.0,496.247418308908,1,5.0,0
Female,9.0,222.617250089248,1,4.0,0
Female,26.0,129.081187865231,2,5.0,0
Male,41.0,554.314404756306,1,3.0,0
Male,36.0,648.745054001864,1,3.0,0
Male,43.0,601.217480274695,2,2.0,1
Female,38.0,136.471620840506,0,3.0,1
Female,34.0,511.876715849667,2,3.0,0
Male,32.0,192.318123201309,4,2.0,1
Male,58.0,301.518379018322,0,4.0,0
Female,40.0,626.237699596761,1,1.0,1
Male,36.0,372.162452883122,0,3.0,0
Male,40.0,749.599764857581,5,4.0,1
Female,43.0,501.092881352023,4,4.0,0
Male,39.0,913.357668989539,3,4.0,0
Female,27.0,336.115372995371,1,5.0,0
Male,53.0,574.416028819528,4,4.0,0
Female,37.0,979.490072607646,2,4.0,0
Male,55.0,692.716578768803,3,2.0,1
Male,37.0,925.737930831472,0,4.0,0
Male,33.0,289.330315340666,3,3.0,0
Female,49.0,543.630828353438,0,1.0,0
Male,38.0,468.195159957626,1,4.0,0
Female,36.0,501.092881352023,1,5.0,0
Male,23.0,33.3007904910102,1,3.0,1
Female,30.0,277.48874237952,2,3.0,0
Female,31.0,733.511314472093,3,5.0,0
Female,30.0,643.905535638935,2,5.0,0
Male,39.0,872.123298148213,3,3.0,0
Male,20.0,787.020190215563,1,4.0,0
Male,33.0,265.80264092023,1,3.0,0
Male,45.0,582.882317556442,1,4.0,0
Male,23.0,262.737326181822,0,3.0,0
Male,37.0,513.493753722614,2,3.0,0
Male,29.0,425.877411723536,1,5.0,0
Male,31.0,423.651737032464,1,2.0,0
Female,52.0,222.172951331592,0,2.0,1
Female,18.0,619.60389144062,4,5.0,0
Female,43.0,728.09099231173,2,4.0,0
Female,30.0,505.78706241572,2,3.0,0
Female,30.0,703.659316411182,0,4.0,0
Female,24.0,575.047014190479,1,5.0,0
Male,43.0,592.267293097994,1,2.0,0
Female,33.0,701.601887313203,2,4.0,0
Female,32.0,771.605133945261,6,5.0,0
Female,33.0,536.897859699724,1,3.0,0
Female,15.0,710.289697680246,2,3.0,0
Male,30.0,980.635384104303,3,4.0,0
Female,24.0,673.777040740433,2,3.0,0
Female,31.0,617.877585810949,1,4.0,0
Male,28.0,644.164468330647,2,2.0,0
Male,35.0,631.354714299047,2,4.0,0
Female,24.0,602.630564876558,3,4.0,0
Female,31.0,534.401005255734,1,5.0,0
Female,35.0,501.092881352023,2,3.0,0
Male,41.0,568.799428627362,1,4.0,0
Male,47.0,433.627803019272,3,4.0,0
Female,32.0,415.499162293475,0,5.0,0
Male,54.0,769.219102784562,2,2.0,1
Female,33.0,501.092881352023,4,5.0,0
Female,43.0,360.992087550746,1,4.0,0
Male,54.0,344.832319065587,4,4.0,0
Female,36.0,344.86552965013,2,1.0,1
Female,21.0,55.1127509749136,3,4.0,1
Male,36.0,41.9847334813029,4,3.0,1
Male,29.0,305.452593443333,2,4.0,0
Male,32.0,501.092881352023,2,3.0,0
Female,55.0,842.003353185966,1,4.0,0
Female,23.0,559.881160012267,0,3.0,0
Female,38.0,68.8190929151779,0,3.0,0
Female,26.0,310.451907384512,1,4.0,0
Female,32.0,713.083251178691,2,4.0,0
Female,42.0,292.053792431183,2,4.0,0
Female,38.0,553.859588630431,2,1.0,0
Female,29.0,586.980940505676,0,4.0,0
Female,52.0,546.408899147604,1,5.0,0
Female,26.0,363.019261546794,3,3.0,0
Male,54.0,255.752425238224,1,4.0,0
Female,47.0,528.627886538649,1,5.0,0
Male,49.0,177.506199230992,2,4.0,1
Female,38.0,213.426896826788,1,4.0,0
Female,47.0,600.136061391725,1,4.0,0
Female,25.0,501.092881352023,2,4.0,0
Female,28.0,60.3844351512507,5,4.0,1
Female,43.0,414.976521232989,2,2.0,0
Male,38.0,1112.76897509568,5,3.0,1
Male,34.0,443.030166160025,3,3.0,0
Female,10.0,706.762226808591,2,3.0,0
Female,31.0,460.561741975016,3,4.0,0
Male,23.0,200.676111399024,3,2.0,0
Female,40.0,321.440916687235,1,4.0,0
Male,33.0,183.977452465273,5,4.0,1
Female,29.0,956.95972799177,1,4.0,0
Male,61.0,482.591468715789,3,3.0,0
Female,46.0,1.24344897225257,5,4.0,1
Male,57.0,813.630473885036,0,5.0,0
Female,43.0,823.24250697218,2,3.0,0
Female,27.0,640.050478941317,3,4.0,0
Male,26.0,118.109956222382,4,2.0,1
Female,45.0,213.900334268733,1,5.0,0
Male,14.0,71.7294409545576,0,5.0,1
Male,34.0,557.814911920335,6,1.0,1
Male,13.0,536.426387415902,2,4.0,0
Female,36.0,756.911923273509,3,3.0,0
Male,44.0,827.445485467545,2,4.0,0
Female,44.0,480.557776730046,3,3.0,0
Male,55.0,805.763521469937,1,2.0,1
Female,34.0,444.148232697634,1,3.0,0
Male,63.0,501.092881352023,4,2.0,1
Female,37.0,6.34597957585794,0,2.0,1
Male,44.0,400.272706908907,2,4.0,0
Male,29.0,744.311646571117,1,5.0,0
Female,51.0,615.495794047413,0,5.0,0
Male,45.0,432.643559755483,2,5.0,0
Male,50.0,358.731395735514,1,5.0,0
Female,36.0,36.2427957603885,2,5.0,1
Male,22.0,479.433793876422,1,5.0,0
Female,40.0,648.271633381541,2,4.0,0
Female,18.0,350.223651876147,2,4.0,0
Male,32.0,609.768963523093,0,5.0,0
Male,37.0,511.89123820221,2,5.0,0
Male,59.0,788.21973277158,2,2.0,1
Male,38.0,66.4067108073371,1,5.0,1
Male,36.0,690.82437358806,1,4.0,0
Female,34.0,472.52403313015,2,4.0,0
Male,22.0,413.297744456377,5,4.0,1
Male,36.0,216.640093587202,3,5.0,0
Female,36.0,446.82080965541,2,3.0,0
Female,25.0,557.481301249061,2,2.0,1
Male,23.0,100.179582228685,1,5.0,1
Female,30.0,651.005723619435,1,1.0,0
Female,36.0,583.727250719187,0,1.0,1
Female,30.0,195.522905889591,5,3.0,0
Male,24.0,395.354953541082,1,5.0,0
Male,38.0,90.6389639860292,2,5.0,0
Male,40.0,221.455827374213,5,4.0,0
Male,36.0,517.764019101737,0,5.0,0
Female,29.0,926.718866856453,3,1.0,1
Male,41.0,1117.42383949841,3,5.0,0
Female,33.0,365.752389392719,5,5.0,1
Male,45.0,109.532830896101,0,3.0,1
Female,39.0,534.647449398454,3,4.0,0
Male,34.0,298.680470900202,0,3.0,0
Male,19.0,387.438220190362,0,4.0,0
Female,28.0,382.152870960171,3,4.0,0
Male,55.0,501.092881352023,1,2.0,1
Male,20.0,501.092881352023,2,1.0,1
Male,32.0,578.447624185891,2,4.0,0
Female,38.0,401.26723916118,0,3.0,0
Female,20.0,164.775787524529,1,3.0,1
Female,37.0,196.178717688702,0,2.0,0
Male,18.0,451.434262665046,1,1.0,1
Male,36.0,40.3432917253208,2,3.0,1
Male,43.0,501.092881352023,1,4.0,0
Female,40.0,414.35021518521,4,4.0,0
Male,40.0,759.350373191565,4,5.0,0
Male,48.0,521.558710418537,2,4.0,0
Female,23.0,363.930158854912,3,5.0,0
Female,44.0,893.997945212464,2,4.0,0
Male,35.0,102.696571014436,3,2.0,0
Female,31.0,381.759015667517,2,4.0,0
Female,24.0,539.313782430603,1,4.0,0
Female,41.0,586.73114673638,1,3.0,0
Male,26.0,165.832193149082,5,5.0,1
Male,40.0,738.993826081394,5,4.0,1
Male,54.0,240.178636429994,1,5.0,0
Female,45.0,1221.3912648074,1,5.0,0
Female,49.0,468.251330838425,2,3.0,0
Male,28.0,501.092881352023,3,5.0,0
Male,43.0,658.717347363649,2,5.0,0
Male,24.0,576.530629515413,0,3.0,0
Male,33.0,799.215089350557,2,3.0,0
Female,52.0,364.677036343508,2,3.0,0
Female,29.0,246.632047871119,2,4.0,0
Male,46.0,373.483613456167,3,2.0,1
Female,45.0,138.821980161963,3,3.0,1
Female,46.0,1163.36401233698,3,1.0,0
Female,22.0,517.115456905284,4,2.0,1
Female,40.0,653.689433768152,2,4.0,0
Male,33.0,517.611769417498,3,5.0,0
Female,46.0,844.944937384833,5,4.0,0
Female,18.0,362.302183883006,3,5.0,0
Male,39.0,315.447174026966,1,5.0,0
Male,37.0,120.304492020942,0,3.0,1
Male,15.0,1201.75420756157,0,1.0,0
Male,26.0,332.045124456129,4,4.0,0
Female,17.0,501.092881352023,3,3.0,0
Male,28.0,501.092881352023,7,4.0,1
Male,37.0,740.882214456399,2,4.0,0
Female,25.0,527.746179874544,2,3.0,0
Female,46.0,501.092881352023,2,5.0,0
Female,35.0,482.746752586052,1,4.0,0
Female,35.0,788.377520358392,3,4.0,0
Female,44.0,930.188479866245,2,3.0,0
Male,25.0,498.857239078805,1,5.0,0
Male,37.0,570.380600043958,1,5.0,0
Female,39.0,283.596525464829,0,3.0,0
Female,30.0,651.140260876048,0,5.0,0
Female,42.0,689.76517958303,3,5.0,0
Male,40.0,77.9477778249075,5,4.0,1
Female,34.0,718.554548804681,0,5.0,0
Female,34.0,842.991079592347,4,4.0,0
Male,40.0,501.092881352023,1,3.0,0
Female,43.0,1345.62593837086,1,3.0,0
Female,36.0,268.43702818518,0,5.0,0
Female,46.0,349.112959294249,1,3.0,0
Male,42.0,914.861359446899,1,4.0,0
Male,17.0,180.768920923741,1,4.0,1
Female,21.0,811.797619992419,1,3.0,0
Male,47.0,811.272051954078,2,5.0,0
Female,33.0,640.007792249434,2,4.0,0
Female,37.0,645.538174458035,4,5.0,0
Male,46.0,521.636399763219,0,1.0,1
Female,35.0,439.017982520615,3,3.0,0
Male,35.0,558.210050231124,1,5.0,0
Male,26.0,431.587928540174,3,3.0,0
Male,39.0,104.726878856559,2,4.0,1
Female,41.0,144.964962099631,2,4.0,1
Male,29.0,454.448220370074,0,1.0,0
Female,26.0,309.13923452659,3,4.0,0
Male,61.0,539.84823813447,4,5.0,0
Male,34.0,679.95040041046,3,5.0,0
Male,28.0,225.107948961165,4,4.0,0
Female,42.0,330.279551419973,0,3.0,0
Male,34.0,932.734545546614,2,4.0,0
Female,24.0,116.690457590285,1,4.0,1
Female,40.0,873.464711154179,0,4.0,0
Male,26.0,374.531667303779,0,4.0,0
Male,51.0,407.129261252713,2,3.0,0
Female,40.0,143.402128571715,1,3.0,1
Female,32.0,878.913044519197,0,3.0,0
Male,36.0,748.677672849142,2,4.0,0
Female,44.0,275.152810970316,2,3.0,0
Male,37.0,266.240280229682,1,4.0,0
Male,56.0,129.535236574273,3,4.0,1
Male,46.0,692.453516170725,5,5.0,0
Male,40.0,559.862077393598,1,4.0,0
Female,26.0,68.1697832429594,2,3.0,1
Male,34.0,515.581734493373,4,2.0,0
Male,40.0,879.994019589332,2,3.0,0
Male,27.0,676.443347516839,1,2.0,1
Male,48.0,108.042851301648,0,4.0,0
Male,25.0,603.722281579723,3,4.0,0
Male,29.0,902.55140255784,2,4.0,0
Female,29.0,889.860637489815,2,3.0,0
Female,42.0,215.547009656761,2,4.0,0
Female,27.0,108.6408612325,5,4.0,0
Female,17.0,519.193536293746,1,4.0,0
Female,46.0,481.176124923287,1,3.0,0
Female,31.0,278.129378270779,3,2.0,1
Female,24.0,79.5791239340803,3,4.0,0
Male,27.0,803.07140473602,1,3.0,0
Female,52.0,188.090332030693,0,5.0,1
Male,28.0,104.809000558124,4,4.0,0
Male,34.0,937.453386758697,0,3.0,0
Female,31.0,308.510404013121,1,4.0,0
Male,23.0,501.092881352023,1,1.0,1
Male,28.0,100.578980327706,4,4.0,1
Male,22.0,698.994820320734,3,4.0,0
Male,45.0,513.412567118269,2,2.0,0
Male,36.0,912.751806635153,3,2.0,1
Female,60.0,501.092881352023,3,5.0,0
Female,28.0,305.922782941413,2,4.0,0
Female,26.0,88.4211491837356,3,3.0,1
Male,50.0,576.695162048974,1,5.0,0
Male,46.0,186.352362691048,3,4.0,1
Female,39.0,285.692403714445,1,5.0,0
Male,24.0,734.974636979215,2,3.0,0
Female,52.0,741.454918908791,2,1.0,0
Female,34.0,386.154873776869,1,3.0,0
Female,31.0,1144.83564886093,4,4.0,0
Female,35.0,501.092881352023,1,3.0,0
Female,23.0,390.792049668954,3,4.0,0
Female,35.0,47.5184276221936,0,5.0,0
Female,27.0,409.626743034624,1,4.0,0
Female,5.0,403.136105048712,2,4.0,0
Female,26.0,280.462571732535,2,5.0,0
Male,30.0,819.571174783984,3,4.0,0
Female,27.0,353.790811199195,1,4.0,0
Female,40.0,417.8605693843,1,3.0,0
Male,23.0,803.293977942504,1,5.0,0
Female,44.0,808.544310387631,2,2.0,0
Male,22.0,376.962722201419,3,4.0,0
Male,12.0,501.092881352023,3,4.0,0
Male,47.0,886.68174632993,2,1.0,0
Male,26.0,790.331410892922,0,5.0,0
Male,53.0,560.672511784992,4,3.0,0
Female,43.0,275.041899857799,1,5.0,0
Female,45.0,432.825890489941,3,1.0,0
Female,36.0,478.973340574358,0,5.0,0
Male,36.0,726.358703286936,3,4.0,0
Male,48.0,350.707414562112,3,4.0,0
Female,36.0,977.639071334012,4,4.0,0
Male,28.0,685.495127692833,2,4.0,0
Female,41.0,416.339710702152,3,2.0,1
Male,14.0,676.299386926171,1,5.0,0
Female,48.0,1099.87694154405,1,4.0,0
Female,48.0,571.660100545004,2,4.0,0
Male,47.0,684.373958721238,3,4.0,0
Male,34.0,524.148441111214,3,4.0,0
Male,34.0,608.091249754279,3,5.0,0
Male,23.0,126.920157922284,0,4.0,0
Male,52.0,324.616829542104,0,3.0,0
Female,30.0,419.315490939305,2,2.0,0
Female,38.0,501.092881352023,1,4.0,0
Male,38.0,405.422859814166,3,4.0,0
Female,22.0,880.998309998824,0,3.0,0
Male,35.0,928.453157993285,0,4.0,0
Male,34.0,615.422432341469,0,4.0,0
Male,46.0,811.364310108828,0,5.0,0
Male,37.0,923.084863906821,1,2.0,1
Male,43.0,28.5886044728554,1,4.0,1
Male,39.0,501.092881352023,0,4.0,0
Male,32.0,705.846149873908,2,3.0,0
Male,25.0,810.397498762685,1,1.0,0
Female,38.0,470.45571424307,1,1.0,1
Female,36.0,806.153666630401,1,4.0,0
Female,44.0,985.366859350034,2,4.0,0
Female,33.0,530.603219359602,2,4.0,0
Male,32.0,183.527124072926,3,4.0,1
Male,33.0,854.328573175307,0,3.0,0
Male,26.0,796.508523659116,1,3.0,0
Female,49.0,671.204810664611,2,4.0,0
Female,46.0,510.806940402673,3,3.0,0
Female,23.0,712.02961747963,2,4.0,0
Male,43.0,716.68827306298,4,5.0,0
Male,17.0,607.890041137688,0,3.0,0
Female,45.0,501.092881352023,1,4.0,0
Male,28.0,593.408520986606,4,4.0,0
Female,39.0,261.770151397478,4,2.0,1
Female,16.0,890.943768955645,0,5.0,0
Female,23.0,357.713025004395,2,2.0,1
Male,40.0,856.944933378044,1,3.0,0
Male,28.0,955.737308066452,0,5.0,0
Female,27.0,357.939681349035,1,5.0,0
Female,49.0,147.016130401686,1,4.0,1
Male,57.0,855.44355826407,0,5.0,0
Male,44.0,835.695276367549,2,3.0,0
Female,24.0,631.992393580457,1,4.0,0
Male,53.0,384.608742106272,0,3.0,0
Male,19.0,469.486876101135,1,4.0,0
Male,32.0,605.687049944032,2,4.0,0
Female,36.0,469.3519154989,2,4.0,0
Female,54.0,158.893798060147,1,2.0,1
Male,44.0,490.115583995428,2,4.0,0
Male,30.0,959.792323520991,3,1.0,1
Male,26.0,633.867837068527,2,1.0,0
Female,45.0,761.260961655994,3,4.0,0
Female,30.0,1037.3078547708,2,3.0,0
Male,37.0,1238.95870459996,3,5.0,0
Female,21.0,395.08879942965,4,2.0,1
Female,41.0,597.395598311067,0,4.0,0
Male,40.0,244.581088052141,0,4.0,0
Male,23.0,495.632856399703,4,5.0,0
Male,41.0,879.032808229461,5,3.0,1
Male,42.0,65.250743658711,2,4.0,0
Male,31.0,997.945234081935,5,4.0,1
Male,37.0,152.568827397665,0,4.0,1
Female,36.0,648.803744759849,6,4.0,1
Male,34.0,311.019883051163,1,4.0,0
Female,37.0,501.092881352023,3,3.0,0
Male,48.0,675.429973708219,1,4.0,0
Female,46.0,842.670914857589,2,3.0,0
Male,23.0,408.325457901287,1,2.0,1
Female,45.0,254.869647167769,3,4.0,0
Female,47.0,605.155837656714,0,4.0,0
Female,33.0,588.274296924736,2,4.0,0
Female,40.0,594.961294920696,2,4.0,0
Female,40.0,278.481107940973,1,4.0,0
Male,27.0,857.212240251426,0,5.0,0
Female,31.0,134.555364189738,4,4.0,1
Female,43.0,501.092881352023,4,3.0,0
Female,30.0,415.824507971985,5,4.0,0
Male,45.0,367.479233693783,5,5.0,1
Male,48.0,381.334648510251,4,4.0,0
Female,46.0,399.997412491808,0,5.0,0
Male,55.0,501.092881352023,0,4.0,0
Male,34.0,160.656584601271,6,4.0,1
Male,37.0,405.715118785058,0,4.0,0
Female,38.0,500.30129299266,2,4.0,0
Female,40.0,403.690486293338,3,4.0,0
Male,18.0,969.04571528262,1,5.0,0
Male,37.0,308.114565990892,3,3.0,0
Male,21.0,568.932854133055,1,5.0,0
Female,25.0,918.775344225452,1,4.0,0
Female,42.0,348.642357138224,3,4.0,0
Male,33.0,563.476652101026,4,3.0,0
Female,42.0,586.268966046166,0,5.0,0
Female,33.0,315.736817812325,3,3.0,0
Male,46.0,501.092881352023,4,4.0,0
Male,33.0,799.616563756555,2,4.0,0
Male,15.0,599.809665575108,3,5.0,0
Male,37.0,679.549233884977,3,4.0,0
Female,13.0,167.94569807639,1,5.0,0
Female,20.0,300.68930075762,1,3.0,0
Female,26.0,942.296993121015,3,3.0,0
Female,25.0,551.822392473525,0,2.0,1
Female,30.0,904.956153775501,2,4.0,0
Female,25.0,921.295430454585,0,4.0,0
Male,21.0,119.922070987623,0,3.0,0
Female,50.0,313.927672770467,4,3.0,0
Male,28.0,418.470041964592,2,2.0,1
Male,13.0,40.7513556243071,4,3.0,1
Female,31.0,747.12316489422,2,3.0,0
Female,24.0,60.0730131854464,3,4.0,0
Male,26.0,468.173940900437,3,4.0,0
Male,42.0,501.092881352023,3,4.0,0
Female,31.0,625.01123266639,5,3.0,1
Male,23.0,841.540214482935,1,4.0,0
